Country,Year,Crop,Yield,Pesticide_Usage,Avg_temperature,Average_rainfall_mm_per_year,climate_factor,yield_lag,rolling_avg_yield,pesticide_effectiveness
Australia,1991,Maize,39938,17866.0,16.606666666666666,534.0,8867.96,41821.0,40879.5,2.235294117647059
Australia,1992,Maize,51721,22234.0,15.905000000000001,534.0,8493.27,39938.0,44493.333333333336,2.3261074881942885
Australia,1993,Maize,44261,23899.0,16.333333333333332,534.0,8722.0,51721.0,44435.25,1.8519246861924685
Australia,1994,Maize,46620,21057.0,16.278333333333332,534.0,8692.63,44261.0,44872.2,2.213885459207902
Australia,1995,Maize,48263,25598.0,16.103333333333335,534.0,8599.18,46620.0,46160.6,1.8853470838704638
Australia,1996,Maize,57689,31185.0,16.116666666666667,534.0,8606.300000000001,48263.0,49710.8,1.8498364650804848
Australia,1997,Maize,59403,34091.0,16.525000000000002,534.0,8824.35,57689.0,51247.2,1.7424322421682505
Australia,1998,Maize,47544,37215.0,16.653333333333332,534.0,8892.88,59403.0,51903.8,1.2775150472914876
Australia,1999,Maize,51212,34200.0,16.608333333333334,534.0,8868.85,47544.0,52822.2,1.4973831174527061
Australia,2000,Maize,49360,33475.0,16.669999999999998,534.0,8901.779999999999,51212.0,53041.6,1.47448918628271
Australia,2001,Maize,46471,32710.0,16.591666666666665,534.0,8859.949999999999,49360.0,50798.0,1.4206536027635963
Australia,2002,Maize,54929,26651.0,16.676666666666666,534.0,8905.34,46471.0,49903.2,2.060971034068738
Australia,2004,Maize,56326,36276.0,16.648333333333333,534.0,8890.210000000001,54929.0,51659.6,1.5526642225101304
Australia,2005,Maize,57983,34310.0,16.798333333333336,534.0,8970.310000000001,56326.0,53013.8,1.6899245140042551
Australia,2006,Maize,53856,35900.0,16.69333333333333,534.0,8914.24,57983.0,53913.0,1.5001253446979192
Australia,2007,Maize,49103,32446.25,17.08,534.0,9120.72,53856.0,54439.4,1.5133177696106759
Australia,2008,Maize,56912,42935.38,16.45,534.0,8784.3,49103.0,54836.0,1.325496001293076
Australia,2009,Maize,58171,38065.68,17.125,534.0,9144.75,56912.0,55205.0,1.5281343158899068
Australia,2010,Maize,55593,42169.39,16.79,534.0,8965.859999999999,58171.0,54727.0,1.318294661254022
Australia,2011,Maize,57390,47632.99,16.805,534.0,8973.869999999999,55593.0,55433.8,1.2048119420607009
Australia,2012,Maize,64654,48687.88,16.666666666666668,534.0,8900.0,57390.0,58544.0,1.3279007444821076
Australia,2013,Maize,64441,45177.18,17.088333333333335,534.0,9125.17,64654.0,60049.8,1.4263744134889895
Australia,1990,Potatoes,289832,17866.0,16.441666666666666,534.0,8779.85,64441.0,106382.0,16.22163765601388
Australia,1991,Potatoes,285359,17866.0,16.606666666666666,534.0,8867.96,289832.0,152335.2,15.971287849107293
Australia,1992,Potatoes,289220,22234.0,15.905000000000001,534.0,8493.27,285359.0,198701.2,13.00742073307848
Australia,1993,Potatoes,290981,23899.0,16.333333333333332,534.0,8722.0,289220.0,243966.6,12.174937238493724
Australia,1994,Potatoes,294270,21057.0,16.278333333333332,534.0,8692.63,290981.0,289932.4,13.974261563301358
Australia,1995,Potatoes,298183,25598.0,16.103333333333335,534.0,8599.18,294270.0,291602.6,11.648228446423689
Australia,1996,Potatoes,312853,31185.0,16.116666666666667,534.0,8606.300000000001,298183.0,297101.4,10.031841210799717
Australia,1997,Potatoes,313056,34091.0,16.525000000000002,534.0,8824.35,312853.0,301868.6,9.182682154171067
Australia,1998,Potatoes,322292,37215.0,16.653333333333332,534.0,8892.88,313056.0,308130.8,8.660038693035254
Australia,1999,Potatoes,321265,34200.0,16.608333333333334,534.0,8868.85,322292.0,313529.8,9.393438788339521
Australia,2000,Potatoes,284527,33475.0,16.669999999999998,534.0,8901.779999999999,321265.0,310798.6,8.499432429203011
Australia,2001,Potatoes,328633,32710.0,16.591666666666665,534.0,8859.949999999999,284527.0,313954.6,10.046559261410534
Australia,2002,Potatoes,351358,26651.0,16.676666666666666,534.0,8905.34,328633.0,321615.0,13.183175746660662
Australia,2004,Potatoes,362787,36276.0,16.648333333333333,534.0,8890.210000000001,351358.0,329714.0,10.000468616478761
Australia,2005,Potatoes,344117,34310.0,16.798333333333336,534.0,8970.310000000001,362787.0,334284.4,10.029349188306957
Australia,2006,Potatoes,354317,35900.0,16.69333333333333,534.0,8914.24,344117.0,348242.4,9.869279407258851
Australia,2007,Potatoes,355463,32446.25,17.08,534.0,9120.72,354317.0,353608.4,10.955104053502223
Australia,2008,Potatoes,381224,42935.38,16.45,534.0,8784.3,355463.0,359581.6,8.878810929100219
Australia,2009,Potatoes,361747,38065.68,17.125,534.0,9144.75,381224.0,359373.6,9.502982660951782
Australia,2010,Potatoes,351334,42169.39,16.79,534.0,8965.859999999999,361747.0,360817.0,8.33129596382675
Australia,2011,Potatoes,350887,47632.99,16.805,534.0,8973.869999999999,351334.0,360131.0,7.366315523851771
Australia,2012,Potatoes,382592,48687.88,16.666666666666668,534.0,8900.0,350887.0,365556.8,7.8578928083784225
Australia,2013,Potatoes,385434,45177.18,17.088333333333335,534.0,9125.17,382592.0,366398.8,8.531419371032653
Australia,1990,"Rice, paddy",88000,17866.0,16.441666666666666,534.0,8779.85,385434.0,311649.4,4.925281244752896
Australia,1991,"Rice, paddy",88427,17866.0,16.606666666666666,534.0,8867.96,88000.0,259068.0,4.949180052610958
Australia,1992,"Rice, paddy",88346,22234.0,15.905000000000001,534.0,8493.27,88427.0,206559.8,3.9732853609174725
Australia,1993,"Rice, paddy",76400,23899.0,16.333333333333332,534.0,8722.0,88346.0,145321.4,3.196652719665272
Australia,1994,"Rice, paddy",81537,21057.0,16.278333333333332,534.0,8692.63,76400.0,84542.0,3.8720201348656094
Australia,1995,"Rice, paddy",88003,25598.0,16.103333333333335,534.0,8599.18,81537.0,84542.6,3.437751474666979
Australia,1996,"Rice, paddy",63540,31185.0,16.116666666666667,534.0,8606.300000000001,88003.0,79565.2,2.037452703136023
Australia,1997,"Rice, paddy",83263,34091.0,16.525000000000002,534.0,8824.35,63540.0,78548.6,2.442303179631585
Australia,1998,"Rice, paddy",94256,37215.0,16.653333333333332,534.0,8892.88,83263.0,82119.8,2.5326741186586412
Australia,1999,"Rice, paddy",91615,34200.0,16.608333333333334,534.0,8868.85,94256.0,84135.4,2.678722844361276
Australia,2000,"Rice, paddy",82573,33475.0,16.669999999999998,534.0,8901.779999999999,91615.0,83049.4,2.4666328115664955
Australia,2001,"Rice, paddy",93071,32710.0,16.591666666666665,534.0,8859.949999999999,82573.0,88955.6,2.8452508330531012
Australia,2002,"Rice, paddy",82580,26651.0,16.676666666666666,534.0,8905.34,93071.0,88819.0,3.09845414978238
Australia,2004,"Rice, paddy",83305,36276.0,16.648333333333333,534.0,8890.210000000001,82580.0,86628.8,2.2963585743032775
Australia,2005,"Rice, paddy",66168,34310.0,16.798333333333336,534.0,8970.310000000001,83305.0,81539.4,1.9284777476611
Australia,2006,"Rice, paddy",98176,35900.0,16.69333333333333,534.0,8914.24,66168.0,84660.0,2.7346313473162307
Australia,2007,"Rice, paddy",82609,32446.25,17.08,534.0,9120.72,98176.0,82567.6,2.545947653499141
Australia,2008,"Rice, paddy",75988,42935.38,16.45,534.0,8784.3,82609.0,81249.2,1.7697812437844085
Australia,2009,"Rice, paddy",84609,38065.68,17.125,534.0,9144.75,75988.0,81510.0,2.222652461417702
Australia,2010,"Rice, paddy",103895,42169.39,16.79,534.0,8965.859999999999,84609.0,89055.4,2.463695498191978
Australia,2011,"Rice, paddy",95441,47632.99,16.805,534.0,8973.869999999999,103895.0,88508.4,2.0036322802267876
Australia,2012,"Rice, paddy",89098,48687.88,16.666666666666668,534.0,8900.0,95441.0,89806.2,1.8299455645724445
Australia,2013,"Rice, paddy",102177,45177.18,17.088333333333335,534.0,9125.17,89098.0,95044.0,2.2616448914055414
Australia,1990,Sorghum,24883,17866.0,16.441666666666666,534.0,8779.85,102177.0,83098.8,1.3926792410589355
Australia,1991,Sorghum,19865,17866.0,16.606666666666666,534.0,8867.96,24883.0,66292.8,1.1118262718979124
Australia,1992,Sorghum,25431,22234.0,15.905000000000001,534.0,8493.27,19865.0,52290.8,1.1437373510231617
Australia,1993,Sorghum,12834,23899.0,16.333333333333332,534.0,8722.0,25431.0,37038.0,0.5369874476987447
Australia,1994,Sorghum,21697,21057.0,16.278333333333332,534.0,8692.63,12834.0,20942.0,1.030344762085668
Australia,1995,Sorghum,18555,25598.0,16.103333333333335,534.0,8599.18,21697.0,19676.4,0.7248330012891129
Australia,1996,Sorghum,20677,31185.0,16.116666666666667,534.0,8606.300000000001,18555.0,19838.8,0.6630218687872763
Australia,1997,Sorghum,26195,34091.0,16.525000000000002,534.0,8824.35,20677.0,19991.6,0.7683620790801361
Australia,1998,Sorghum,21321,37215.0,16.653333333333332,534.0,8892.88,26195.0,21689.0,0.5728987532244196
Australia,1999,Sorghum,32215,34200.0,16.608333333333334,534.0,8868.85,21321.0,23792.6,0.9419315224701033
Australia,2000,Sorghum,34003,33475.0,16.669999999999998,534.0,8901.779999999999,32215.0,26882.2,1.0157426215796392
Australia,2001,Sorghum,25539,32710.0,16.591666666666665,534.0,8859.949999999999,34003.0,27854.6,0.7807465378618813
Australia,2002,Sorghum,24561,26651.0,16.676666666666666,534.0,8905.34,25539.0,27527.8,0.9215443493921657
Australia,2004,Sorghum,27367,36276.0,16.648333333333333,534.0,8890.210000000001,24561.0,28737.0,0.7543898337789784
Australia,2005,Sorghum,26629,34310.0,16.798333333333336,534.0,8970.310000000001,27367.0,27619.8,0.7761067879105826
Australia,2006,Sorghum,25205,35900.0,16.69333333333333,534.0,8914.24,26629.0,25860.2,0.7020695802345338
Australia,2007,Sorghum,20918,32446.25,17.08,534.0,9120.72,25205.0,24936.0,0.644677129802988
Australia,2008,Sorghum,40252,42935.38,16.45,534.0,8784.3,20918.0,28074.2,0.9374800577039798
Australia,2009,Sorghum,35096,38065.68,17.125,534.0,9144.75,40252.0,29620.0,0.9219611481747292
Australia,2010,Sorghum,30279,42169.39,16.79,534.0,8965.859999999999,35096.0,30350.0,0.7180156503176756
Australia,2011,Sorghum,30558,47632.99,16.805,534.0,8973.869999999999,30279.0,31420.6,0.6415166984751856
Australia,2012,Sorghum,33960,48687.88,16.666666666666668,534.0,8900.0,30558.0,34029.0,0.6974898580538308
Australia,2013,Sorghum,34419,45177.18,17.088333333333335,534.0,9125.17,33960.0,32862.4,0.7618500789540438
Australia,1990,Soybeans,15718,17866.0,16.441666666666666,534.0,8779.85,34419.0,28986.8,0.8797223932389321
Australia,1991,Soybeans,15551,17866.0,16.606666666666666,534.0,8867.96,15718.0,26041.2,0.8703755526949124
Australia,1992,Soybeans,21141,22234.0,15.905000000000001,534.0,8493.27,15551.0,24157.8,0.950798290982685
Australia,1993,Soybeans,16168,23899.0,16.333333333333332,534.0,8722.0,21141.0,20599.4,0.6764853556485355
Australia,1994,Soybeans,19999,21057.0,16.278333333333332,534.0,8692.63,16168.0,17715.4,0.9497103238674138
Australia,1995,Soybeans,15318,25598.0,16.103333333333335,534.0,8599.18,19999.0,17635.4,0.5983827493261455
Australia,1996,Soybeans,18740,31185.0,16.116666666666667,534.0,8606.300000000001,15318.0,18273.2,0.6009106650420061
Australia,1997,Soybeans,18974,34091.0,16.525000000000002,534.0,8824.35,18740.0,17839.8,0.5565528569752435
Australia,1998,Soybeans,17035,37215.0,16.653333333333332,534.0,8892.88,18974.0,18013.2,0.45773323301805674
Australia,1999,Soybeans,22667,34200.0,16.608333333333334,534.0,8868.85,17035.0,18546.8,0.6627583988772258
Australia,2000,Soybeans,18714,33475.0,16.669999999999998,534.0,8901.779999999999,22667.0,19226.0,0.5590273628868443
Australia,2001,Soybeans,14626,32710.0,16.591666666666665,534.0,8859.949999999999,18714.0,18403.2,0.4471278774724099
Australia,2002,Soybeans,19487,26651.0,16.676666666666666,534.0,8905.34,14626.0,18505.8,0.7311646405523038
Australia,2004,Soybeans,22136,36276.0,16.648333333333333,534.0,8890.210000000001,19487.0,19526.0,0.6101937866968051
Australia,2005,Soybeans,16810,34310.0,16.798333333333336,534.0,8970.310000000001,22136.0,18354.6,0.48993034303867566
Australia,2006,Soybeans,20993,35900.0,16.69333333333333,534.0,8914.24,16810.0,18810.4,0.5847469429820896
Australia,2007,Soybeans,19730,32446.25,17.08,534.0,9120.72,20993.0,19831.2,0.6080638574917752
Australia,2008,Soybeans,23289,42935.38,16.45,534.0,8784.3,19730.0,20591.6,0.5424071614793795
Australia,2009,Soybeans,18926,38065.68,17.125,534.0,9144.75,23289.0,19949.6,0.49718021114528504
Australia,2010,Soybeans,19042,42169.39,16.79,534.0,8965.859999999999,18926.0,20396.0,0.45154906084577356
Australia,2011,Soybeans,17136,47632.99,16.805,534.0,8973.869999999999,19042.0,19624.6,0.3597431162075652
Australia,2012,Soybeans,22598,48687.88,16.666666666666668,534.0,8900.0,17136.0,20198.2,0.4641306187367629
Australia,2013,Soybeans,22336,45177.18,17.088333333333335,534.0,9125.17,22598.0,20007.6,0.49439795936888115
Australia,1990,Sweet potatoes,137140,17866.0,16.441666666666666,534.0,8779.85,22336.0,43650.4,7.675603067106957
Australia,1991,Sweet potatoes,151142,17866.0,16.606666666666666,534.0,8867.96,137140.0,70070.4,8.459282476073207
Australia,1992,Sweet potatoes,127548,22234.0,15.905000000000001,534.0,8493.27,151142.0,92152.8,5.736361592084552
Australia,1993,Sweet potatoes,132702,23899.0,16.333333333333332,534.0,8722.0,127548.0,114173.6,5.552384937238494
Australia,1994,Sweet potatoes,140961,21057.0,16.278333333333332,534.0,8692.63,132702.0,137898.6,6.693940545160984
Australia,1995,Sweet potatoes,155252,25598.0,16.103333333333335,534.0,8599.18,140961.0,141521.0,6.064768155006055
Australia,1996,Sweet potatoes,172474,31185.0,16.116666666666667,534.0,8606.300000000001,155252.0,145787.4,5.5304944526390045
Australia,1997,Sweet potatoes,244444,34091.0,16.525000000000002,534.0,8824.35,172474.0,169166.6,7.170127889240877
Australia,1998,Sweet potatoes,276923,37215.0,16.653333333333332,534.0,8892.88,244444.0,198010.8,7.440966251074807
Australia,1999,Sweet potatoes,275000,34200.0,16.608333333333334,534.0,8868.85,276923.0,224818.6,8.040700564310985
Australia,2000,Sweet potatoes,317647,33475.0,16.669999999999998,534.0,8901.779999999999,275000.0,257297.6,9.488797944796271
Australia,2001,Sweet potatoes,333333,32710.0,16.591666666666665,534.0,8859.949999999999,317647.0,289469.4,10.190241814680077
Australia,2002,Sweet potatoes,347368,26651.0,16.676666666666666,534.0,8905.34,333333.0,310054.2,13.033468407624193
Australia,2004,Sweet potatoes,333333,36276.0,16.648333333333333,534.0,8890.210000000001,347368.0,321336.2,9.188549218513108
Australia,2005,Sweet potatoes,336000,34310.0,16.798333333333336,534.0,8970.310000000001,333333.0,333536.2,9.792777826353065
Australia,2006,Sweet potatoes,278748,35900.0,16.69333333333333,534.0,8914.24,336000.0,325756.4,7.764351967911757
Australia,2007,Sweet potatoes,346237,32446.25,17.08,534.0,9120.72,278748.0,328337.2,10.670765627287366
Australia,2008,Sweet potatoes,266530,42935.38,16.45,534.0,8784.3,346237.0,312169.6,6.207556389243807
Australia,2009,Sweet potatoes,250797,38065.68,17.125,534.0,9144.75,266530.0,295662.4,6.5883602142346005
Australia,2010,Sweet potatoes,305974,42169.39,16.79,534.0,8965.859999999999,250797.0,289657.2,7.255659717636
Australia,2011,Sweet potatoes,319252,47632.99,16.805,534.0,8973.869999999999,305974.0,297758.0,6.70218892013875
Australia,2012,Sweet potatoes,331853,48687.88,16.666666666666668,534.0,8900.0,319252.0,294881.2,6.815786273991105
Australia,2013,Sweet potatoes,344391,45177.18,17.088333333333335,534.0,9125.17,331853.0,310453.4,7.622949839944858
Australia,1990,Wheat,16344,17866.0,16.441666666666666,534.0,8779.85,344391.0,263562.8,0.9147590530027425
Australia,1991,Wheat,14698,17866.0,16.606666666666666,534.0,8867.96,16344.0,205307.6,0.8226339060838417
Australia,1992,Wheat,17812,22234.0,15.905000000000001,534.0,8493.27,14698.0,145019.6,0.8010793793568698
Australia,1993,Wheat,19658,23899.0,16.333333333333332,534.0,8722.0,17812.0,82580.6,0.822510460251046
Australia,1994,Wheat,11356,21057.0,16.278333333333332,534.0,8692.63,19658.0,15973.6,0.5392724855161933
Australia,1995,Wheat,17899,25598.0,16.103333333333335,534.0,8599.18,11356.0,16284.6,0.6992070002734482
Australia,1996,Wheat,21673,31185.0,16.116666666666667,534.0,8606.300000000001,17899.0,17679.6,0.6949592765984737
Australia,1997,Wheat,18412,34091.0,16.525000000000002,534.0,8824.35,21673.0,17799.6,0.5400680511556963
Australia,1998,Wheat,19153,37215.0,16.653333333333332,534.0,8892.88,18412.0,17698.6,0.5146442390369733
Australia,1999,Wheat,20066,34200.0,16.608333333333334,534.0,8868.85,19153.0,19440.6,0.5867079909944154
Australia,2000,Wheat,18209,33475.0,16.669999999999998,534.0,8901.779999999999,20066.0,19502.6,0.5439419285458239
Australia,2001,Wheat,18209,32710.0,16.591666666666665,534.0,8859.949999999999,18209.0,18809.8,0.5566628962734248
Australia,2002,Wheat,21076,26651.0,16.676666666666666,534.0,8905.34,18209.0,19342.6,0.7907849317124418
Australia,2004,Wheat,19998,36276.0,16.648333333333333,534.0,8890.210000000001,21076.0,19511.6,0.5512583730738484
Australia,2005,Wheat,16348,34310.0,16.798333333333336,534.0,8970.310000000001,19998.0,18768.0,0.47646527352744017
Australia,2006,Wheat,20213,35900.0,16.69333333333333,534.0,8914.24,16348.0,19168.8,0.5630205286760814
Australia,2007,Wheat,9173,32446.25,17.08,534.0,9120.72,20213.0,17361.6,0.282705005817134
Australia,2008,Wheat,10788,42935.38,16.45,534.0,8784.3,9173.0,15304.0,0.2512554621512107
Australia,2009,Wheat,15831,38065.68,17.125,534.0,9144.75,10788.0,14470.6,0.41587551107687876
Australia,2010,Wheat,15729,42169.39,16.79,534.0,8965.859999999999,15831.0,14346.8,0.37298682796151517
Australia,2011,Wheat,20301,47632.99,16.805,534.0,8973.869999999999,15729.0,14364.4,0.426187266697583
Australia,2012,Wheat,21511,48687.88,16.666666666666668,534.0,8900.0,20301.0,16832.0,0.4418051924792684
Australia,2013,Wheat,17609,45177.18,17.088333333333335,534.0,9125.17,21511.0,18196.2,0.3897678038380475
Brazil,1991,Cassava,126164,58349.44,22.375454545454545,1761.0,39403.17545454545,125529.0,125846.5,2.1621773546180627
Brazil,1992,Cassava,120019,67003.89,22.355454545454545,1761.0,39367.95545454545,126164.0,123904.0,1.7911976275164394
Brazil,1993,Cassava,120628,75658.33,22.605454545454545,1761.0,39808.20545454545,120019.0,123085.0,1.594357232610968
Brazil,1994,Cassava,132173,84312.78,22.731818181818184,1761.0,40030.73181818182,120628.0,124902.6,1.5676322423214806
Brazil,1995,Cassava,130631,92967.22,22.731818181818184,1761.0,40030.73181818182,132173.0,125923.0,1.4051145649556376
Brazil,1996,Cassava,117588,101621.67,22.413636363636364,1761.0,39470.413636363635,130631.0,124207.8,1.1571040201954939
Brazil,1997,Cassava,128200,110276.11,22.78,1761.0,40115.58,117588.0,125844.0,1.1625259312653369
Brazil,1998,Cassava,123522,118930.56,22.95,1761.0,40414.95,128200.0,126422.8,1.038597324377146
Brazil,1999,Cassava,132795,127585.0,22.262727272727272,1761.0,39204.66272727273,123522.0,126547.2,1.0408273635038328
Brazil,2000,Cassava,134815,140423.0,22.430909090909093,1761.0,39500.83090909092,132795.0,127384.0,0.9600566854668717
Brazil,2001,Cassava,135418,151523.0,22.96,1761.0,40432.560000000005,134815.0,130950.0,0.89370660753412
Brazil,2002,Cassava,137949,145552.0,23.14909090909091,1761.0,40765.54909090909,135418.0,132899.8,0.9477578613975666
Brazil,2004,Cassava,136343,214725.0,22.42818181818182,1761.0,39496.02818181818,137949.0,135464.0,0.6349626966459581
Brazil,2005,Cassava,136059,232232.0,22.965454545454545,1761.0,40442.16545454545,136343.0,136116.8,0.5858728087739469
Brazil,2006,Cassava,140463,238716.0,22.786363636363635,1761.0,40126.78636363636,136059.0,137246.4,0.5884080312671489
Brazil,2007,Cassava,140099,304031.0,22.893636363636364,1761.0,40315.69363636364,140463.0,138182.6,0.4608034680559941
Brazil,2008,Cassava,141371,312637.0,22.463636363636365,1761.0,39558.46363636364,140099.0,138867.0,0.45218751399382034
Brazil,2009,Cassava,138613,335742.0,22.86090909090909,1761.0,40258.060909090906,141371.0,139321.0,0.4128544750002234
Brazil,2010,Cassava,139499,342580.0,22.88181818181818,1761.0,40294.88181818181,138613.0,140009.0,0.40720004903949725
Brazil,2011,Cassava,146230,345026.0,22.48909090909091,1761.0,39603.28909090909,139499.0,141162.4,0.42382190379303647
Brazil,2012,Cassava,136118,346583.0,23.062727272727273,1761.0,40613.46272727273,146230.0,140366.2,0.3927417307204026
Brazil,2013,Cassava,140795,367778.0,22.478181818181817,1761.0,39584.07818181818,136118.0,140251.0,0.3828250117597797
Brazil,1990,Maize,18735,49695.0,22.44363636363636,1761.0,39523.24363636363,140795.0,116275.4,0.3769921120412106
Brazil,1991,Maize,18084,58349.44,22.375454545454545,1761.0,39403.17545454545,18735.0,91992.4,0.30992054215872233
Brazil,1992,Maize,22828,67003.89,22.355454545454545,1761.0,39367.95545454545,18084.0,67312.0,0.34069155251206296
Brazil,1993,Maize,25321,75658.33,22.605454545454545,1761.0,39808.20545454545,22828.0,45152.6,0.33467121635890773
Brazil,1994,Maize,23629,84312.78,22.731818181818184,1761.0,40030.73181818182,25321.0,21719.4,0.28025074904719016
Brazil,1995,Maize,26005,92967.22,22.731818181818184,1761.0,40030.73181818182,23629.0,23173.4,0.2797192416935594
Brazil,1996,Maize,24761,101621.67,22.413636363636364,1761.0,39470.413636363635,26005.0,24508.8,0.24365626291850037
Brazil,1997,Maize,26228,110276.11,22.78,1761.0,40115.58,24761.0,25188.8,0.23783720846511122
Brazil,1998,Maize,27964,118930.56,22.95,1761.0,40414.95,26228.0,25717.4,0.23512682420040568
Brazil,1999,Maize,27765,127585.0,22.262727272727272,1761.0,39204.66272727273,27964.0,26544.6,0.21761792046149264
Brazil,2000,Maize,27182,140423.0,22.430909090909093,1761.0,39500.83090909092,27765.0,26780.0,0.19357089956132856
Brazil,2001,Maize,34019,151523.0,22.96,1761.0,40432.560000000005,27182.0,28631.6,0.22451228848235263
Brazil,2002,Maize,30559,145552.0,23.14909090909091,1761.0,40765.54909090909,34019.0,29497.8,0.2099510144071232
Brazil,2004,Maize,33671,214725.0,22.42818181818182,1761.0,39496.02818181818,30559.0,30639.2,0.15680914281456368
Brazil,2005,Maize,30403,232232.0,22.965454545454545,1761.0,40442.16545454545,33671.0,31166.8,0.13091593356671963
Brazil,2006,Maize,33823,238716.0,22.786363636363635,1761.0,40126.78636363636,30403.0,32495.0,0.14168659961376862
Brazil,2007,Maize,37852,304031.0,22.893636363636364,1761.0,40315.69363636364,33823.0,33261.6,0.12450005262603936
Brazil,2008,Maize,40800,312637.0,22.463636363636365,1761.0,39558.46363636364,37852.0,35309.8,0.1305023701533403
Brazil,2009,Maize,37145,335742.0,22.86090909090909,1761.0,40258.060909090906,40800.0,36004.6,0.11063521800901284
Brazil,2010,Maize,43667,342580.0,22.88181818181818,1761.0,40294.88181818181,37145.0,38657.4,0.12746474556382287
Brazil,2011,Maize,42107,345026.0,22.48909090909091,1761.0,39603.28909090909,43667.0,40314.2,0.12203972442736366
Brazil,2012,Maize,50057,346583.0,23.062727272727273,1761.0,40613.46272727273,42107.0,42755.2,0.14442963322022945
Brazil,2013,Maize,52536,367778.0,22.478181818181817,1761.0,39584.07818181818,50057.0,45102.4,0.14284665519238457
Brazil,1990,Potatoes,141084,49695.0,22.44363636363636,1761.0,39523.24363636363,52536.0,65890.2,2.8389407598197036
Brazil,1991,Potatoes,140264,58349.44,22.375454545454545,1761.0,39403.17545454545,141084.0,85209.6,2.4038207766728066
Brazil,1992,Potatoes,140432,67003.89,22.355454545454545,1761.0,39367.95545454545,140264.0,104874.6,2.095847034447784
Brazil,1993,Potatoes,146090,75658.33,22.605454545454545,1761.0,39808.20545454545,140432.0,124081.2,1.9308920657901676
Brazil,1994,Potatoes,144802,84312.78,22.731818181818184,1761.0,40030.73181818182,146090.0,142534.4,1.7174179594367611
Brazil,1995,Potatoes,152304,92967.22,22.731818181818184,1761.0,40030.73181818182,144802.0,144778.4,1.6382372384885933
Brazil,1996,Potatoes,146506,101621.67,22.413636363636364,1761.0,39470.413636363635,152304.0,146026.8,1.4416665100415094
Brazil,1997,Potatoes,152748,110276.11,22.78,1761.0,40115.58,146506.0,148490.0,1.3851287905531802
Brazil,1998,Potatoes,156439,118930.56,22.95,1761.0,40414.95,152748.0,150559.8,1.3153699489017046
Brazil,1999,Potatoes,164604,127585.0,22.262727272727272,1761.0,39204.66272727273,156439.0,154520.2,1.2901415515808945
Brazil,2000,Potatoes,171813,140423.0,22.430909090909093,1761.0,39500.83090909092,164604.0,158422.0,1.2235301657836268
Brazil,2001,Potatoes,184997,151523.0,22.96,1761.0,40432.560000000005,171813.0,166120.2,1.220908898920303
Brazil,2002,Potatoes,194038,145552.0,23.14909090909091,1761.0,40765.54909090909,184997.0,174378.2,1.3331089019120184
Brazil,2004,Potatoes,213525,214725.0,22.42818181818182,1761.0,39496.02818181818,194038.0,185795.4,0.9944068254426571
Brazil,2005,Potatoes,220095,232232.0,22.965454545454545,1761.0,40442.16545454545,213525.0,196893.6,0.9477335262430404
Brazil,2006,Potatoes,223802,238716.0,22.786363636363635,1761.0,40126.78636363636,220095.0,207291.4,0.9375201598545558
Brazil,2007,Potatoes,240356,304031.0,22.893636363636364,1761.0,40315.69363636364,223802.0,218363.2,0.7905615198400169
Brazil,2008,Potatoes,253729,312637.0,22.463636363636365,1761.0,39558.46363636364,240356.0,230301.4,0.8115744087411
Brazil,2009,Potatoes,248299,335742.0,22.86090909090909,1761.0,40258.060909090906,253729.0,237256.2,0.7395507873581877
Brazil,2010,Potatoes,258859,342580.0,22.88181818181818,1761.0,40294.88181818181,248299.0,245009.0,0.7556140007764587
Brazil,2011,Potatoes,262528,345026.0,22.48909090909091,1761.0,39603.28909090909,258859.0,252754.2,0.7608911766325533
Brazil,2012,Potatoes,274457,346583.0,23.062727272727273,1761.0,40613.46272727273,262528.0,259574.4,0.7918917203333102
Brazil,2013,Potatoes,277517,367778.0,22.478181818181817,1761.0,39584.07818181818,274457.0,264332.0,0.7545754379668225
Brazil,1990,"Rice, paddy",18803,49695.0,22.44363636363636,1761.0,39523.24363636363,277517.0,218432.8,0.37836043142305215
Brazil,1991,"Rice, paddy",23020,58349.44,22.375454545454545,1761.0,39403.17545454545,18803.0,171265.0,0.39451287770923404
Brazil,1992,"Rice, paddy",21349,67003.89,22.355454545454545,1761.0,39367.95545454545,23020.0,123029.2,0.31861853664710144
Brazil,1993,"Rice, paddy",22912,75658.33,22.605454545454545,1761.0,39808.20545454545,21349.0,72720.2,0.3028311247271156
Brazil,1994,"Rice, paddy",23876,84312.78,22.731818181818184,1761.0,40030.73181818182,22912.0,21992.0,0.28318028203693396
Brazil,1995,"Rice, paddy",25668,92967.22,22.731818181818184,1761.0,40030.73181818182,23876.0,23365.0,0.2760943470790341
Brazil,1996,"Rice, paddy",26578,101621.67,22.413636363636364,1761.0,39470.413636363635,25668.0,24076.6,0.26153613165251416
Brazil,1997,"Rice, paddy",27310,110276.11,22.78,1761.0,40115.58,26578.0,25268.8,0.24764885478047077
Brazil,1998,"Rice, paddy",25198,118930.56,22.95,1761.0,40414.95,27310.0,25726.0,0.21186975097274433
Brazil,1999,"Rice, paddy",30708,127585.0,22.262727272727272,1761.0,39204.66272727273,25198.0,27092.4,0.24068471462386154
Brazil,2000,"Rice, paddy",30382,140423.0,22.430909090909093,1761.0,39500.83090909092,30708.0,28035.2,0.21635902694696063
Brazil,2001,"Rice, paddy",32405,151523.0,22.96,1761.0,40432.560000000005,30382.0,29200.6,0.2138605105461841
Brazil,2002,"Rice, paddy",33246,145552.0,23.14909090909091,1761.0,40765.54909090909,32405.0,30387.8,0.22841164386855647
Brazil,2004,"Rice, paddy",35565,214725.0,22.42818181818182,1761.0,39496.02818181818,33246.0,32461.2,0.16562968620474466
Brazil,2005,"Rice, paddy",33691,232232.0,22.965454545454545,1761.0,40442.16545454545,35565.0,33057.8,0.1450741281385505
Brazil,2006,"Rice, paddy",38798,238716.0,22.786363636363635,1761.0,40126.78636363636,33691.0,34741.0,0.1625271765312064
Brazil,2007,"Rice, paddy",38260,304031.0,22.893636363636364,1761.0,40315.69363636364,38798.0,35912.0,0.12584201662982844
Brazil,2008,"Rice, paddy",42311,312637.0,22.463636363636365,1761.0,39558.46363636364,38260.0,37725.0,0.13533543587151914
Brazil,2009,"Rice, paddy",44049,335742.0,22.86090909090909,1761.0,40258.060909090906,42311.0,39421.8,0.1311985655694981
Brazil,2010,"Rice, paddy",41271,342580.0,22.88181818181818,1761.0,40294.88181818181,44049.0,40937.8,0.12047077917339256
Brazil,2011,"Rice, paddy",48956,345026.0,22.48909090909091,1761.0,39603.28909090909,41271.0,42969.4,0.1418903448135943
Brazil,2012,"Rice, paddy",47860,346583.0,23.062727272727273,1761.0,40613.46272727273,48956.0,44889.4,0.13809062160976848
Brazil,2013,"Rice, paddy",50071,367778.0,22.478181818181817,1761.0,39584.07818181818,47860.0,46441.4,0.13614426054777462
Brazil,1990,Sorghum,17150,49695.0,22.44363636363636,1761.0,39523.24363636363,50071.0,41061.6,0.345098197037991
Brazil,1991,Sorghum,14834,58349.44,22.375454545454545,1761.0,39403.17545454545,17150.0,35774.2,0.2542225902666715
Brazil,1992,Sorghum,17190,67003.89,22.355454545454545,1761.0,39367.95545454545,14834.0,29421.0,0.2565484399720677
Brazil,1993,Sorghum,20167,75658.33,22.605454545454545,1761.0,39808.20545454545,17190.0,23882.4,0.26655007386399004
Brazil,1994,Sorghum,19056,84312.78,22.731818181818184,1761.0,40030.73181818182,20167.0,17679.4,0.22601287713586082
Brazil,1995,Sorghum,17981,92967.22,22.731818181818184,1761.0,40030.73181818182,19056.0,17845.6,0.19341017823079756
Brazil,1996,Sorghum,18118,101621.67,22.413636363636364,1761.0,39470.413636363635,17981.0,18502.4,0.17828699049139332
Brazil,1997,Sorghum,19757,110276.11,22.78,1761.0,40115.58,18118.0,19015.8,0.17915775993766975
Brazil,1998,Sorghum,17768,118930.56,22.95,1761.0,40414.95,19757.0,18536.0,0.14939684638795622
Brazil,1999,Sorghum,15711,127585.0,22.262727272727272,1761.0,39204.66272727273,17768.0,17867.0,0.12314046995751884
Brazil,2000,Sorghum,15013,140423.0,22.430909090909093,1761.0,39500.83090909092,15711.0,17273.4,0.10691192388765453
Brazil,2001,Sorghum,18654,151523.0,22.96,1761.0,40432.560000000005,15013.0,17380.6,0.12310921042211134
Brazil,2002,Sorghum,18573,145552.0,23.14909090909091,1761.0,40765.54909090909,18654.0,17143.8,0.12760300371685915
Brazil,2004,Sorghum,23187,214725.0,22.42818181818182,1761.0,39496.02818181818,18573.0,18227.6,0.10798412861041513
Brazil,2005,Sorghum,19296,232232.0,22.965454545454545,1761.0,40442.16545454545,23187.0,18944.6,0.08308896668432135
Brazil,2006,Sorghum,22223,238716.0,22.786363636363635,1761.0,40126.78636363636,19296.0,20386.6,0.09309349564547141
Brazil,2007,Sorghum,21731,304031.0,22.893636363636364,1761.0,40315.69363636364,22223.0,21002.0,0.07147602883906957
Brazil,2008,Sorghum,24105,312637.0,22.463636363636365,1761.0,39558.46363636364,21731.0,22108.4,0.0771019517780948
Brazil,2009,Sorghum,23378,335742.0,22.86090909090909,1761.0,40258.060909090906,24105.0,22146.6,0.0696306401026976
Brazil,2010,Sorghum,23172,342580.0,22.88181818181818,1761.0,40294.88181818181,23378.0,22921.8,0.06763947796287594
Brazil,2011,Sorghum,25497,345026.0,22.48909090909091,1761.0,39603.28909090909,23172.0,23576.6,0.07389856446017268
Brazil,2012,Sorghum,29317,346583.0,23.062727272727273,1761.0,40613.46272727273,25497.0,25093.8,0.0845884403203841
Brazil,2013,Sorghum,26817,367778.0,22.478181818181817,1761.0,39584.07818181818,29317.0,25636.2,0.07291607188012367
Brazil,1990,Soybeans,17322,49695.0,22.44363636363636,1761.0,39523.24363636363,26817.0,24425.0,0.3485592401802962
Brazil,1991,Soybeans,15533,58349.44,22.375454545454545,1761.0,39403.17545454545,17322.0,22897.2,0.2662019343813003
Brazil,1992,Soybeans,20352,67003.89,22.355454545454545,1761.0,39367.95545454545,15533.0,21868.2,0.3037390256143992
Brazil,1993,Soybeans,21241,75658.33,22.605454545454545,1761.0,39808.20545454545,20352.0,20253.0,0.2807452828355736
Brazil,1994,Soybeans,21632,84312.78,22.731818181818184,1761.0,40030.73181818182,21241.0,19216.0,0.2565654155228244
Brazil,1995,Soybeans,21998,92967.22,22.731818181818184,1761.0,40030.73181818182,21632.0,20151.2,0.23661849178138508
Brazil,1996,Soybeans,22493,101621.67,22.413636363636364,1761.0,39470.413636363635,21998.0,21543.2,0.22133840805402968
Brazil,1997,Soybeans,22977,110276.11,22.78,1761.0,40115.58,22493.0,22068.2,0.2083569291941002
Brazil,1998,Soybeans,23533,118930.56,22.95,1761.0,40414.95,22977.0,22526.6,0.19787010277171174
Brazil,1999,Soybeans,23724,127585.0,22.262727272727272,1761.0,39204.66272727273,23533.0,22945.0,0.18594516639756714
Brazil,2000,Soybeans,24033,140423.0,22.430909090909093,1761.0,39500.83090909092,23724.0,23352.0,0.17114595795590498
Brazil,2001,Soybeans,27105,151523.0,22.96,1761.0,40432.560000000005,24033.0,24274.4,0.1788825532588897
Brazil,2002,Soybeans,25739,145552.0,23.14909090909091,1761.0,40765.54909090909,27105.0,24826.8,0.176835929180436
Brazil,2004,Soybeans,23005,214725.0,22.42818181818182,1761.0,39496.02818181818,25739.0,24721.2,0.10713653679573037
Brazil,2005,Soybeans,22303,232232.0,22.965454545454545,1761.0,40442.16545454545,23005.0,24437.0,0.0960371695667713
Brazil,2006,Soybeans,23796,238716.0,22.786363636363635,1761.0,40126.78636363636,22303.0,24389.6,0.099682888106
Brazil,2007,Soybeans,28133,304031.0,22.893636363636364,1761.0,40315.69363636364,23796.0,24595.2,0.09253302283970108
Brazil,2008,Soybeans,28162,312637.0,22.463636363636365,1761.0,39558.46363636364,28133.0,25079.8,0.09007862128084237
Brazil,2009,Soybeans,26365,335742.0,22.86090909090909,1761.0,40258.060909090906,28162.0,25751.8,0.0785273259606306
Brazil,2010,Soybeans,29475,342580.0,22.88181818181818,1761.0,40294.88181818181,26365.0,27186.2,0.0860380464765997
Brazil,2011,Soybeans,31214,345026.0,22.48909090909091,1761.0,39603.28909090909,29475.0,28669.8,0.09046828219240813
Brazil,2012,Soybeans,26366,346583.0,23.062727272727273,1761.0,40613.46272727273,31214.0,28316.4,0.07607390993236848
Brazil,2013,Soybeans,29285,367778.0,22.478181818181817,1761.0,39584.07818181818,26366.0,28541.0,0.07962662359732339
Brazil,1990,Sweet potatoes,101661,49695.0,22.44363636363636,1761.0,39523.24363636363,29285.0,43600.2,2.045657598197038
Brazil,1991,Sweet potatoes,101504,58349.44,22.375454545454545,1761.0,39403.17545454545,101661.0,58006.0,1.7395584334925323
Brazil,1992,Sweet potatoes,104452,67003.89,22.355454545454545,1761.0,39367.95545454545,101504.0,72653.6,1.5588713002886805
Brazil,1993,Sweet potatoes,107920,75658.33,22.605454545454545,1761.0,39808.20545454545,104452.0,88964.4,1.4263938102544655
Brazil,1994,Sweet potatoes,113070,84312.78,22.731818181818184,1761.0,40030.73181818182,107920.0,105721.4,1.341061923685547
Brazil,1995,Sweet potatoes,110676,92967.22,22.731818181818184,1761.0,40030.73181818182,113070.0,107524.4,1.1904713245020717
Brazil,1996,Sweet potatoes,86415,101621.67,22.413636363636364,1761.0,39470.413636363635,110676.0,104506.6,0.8503515996971935
Brazil,1997,Sweet potatoes,98387,110276.11,22.78,1761.0,40115.58,86415.0,103293.6,0.8921797098237341
Brazil,1998,Sweet potatoes,103928,118930.56,22.95,1761.0,40414.95,98387.0,102495.2,0.8738471100522015
Brazil,1999,Sweet potatoes,109463,127585.0,22.262727272727272,1761.0,39204.66272727273,103928.0,101773.8,0.8579546345210289
Brazil,2000,Sweet potatoes,110351,140423.0,22.430909090909093,1761.0,39500.83090909092,109463.0,101708.8,0.7858414516037144
Brazil,2001,Sweet potatoes,113496,151523.0,22.96,1761.0,40432.560000000005,110351.0,107125.0,0.7490298566563712
Brazil,2002,Sweet potatoes,113463,145552.0,23.14909090909091,1761.0,40765.54909090909,113496.0,110140.2,0.7795304803061428
Brazil,2004,Sweet potatoes,114957,214725.0,22.42818181818182,1761.0,39496.02818181818,113463.0,112346.0,0.5353660013226158
Brazil,2005,Sweet potatoes,113360,232232.0,22.965454545454545,1761.0,40442.16545454545,114957.0,113125.4,0.4881304551894003
Brazil,2006,Sweet potatoes,116902,238716.0,22.786363636363635,1761.0,40126.78636363636,113360.0,114435.6,0.4897095724225757
Brazil,2007,Sweet potatoes,120680,304031.0,22.893636363636364,1761.0,40315.69363636364,116902.0,115872.4,0.3969319019050626
Brazil,2008,Sweet potatoes,120398,312637.0,22.463636363636365,1761.0,39558.46363636364,120680.0,117259.4,0.38510353827749666
Brazil,2009,Sweet potatoes,113035,335742.0,22.86090909090909,1761.0,40258.060909090906,120398.0,116875.0,0.3366712038672437
Brazil,2010,Sweet potatoes,118459,342580.0,22.88181818181818,1761.0,40294.88181818181,113035.0,117894.8,0.3457839167963197
Brazil,2011,Sweet potatoes,124266,345026.0,22.48909090909091,1761.0,39603.28909090909,118459.0,119367.6,0.360163117669052
Brazil,2012,Sweet potatoes,121926,346583.0,23.062727272727273,1761.0,40613.46272727273,124266.0,119616.8,0.35179350460494424
Brazil,2013,Sweet potatoes,130913,367778.0,22.478181818181817,1761.0,39584.07818181818,121926.0,121719.8,0.35595561464901476
Brazil,1990,Wheat,11540,49695.0,22.44363636363636,1761.0,39523.24363636363,130913.0,101420.8,0.23221184803605924
Brazil,1991,Wheat,14232,58349.44,22.375454545454545,1761.0,39403.17545454545,11540.0,80575.4,0.24390561579312856
Brazil,1992,Wheat,14295,67003.89,22.355454545454545,1761.0,39367.95545454545,14232.0,58581.2,0.2133426381268591
Brazil,1993,Wheat,14825,75658.33,22.605454545454545,1761.0,39808.20545454545,14295.0,37161.0,0.1959441089420168
Brazil,1994,Wheat,15541,84312.78,22.731818181818184,1761.0,40030.73181818182,14825.0,14086.6,0.18432336920489154
Brazil,1995,Wheat,15420,92967.22,22.731818181818184,1761.0,40030.73181818182,15541.0,14862.6,0.16586313043317383
Brazil,1996,Wheat,18334,101621.67,22.413636363636364,1761.0,39470.413636363635,15420.0,15683.0,0.18041250047848575
Brazil,1997,Wheat,16359,110276.11,22.78,1761.0,40115.58,18334.0,16095.8,0.1483444751136478
Brazil,1998,Wheat,16111,118930.56,22.95,1761.0,40414.95,16359.0,16353.0,0.13546446376386553
Brazil,1999,Wheat,19699,127585.0,22.262727272727272,1761.0,39204.66272727273,16111.0,17184.6,0.15439781794240748
Brazil,2000,Wheat,15156,140423.0,22.430909090909093,1761.0,39500.83090909092,19699.0,17131.8,0.10793026833019996
Brazil,2001,Wheat,19488,151523.0,22.96,1761.0,40432.560000000005,15156.0,17362.6,0.12861328898392335
Brazil,2002,Wheat,14754,145552.0,23.14909090909091,1761.0,40765.54909090909,19488.0,17041.6,0.10136513847189683
Brazil,2004,Wheat,20728,214725.0,22.42818181818182,1761.0,39496.02818181818,14754.0,17965.0,0.0965323249164051
Brazil,2005,Wheat,19735,232232.0,22.965454545454545,1761.0,40442.16545454545,20728.0,17972.2,0.08497930957271362
Brazil,2006,Wheat,15927,238716.0,22.786363636363635,1761.0,40126.78636363636,19735.0,18126.4,0.06671916956060943
Brazil,2007,Wheat,22199,304031.0,22.893636363636364,1761.0,40315.69363636364,15927.0,18668.6,0.07301534049047469
Brazil,2008,Wheat,25497,312637.0,22.463636363636365,1761.0,39558.46363636364,22199.0,20817.2,0.08155438558332641
Brazil,2009,Wheat,20802,335742.0,22.86090909090909,1761.0,40258.060909090906,25497.0,20832.0,0.0619581048599673
Brazil,2010,Wheat,28288,342580.0,22.88181818181818,1761.0,40294.88181818181,20802.0,22542.6,0.08257317247599838
Brazil,2011,Wheat,26602,345026.0,22.48909090909091,1761.0,39603.28909090909,28288.0,24677.6,0.07710121236888708
Brazil,2012,Wheat,23100,346583.0,23.062727272727273,1761.0,40613.46272727273,26602.0,24857.8,0.06665050896752303
Brazil,2013,Wheat,27491,367778.0,22.478181818181817,1761.0,39584.07818181818,23100.0,25256.6,0.07474869418862959
Brazil,1990,Yams,91489,49695.0,22.44363636363636,1761.0,39523.24363636363,27491.0,39394.0,1.8409731165486156
Brazil,1991,Yams,91353,58349.44,22.375454545454545,1761.0,39403.17545454545,91489.0,52007.0,1.5655923074444682
Brazil,1992,Yams,91413,67003.89,22.355454545454545,1761.0,39367.95545454545,91353.0,64969.2,1.3642735627205715
Brazil,1993,Yams,91471,75658.33,22.605454545454545,1761.0,39808.20545454545,91413.0,78643.4,1.2089850650276708
Brazil,1994,Yams,91667,84312.78,22.731818181818184,1761.0,40030.73181818182,91471.0,91478.6,1.087212552918396
Brazil,1995,Yams,91587,92967.22,22.731818181818184,1761.0,40030.73181818182,91667.0,91498.2,0.9851430951350902
Brazil,1996,Yams,91837,101621.67,22.413636363636364,1761.0,39470.413636363635,91587.0,91595.0,0.9037058365028197
Brazil,1997,Yams,91773,110276.11,22.78,1761.0,40115.58,91837.0,91667.0,0.8322035280032275
Brazil,1998,Yams,91823,118930.56,22.95,1761.0,40414.95,91773.0,91737.4,0.7720658839419915
Brazil,1999,Yams,92000,127585.0,22.262727272727272,1761.0,39204.66272727273,91823.0,91804.0,0.7210822504036493
Brazil,2000,Yams,91522,140423.0,22.430909090909093,1761.0,39500.83090909092,92000.0,91791.0,0.6517546858086937
Brazil,2001,Yams,90385,151523.0,22.96,1761.0,40432.560000000005,91522.0,91500.6,0.5965061640400201
Brazil,2002,Yams,92000,145552.0,23.14909090909091,1761.0,40765.54909090909,90385.0,91546.0,0.6320721661525355
Brazil,2004,Yams,92345,214725.0,22.42818181818182,1761.0,39496.02818181818,92000.0,91650.4,0.43005970399485854
Brazil,2005,Yams,92462,232232.0,22.965454545454545,1761.0,40442.16545454545,92345.0,91742.8,0.3981432440695336
Brazil,2006,Yams,92308,238716.0,22.786363636363635,1761.0,40126.78636363636,92462.0,91900.0,0.3866838138884118
Brazil,2007,Yams,92593,304031.0,22.893636363636364,1761.0,40315.69363636364,92308.0,92341.6,0.30455017892853387
Brazil,2008,Yams,93753,312637.0,22.463636363636365,1761.0,39558.46363636364,92593.0,92692.2,0.29987717423985566
Brazil,2009,Yams,94599,335742.0,22.86090909090909,1761.0,40258.060909090906,93753.0,93143.0,0.2817601558334798
Brazil,2010,Yams,95332,342580.0,22.88181818181818,1761.0,40294.88181818181,94599.0,93717.0,0.27827579462959123
Brazil,2011,Yams,96414,345026.0,22.48909090909091,1761.0,39603.28909090909,95332.0,94538.2,0.27943900042605363
Brazil,2012,Yams,97619,346583.0,23.062727272727273,1761.0,40613.46272727273,96414.0,95543.4,0.2816604344112827
Brazil,2013,Yams,96078,367778.0,22.478181818181817,1761.0,39584.07818181818,97619.0,96008.4,0.26123840676058174
France,1991,Maize,72866,103434.0,10.6,867.0,9190.199999999999,60186.0,66526.0,0.7044617392565379
France,1992,Maize,79812,85249.0,11.15,867.0,9667.050000000001,72866.0,70954.66666666667,0.9362111436950147
France,1993,Maize,80479,91953.0,10.7,867.0,9276.9,79812.0,73335.75,0.875209343802336
France,1994,Maize,77983,89515.0,11.96,867.0,10369.320000000002,80479.0,74265.2,0.8711626971714553
France,1995,Maize,77182,84011.0,11.69,867.0,10135.23,77983.0,77664.4,0.9187020901775936
France,1996,Maize,83856,97890.0,10.14,867.0,8791.380000000001,77182.0,79862.4,0.8566262475610629
France,1997,Maize,90651,109792.0,11.59,867.0,10048.53,83856.0,82030.2,0.825653730201379
France,1998,Maize,84528,107753.0,11.25,867.0,9753.75,90651.0,82840.0,0.7844534773651094
France,1999,Maize,89523,114695.0,11.83,867.0,10256.61,84528.0,85148.0,0.7805241682360327
France,2000,Maize,90766,97878.0,11.74,867.0,10178.58,89523.0,87864.8,0.9273286404642467
France,2001,Maize,85711,99694.0,11.37,867.0,9857.789999999999,90766.0,88235.8,0.8597321831586339
France,2002,Maize,89751,82448.0,11.87,867.0,10291.289999999999,85711.0,88055.8,1.0885638394643962
France,2004,Maize,89907,76099.0,11.34,867.0,9831.78,89751.0,89131.6,1.1814323258869908
France,2005,Maize,82539,78265.0,11.55,867.0,10013.85,89907.0,87734.8,1.0545958653821583
France,2006,Maize,85818,71612.0,11.79,867.0,10221.929999999998,82539.0,86745.2,1.198357840056973
France,2007,Maize,94821,77255.0,11.75,867.0,10187.25,85818.0,88567.2,1.2273609816713265
France,2008,Maize,91258,78577.0,11.28,867.0,9779.76,94821.0,88868.6,1.1613683219221664
France,2009,Maize,88934,63676.0,11.46,867.0,9935.820000000002,91258.0,88674.0,1.3966424297627087
France,2010,Maize,88299,61903.0,10.41,867.0,9025.47,88934.0,89826.0,1.4263860170586715
France,2011,Maize,99668,61039.0,12.33,867.0,10690.11,88299.0,92596.0,1.6328309305373525
France,2012,Maize,90024,63547.59,11.22,867.0,9727.74,99668.0,91636.6,1.4166167966905325
France,2013,Maize,81592,66497.29,11.01,867.0,9545.67,90024.0,89703.4,1.2269789193075493
France,1990,Potatoes,290790,97701.0,11.96,867.0,10369.320000000002,81592.0,130074.6,2.9762952651941617
France,1991,Potatoes,321625,103434.0,10.6,867.0,9190.199999999999,290790.0,176739.8,3.1094407115579834
France,1992,Potatoes,365434,85249.0,11.15,867.0,9667.050000000001,321625.0,229893.0,4.286615835777126
France,1993,Potatoes,360076,91953.0,10.7,867.0,9276.9,365434.0,283903.4,3.91582747895687
France,1994,Potatoes,335302,89515.0,11.96,867.0,10369.320000000002,360076.0,334645.4,3.745721435274141
France,1995,Potatoes,347354,84011.0,11.69,867.0,10135.23,335302.0,345958.2,4.1345760129505305
France,1996,Potatoes,361751,97890.0,10.14,867.0,8791.380000000001,347354.0,353983.4,3.6954469767394347
France,1997,Potatoes,397848,109792.0,11.59,867.0,10048.53,361751.0,360466.2,3.6236189921033217
France,1998,Potatoes,373559,107753.0,11.25,867.0,9753.75,397848.0,363162.8,3.4667761753623996
France,1999,Potatoes,397361,114695.0,11.83,867.0,10256.61,373559.0,375574.6,3.4644712980400363
France,2000,Potatoes,395987,97878.0,11.74,867.0,10178.58,397361.0,385301.2,4.0456788483740125
France,2001,Potatoes,374385,99694.0,11.37,867.0,9857.789999999999,395987.0,387828.0,3.755303676212448
France,2002,Potatoes,423804,82448.0,11.87,867.0,10291.289999999999,374385.0,393019.2,5.140195757377287
France,2004,Potatoes,454162,76099.0,11.34,867.0,9831.78,423804.0,409139.8,5.96796320630749
France,2005,Potatoes,422227,78265.0,11.55,867.0,10013.85,454162.0,414113.0,5.394769120690977
France,2006,Potatoes,401909,71612.0,11.79,867.0,10221.929999999998,422227.0,415297.4,5.6122352086911595
France,2007,Potatoes,453347,77255.0,11.75,867.0,10187.25,401909.0,431089.8,5.868113803458631
France,2008,Potatoes,435194,78577.0,11.28,867.0,9779.76,453347.0,433367.8,5.5383695181857515
France,2009,Potatoes,437856,63676.0,11.46,867.0,9935.820000000002,435194.0,430106.6,6.876203338725128
France,2010,Potatoes,421566,61903.0,10.41,867.0,9025.47,437856.0,429974.4,6.809996123029206
France,2011,Potatoes,468991,61039.0,12.33,867.0,10690.11,421566.0,443390.8,7.68333879423329
France,2012,Potatoes,413769,63547.59,11.22,867.0,9727.74,468991.0,435475.2,6.511064997665566
France,2013,Potatoes,431560,66497.29,11.01,867.0,9545.67,413769.0,434748.4,6.489790940488846
France,1990,"Rice, paddy",59461,97701.0,11.96,867.0,10369.320000000002,431560.0,359069.4,0.6085955251683691
France,1991,"Rice, paddy",53273,103434.0,10.6,867.0,9190.199999999999,59461.0,285410.8,0.5150384299318412
France,1992,"Rice, paddy",52448,85249.0,11.15,867.0,9667.050000000001,53273.0,202102.2,0.615225806451613
France,1993,"Rice, paddy",49628,91953.0,10.7,867.0,9276.9,52448.0,129274.0,0.5397046349261587
France,1994,"Rice, paddy",45700,89515.0,11.96,867.0,10369.320000000002,49628.0,52102.0,0.510523258411904
France,1995,"Rice, paddy",48627,84011.0,11.69,867.0,10135.23,45700.0,49935.2,0.5788101699757178
France,1996,"Rice, paddy",52455,97890.0,10.14,867.0,8791.380000000001,48627.0,49771.6,0.5358510996925151
France,1997,"Rice, paddy",58919,109792.0,11.59,867.0,10048.53,52455.0,51065.8,0.5366371262284481
France,1998,"Rice, paddy",58281,107753.0,11.25,867.0,9753.75,58919.0,52796.4,0.5408708725430147
France,1999,"Rice, paddy",60915,114695.0,11.83,867.0,10256.61,58281.0,55839.4,0.531099602427286
France,2000,"Rice, paddy",58358,97878.0,11.74,867.0,10178.58,60915.0,57785.6,0.5962259524514962
France,2001,"Rice, paddy",53603,99694.0,11.37,867.0,9857.789999999999,58358.0,58015.2,0.5376698931741812
France,2002,"Rice, paddy",56910,82448.0,11.87,867.0,10291.289999999999,53603.0,57613.4,0.6902448786522578
France,2004,"Rice, paddy",57098,76099.0,11.34,867.0,9831.78,56910.0,57376.8,0.7503022339027595
France,2005,"Rice, paddy",57314,78265.0,11.55,867.0,10013.85,57098.0,56656.6,0.7322975493828738
France,2006,"Rice, paddy",54756,71612.0,11.79,867.0,10221.929999999998,57314.0,55936.2,0.7646097775543547
France,2007,"Rice, paddy",46354,77255.0,11.75,867.0,10187.25,54756.0,54486.4,0.6000051775913845
France,2008,"Rice, paddy",57599,78577.0,11.28,867.0,9779.76,46354.0,54624.2,0.7330168749522767
France,2009,"Rice, paddy",57406,63676.0,11.46,867.0,9935.820000000002,57599.0,54685.8,0.901518601692919
France,2010,"Rice, paddy",50432,61903.0,10.41,867.0,9025.47,57406.0,53309.4,0.8146807960713363
France,2011,"Rice, paddy",56263,61039.0,12.33,867.0,10690.11,50432.0,53610.8,0.9217398427260812
France,2012,"Rice, paddy",55947,63547.59,11.22,867.0,9727.74,56263.0,55529.4,0.8803814529952593
France,2013,"Rice, paddy",39400,66497.29,11.01,867.0,9545.67,55947.0,51889.6,0.5924964386302265
France,1990,Sorghum,41296,97701.0,11.96,867.0,10369.320000000002,39400.0,48667.6,0.4226730261407136
France,1991,Sorghum,54849,103434.0,10.6,867.0,9190.199999999999,41296.0,49551.0,0.5302750519650021
France,1992,Sorghum,56007,85249.0,11.15,867.0,9667.050000000001,54849.0,49499.8,0.6569736070381231
France,1993,Sorghum,61242,91953.0,10.7,867.0,9276.9,56007.0,50558.8,0.6660069165017292
France,1994,Sorghum,55026,89515.0,11.96,867.0,10369.320000000002,61242.0,53684.0,0.6147057509272086
France,1995,Sorghum,55990,84011.0,11.69,867.0,10135.23,55026.0,56622.8,0.6664524115602533
France,1996,Sorghum,62667,97890.0,10.14,867.0,8791.380000000001,55990.0,58186.4,0.6401712108365427
France,1997,Sorghum,66645,109792.0,11.59,867.0,10048.53,62667.0,60314.0,0.60700591112366
France,1998,Sorghum,55734,107753.0,11.25,867.0,9753.75,66645.0,59212.4,0.5172336989810123
France,1999,Sorghum,62061,114695.0,11.83,867.0,10256.61,55734.0,60619.4,0.5410912324754132
France,2000,Sorghum,62275,97878.0,11.74,867.0,10178.58,62061.0,61876.4,0.6362447511723659
France,2001,Sorghum,58761,99694.0,11.37,867.0,9857.789999999999,62275.0,61095.2,0.5894076934650685
France,2002,Sorghum,64431,82448.0,11.87,867.0,10291.289999999999,58761.0,60652.4,0.7814649055779936
France,2004,Sorghum,53484,76099.0,11.34,867.0,9831.78,64431.0,60202.4,0.7028120893561104
France,2005,Sorghum,51495,78265.0,11.55,867.0,10013.85,53484.0,58089.2,0.6579485344849615
France,2006,Sorghum,55127,71612.0,11.79,867.0,10221.929999999998,51495.0,56659.6,0.7697904011841425
France,2007,Sorghum,58655,77255.0,11.75,867.0,10187.25,55127.0,56638.4,0.7592290566428498
France,2008,Sorghum,62159,78577.0,11.28,867.0,9779.76,58655.0,56184.0,0.79104838504416
France,2009,Sorghum,53928,63676.0,11.46,867.0,9935.820000000002,62159.0,56272.8,0.8468991943715941
France,2010,Sorghum,55112,61903.0,10.41,867.0,9025.47,53928.0,56996.2,0.8902817265443267
France,2011,Sorghum,64627,61039.0,12.33,867.0,10690.11,55112.0,58896.2,1.058764744429882
France,2012,Sorghum,56861,63547.59,11.22,867.0,9727.74,64627.0,58537.4,0.8947641481895979
France,2013,Sorghum,54344,66497.29,11.01,867.0,9545.67,56861.0,56974.4,0.8172240218507876
France,1990,Soybeans,20940,97701.0,11.96,867.0,10369.320000000002,54344.0,50376.8,0.21432519293361446
France,1991,Soybeans,24308,103434.0,10.6,867.0,9190.199999999999,20940.0,44216.0,0.23500749262822063
France,1992,Soybeans,17425,85249.0,11.15,867.0,9667.050000000001,24308.0,34775.6,0.20439882697947215
France,1993,Soybeans,24636,91953.0,10.7,867.0,9276.9,17425.0,28330.6,0.26791656697914173
France,1994,Soybeans,25978,89515.0,11.96,867.0,10369.320000000002,24636.0,22657.4,0.2902051029983467
France,1995,Soybeans,25723,84011.0,11.69,867.0,10135.23,25978.0,23614.0,0.30618245012617246
France,1996,Soybeans,26717,97890.0,10.14,867.0,8791.380000000001,25723.0,24095.8,0.2729260095412244
France,1997,Soybeans,27641,109792.0,11.59,867.0,10048.53,26717.0,26139.0,0.2517555764028672
France,1998,Soybeans,25506,107753.0,11.25,867.0,9753.75,27641.0,26313.0,0.23670582994598807
France,1999,Soybeans,26622,114695.0,11.83,867.0,10256.61,25506.0,26441.8,0.23210922787193974
France,2000,Soybeans,25875,97878.0,11.74,867.0,10178.58,26622.0,26472.2,0.26435701222938524
France,2001,Soybeans,25617,99694.0,11.37,867.0,9857.789999999999,25875.0,26252.2,0.25695370881187624
France,2002,Soybeans,27899,82448.0,11.87,867.0,10291.289999999999,25617.0,26303.8,0.33837887663889193
France,2004,Soybeans,25104,76099.0,11.34,867.0,9831.78,27899.0,26223.4,0.32988173455978975
France,2005,Soybeans,24837,78265.0,11.55,867.0,10013.85,25104.0,25866.4,0.3173408632100784
France,2006,Soybeans,27173,71612.0,11.79,867.0,10221.929999999998,24837.0,26126.0,0.37944228003295494
France,2007,Soybeans,25991,77255.0,11.75,867.0,10187.25,27173.0,26200.8,0.3364269441855649
France,2008,Soybeans,28986,78577.0,11.28,867.0,9779.76,25991.0,26418.2,0.36888187533406297
France,2009,Soybeans,25109,63676.0,11.46,867.0,9935.820000000002,28986.0,26419.2,0.3943181996639289
France,2010,Soybeans,27495,61903.0,10.41,867.0,9025.47,25109.0,26950.8,0.4441554665288188
France,2011,Soybeans,29473,61039.0,12.33,867.0,10690.11,27495.0,27410.8,0.4828473132372215
France,2012,Soybeans,27815,63547.59,11.22,867.0,9727.74,29473.0,27775.6,0.4376965720246508
France,2013,Soybeans,25599,66497.29,11.01,867.0,9545.67,27815.0,27098.2,0.38495726732221236
France,1990,Wheat,64787,97701.0,11.96,867.0,10369.320000000002,25599.0,35033.8,0.6631082270577879
France,1991,Wheat,66764,103434.0,10.6,867.0,9190.199999999999,64787.0,42887.6,0.6454681684149466
France,1992,Wheat,63992,85249.0,11.15,867.0,9667.050000000001,66764.0,49791.4,0.7506392961876833
France,1993,Wheat,64739,91953.0,10.7,867.0,9276.9,63992.0,57176.2,0.7040368010092003
France,1994,Wheat,66685,89515.0,11.96,867.0,10369.320000000002,64739.0,65393.4,0.7449506233522499
France,1995,Wheat,65079,84011.0,11.69,867.0,10135.23,66685.0,65451.8,0.7746393372375375
France,1996,Wheat,71361,97890.0,10.14,867.0,8791.380000000001,65079.0,66371.2,0.7289842784321336
France,1997,Wheat,66288,109792.0,11.59,867.0,10048.53,71361.0,66830.4,0.6037543377082327
France,1998,Wheat,76063,107753.0,11.25,867.0,9753.75,66288.0,69095.2,0.7058949087736882
France,1999,Wheat,72395,114695.0,11.83,867.0,10256.61,76063.0,70237.2,0.6311902769059078
France,2000,Wheat,71175,97878.0,11.74,867.0,10178.58,72395.0,71456.4,0.7271733466831496
France,2001,Wheat,66169,99694.0,11.37,867.0,9857.789999999999,71175.0,70418.0,0.6637143287025428
France,2002,Wheat,74455,82448.0,11.87,867.0,10291.289999999999,66169.0,72051.4,0.9030430933061651
France,2004,Wheat,75788,76099.0,11.34,867.0,9831.78,74455.0,71996.4,0.9959001314060447
France,2005,Wheat,69887,78265.0,11.55,867.0,10013.85,75788.0,71494.8,0.8929420182454706
France,2006,Wheat,67414,71612.0,11.79,867.0,10221.929999999998,69887.0,70742.6,0.9413653945512687
France,2007,Wheat,62542,77255.0,11.75,867.0,10187.25,67414.0,70017.2,0.8095423009216113
France,2008,Wheat,71018,78577.0,11.28,867.0,9779.76,62542.0,69329.8,0.9037898648476673
France,2009,Wheat,74478,63676.0,11.46,867.0,9935.820000000002,71018.0,69067.8,1.1696216844386513
France,2010,Wheat,70405,61903.0,10.41,867.0,9025.47,74478.0,69171.4,1.1373255363142931
France,2011,Wheat,66563,61039.0,12.33,867.0,10690.11,70405.0,69001.2,1.0904816513761468
France,2012,Wheat,71512,63547.59,11.22,867.0,9727.74,66563.0,70795.2,1.1253121430388937
France,2013,Wheat,72656,66497.29,11.01,867.0,9545.67,71512.0,71122.8,1.0925995239877597
Germany,1991,Maize,68432,32006.0,7.6933333333333325,700.0,5385.333333333333,67762.0,68097.0,2.1380323054331867
Germany,1992,Maize,72348,29542.0,8.71,700.0,6097.000000000001,68432.0,69514.0,2.4489049859526792
Germany,1993,Maize,80227,25170.0,7.746666666666667,700.0,5422.666666666667,72348.0,72192.25,3.187279011560923
Germany,1994,Maize,70808,26330.0,8.933333333333334,700.0,6253.333333333334,80227.0,71915.4,2.689149671489879
Germany,1995,Maize,73664,30090.0,8.08,700.0,5656.0,70808.0,73095.8,2.448040942474494
Germany,1996,Maize,78272,31683.0,6.596666666666667,700.0,4617.666666666667,73664.0,75063.8,2.4703951521272565
Germany,1997,Maize,86577,30414.0,8.263333333333334,700.0,5784.333333333334,78272.0,77909.6,2.8465230971560085
Germany,1998,Maize,81561,33377.0,8.340000000000002,700.0,5838.000000000001,86577.0,78176.4,2.443555635448499
Germany,1999,Maize,87850,30019.0,8.716666666666667,700.0,6101.666666666667,81561.0,81584.8,2.926382411725516
Germany,2000,Maize,92119,35273.17,9.136666666666667,700.0,6395.666666666667,87850.0,85275.8,2.611514317700459
Germany,2001,Maize,88376,33423.49,8.156666666666666,700.0,5709.666666666666,92119.0,87296.6,2.6440493183291656
Germany,2002,Maize,93755,34431.72,8.793333333333333,700.0,6155.333333333333,88376.0,88732.2,2.722846176543706
Germany,2004,Maize,90966,34930.37,8.243333333333334,700.0,5770.333333333334,93755.0,90613.2,2.604134907963816
Germany,2005,Maize,92139,36386.27,8.17,700.0,5719.0,90966.0,91471.0,2.532176775009502
Germany,2006,Maize,80307,38540.15,8.88,700.0,6216.000000000001,92139.0,89108.6,2.083669013508938
Germany,2007,Maize,94475,40740.64,9.176666666666668,700.0,6423.666666666667,80307.0,90328.4,2.3188806341620025
Germany,2008,Maize,98099,43413.01,8.88,700.0,6216.000000000001,94475.0,91197.2,2.2596161930215612
Germany,2009,Maize,97500,39289.43,8.52,700.0,5964.0,98099.0,92504.0,2.4815203091439826
Germany,2010,Maize,90261,40832.42,7.1433333333333335,700.0,5000.333333333333,97500.0,92128.4,2.2104687777805534
Germany,2011,Maize,106243,43754.35,8.950000000000001,700.0,6265.000000000001,90261.0,97315.6,2.428114504854835
Germany,2012,Maize,104802,45522.5,8.346666666666666,700.0,5842.666666666666,106243.0,99381.0,2.302151635968236
Germany,2013,Maize,88276,43756.1,8.43,700.0,5901.0,104802.0,97416.4,2.017409746075494
Germany,1990,Potatoes,257764,31289.0,8.903333333333334,700.0,6232.333333333334,88276.0,129469.2,8.237903483541068
Germany,1991,Potatoes,298464,32006.0,7.6933333333333325,700.0,5385.333333333333,257764.0,171109.8,9.324960164963914
Germany,1992,Potatoes,301928,29542.0,8.71,700.0,6097.000000000001,298464.0,210246.8,10.219950580509765
Germany,1993,Potatoes,392539,25170.0,7.746666666666667,700.0,5422.666666666667,301928.0,267794.2,15.59489094592984
Germany,1994,Potatoes,329512,26330.0,8.933333333333334,700.0,6253.333333333334,392539.0,316041.4,12.514222779233602
Germany,1995,Potatoes,314059,30090.0,8.08,700.0,5656.0,329512.0,327300.4,10.436974510651025
Germany,1996,Potatoes,390096,31683.0,6.596666666666667,700.0,4617.666666666667,314059.0,345626.8,12.312081807852543
Germany,1997,Potatoes,384055,30414.0,8.263333333333334,700.0,5784.333333333334,390096.0,362052.2,12.627157652474109
Germany,1998,Potatoes,381394,33377.0,8.340000000000002,700.0,5838.000000000001,384055.0,359823.2,11.426508478638624
Germany,1999,Potatoes,374989,30019.0,8.716666666666667,700.0,6101.666666666667,381394.0,368918.6,12.49130579613591
Germany,2000,Potatoes,433437,35273.17,9.136666666666667,700.0,6395.666666666667,374989.0,392794.2,12.287659780513618
Germany,2001,Potatoes,407758,33423.49,8.156666666666666,700.0,5709.666666666666,433437.0,396326.6,12.199378359998912
Germany,2002,Potatoes,391226,34431.72,8.793333333333333,700.0,6155.333333333333,407758.0,397760.8,11.362041685931288
Germany,2004,Potatoes,441756,34930.37,8.243333333333334,700.0,5770.333333333334,391226.0,409833.2,12.646397779417182
Germany,2005,Potatoes,419798,36386.27,8.17,700.0,5719.0,441756.0,418795.0,11.536946849818632
Germany,2006,Potatoes,365680,38540.15,8.88,700.0,6216.000000000001,419798.0,405243.6,9.48804070454566
Germany,2007,Potatoes,423470,40740.64,9.176666666666668,700.0,6423.666666666667,365680.0,408386.0,10.394034211681218
Germany,2008,Potatoes,437606,43413.01,8.88,700.0,6216.000000000001,423470.0,417662.0,10.079833675811104
Germany,2009,Potatoes,443045,39289.43,8.52,700.0,5964.0,437606.0,417919.8,11.276155542202007
Germany,2010,Potatoes,398758,40832.42,7.1433333333333335,700.0,5000.333333333333,443045.0,413711.8,9.765481314080477
Germany,2011,Potatoes,457565,43754.35,8.950000000000001,700.0,6265.000000000001,398758.0,432088.8,10.45734978694034
Germany,2012,Potatoes,447570,45522.5,8.346666666666666,700.0,5842.666666666666,457565.0,436908.8,9.83162542423144
Germany,2013,Potatoes,398258,43756.1,8.43,700.0,5901.0,447570.0,429039.2,9.101562946356134
Germany,1990,Soybeans,19792,31289.0,8.903333333333334,700.0,6232.333333333334,398258.0,344388.6,0.6325343560242889
Germany,1991,Soybeans,23917,32006.0,7.6933333333333325,700.0,5385.333333333333,19792.0,269420.4,0.7472427906395476
Germany,1992,Soybeans,30000,29542.0,8.71,700.0,6097.000000000001,23917.0,183907.4,1.0154689774227397
Germany,1993,Soybeans,20000,25170.0,7.746666666666667,700.0,5422.666666666667,30000.0,98393.4,0.7945651742084144
Germany,1994,Soybeans,20000,26330.0,8.933333333333334,700.0,6253.333333333334,20000.0,22741.8,0.7595609737571684
Germany,1995,Soybeans,20587,30090.0,8.08,700.0,5656.0,20000.0,22900.8,0.6841580539031604
Germany,1996,Soybeans,20000,31683.0,6.596666666666667,700.0,4617.666666666667,20587.0,22117.4,0.6312334301224592
Germany,1997,Soybeans,20000,30414.0,8.263333333333334,700.0,5784.333333333334,20000.0,20117.4,0.6575702778234424
Germany,1998,Soybeans,21896,33377.0,8.340000000000002,700.0,5838.000000000001,20000.0,20496.6,0.6560009587153215
Germany,1999,Soybeans,26010,30019.0,8.716666666666667,700.0,6101.666666666667,21896.0,21698.6,0.8664223850766156
Germany,2000,Soybeans,20000,35273.17,9.136666666666667,700.0,6395.666666666667,26010.0,21581.2,0.566987118336165
Germany,2001,Soybeans,19584,33423.49,8.156666666666666,700.0,5709.666666666666,20000.0,21498.0,0.5859176908907212
Germany,2002,Soybeans,15337,34431.72,8.793333333333333,700.0,6155.333333333333,19584.0,20565.4,0.4454193569372388
Germany,2006,Soybeans,10000,38540.15,8.88,700.0,6216.000000000001,15337.0,18186.2,0.2594629376653265
Germany,2007,Soybeans,10000,40740.64,9.176666666666668,700.0,6423.666666666667,10000.0,14984.2,0.2454491277228899
Germany,2008,Soybeans,10000,43413.01,8.88,700.0,6216.000000000001,10000.0,12984.2,0.23034039011830512
Germany,2009,Soybeans,10000,39289.43,8.52,700.0,5964.0,10000.0,11067.4,0.2545149035019469
Germany,2010,Soybeans,20000,40832.42,7.1433333333333335,700.0,5000.333333333333,10000.0,12000.0,0.4897948788027062
Germany,2011,Soybeans,15000,43754.35,8.950000000000001,700.0,6265.000000000001,20000.0,13000.0,0.3428152214529195
Germany,2012,Soybeans,20000,45522.5,8.346666666666666,700.0,5842.666666666666,15000.0,15000.0,0.4393335310334223
Germany,2013,Soybeans,20000,43756.1,8.43,700.0,5901.0,20000.0,17000.0,0.4570686814254144
Germany,1990,Wheat,62734,31289.0,8.903333333333334,700.0,6232.333333333334,20000.0,27546.8,2.0049217002237136
Germany,1991,Wheat,67712,32006.0,7.6933333333333325,700.0,5385.333333333333,62734.0,37089.2,2.115537226231762
Germany,1992,Wheat,59811,29542.0,8.71,700.0,6097.000000000001,67712.0,46051.4,2.024540500287716
Germany,1993,Wheat,65841,25170.0,7.746666666666667,700.0,5422.666666666667,59811.0,55219.6,2.615748281752811
Germany,1994,Wheat,67684,26330.0,8.933333333333334,700.0,6253.333333333334,65841.0,64756.4,2.5705062473890092
Germany,1995,Wheat,68882,30090.0,8.08,700.0,5656.0,67684.0,65986.0,2.289122993586122
Germany,1996,Wheat,72932,31683.0,6.596666666666667,700.0,4617.666666666667,68882.0,67030.0,2.30185582628456
Germany,1997,Wheat,72902,30414.0,8.263333333333334,700.0,5784.333333333334,72932.0,69648.2,2.39690941969423
Germany,1998,Wheat,72035,33377.0,8.340000000000002,700.0,5838.000000000001,72902.0,70887.0,2.1581580681886274
Germany,1999,Wheat,75411,30019.0,8.716666666666667,700.0,6101.666666666667,72035.0,72432.4,2.5120253164556963
Germany,2000,Wheat,72826,35273.17,9.136666666666667,700.0,6395.666666666667,75411.0,73221.2,2.0645701939974774
Germany,2001,Wheat,78827,33423.49,8.156666666666666,700.0,5709.666666666666,72826.0,74400.2,2.358360591290997
Germany,2002,Wheat,69056,34431.72,8.793333333333333,700.0,6155.333333333333,78827.0,73631.0,2.0055342708911756
Germany,2004,Wheat,81716,34930.37,8.243333333333334,700.0,5770.333333333334,69056.0,75567.2,2.3393299489828197
Germany,2005,Wheat,74651,36386.27,8.17,700.0,5719.0,81716.0,75415.2,2.0515691339306303
Germany,2006,Wheat,72007,38540.15,8.88,700.0,6216.000000000001,74651.0,75251.4,1.8683147752467169
Germany,2007,Wheat,69611,40740.64,9.176666666666668,700.0,6423.666666666667,72007.0,73408.2,1.7085959229918088
Germany,2008,Wheat,80873,43413.01,8.88,700.0,6216.000000000001,69611.0,75771.6,1.8628318370037689
Germany,2009,Wheat,78091,39289.43,8.52,700.0,5964.0,80873.0,75046.6,1.9875323329370536
Germany,2010,Wheat,72120,40832.42,7.1433333333333335,700.0,5000.333333333333,78091.0,74540.4,1.7662003329625586
Germany,2011,Wheat,70139,43754.35,8.950000000000001,700.0,6265.000000000001,72120.0,74166.8,1.6029811211657548
Germany,2012,Wheat,73312,45522.5,8.346666666666666,700.0,5842.666666666666,70139.0,74907.0,1.6104209913561127
Germany,2013,Wheat,79979,43756.1,8.43,700.0,5901.0,73312.0,74728.2,1.8277948035861609
Ghana,1991,Cassava,106630,65.8,26.6,1187.0,31574.2,84170.0,95400.0,1596.2574850299402
Ghana,1992,Cassava,102591,65.8,26.47,1187.0,31419.89,106630.0,97797.0,1535.7934131736527
Ghana,1993,Cassava,112309,65.8,26.67,1187.0,31657.29,102591.0,101425.0,1681.2724550898204
Ghana,1994,Cassava,115776,65.8,26.62,1187.0,31597.940000000002,112309.0,104295.2,1733.1736526946108
Ghana,1995,Cassava,119924,65.8,26.87,1187.0,31894.690000000002,115776.0,111446.0,1795.2694610778444
Ghana,1996,Cassava,120392,1575.5,26.61,1187.0,31586.07,119924.0,114198.4,76.36663495084046
Ghana,1997,Cassava,118777,502.0,26.58,1187.0,31550.46,120392.0,117435.6,236.13717693836978
Ghana,1998,Cassava,113891,297.78,27.28,1187.0,32381.36,118777.0,117752.0,381.1868264274718
Ghana,1999,Cassava,122528,114.13,26.74,1187.0,31740.379999999997,113891.0,119102.4,1064.2577955354816
Ghana,2000,Cassava,122812,81.63,26.83,1187.0,31847.21,122528.0,119680.0,1486.2882730243255
Ghana,2001,Cassava,123436,82.0,26.76,1187.0,31764.120000000003,122812.0,120288.8,1487.1807228915663
Ghana,2002,Cassava,122489,89.88,26.92,1187.0,31954.04,123436.0,121031.2,1347.8102992957747
Ghana,2004,Cassava,124228,134.25,27.02,1187.0,32072.739999999998,122489.0,123098.6,918.5064695009243
Ghana,2005,Cassava,127560,166.16,27.06,1187.0,32120.219999999998,124228.0,124105.0,763.1012203876526
Ghana,2006,Cassava,122000,771.58,27.1,1187.0,32167.7,127560.0,123942.6,157.91244919619973
Ghana,2007,Cassava,127640,119.86,27.16,1187.0,32238.920000000002,122000.0,124783.4,1056.0979645871257
Ghana,2008,Cassava,135145,350.83,26.98,1187.0,32025.260000000002,127640.0,127314.6,384.12017167381975
Ghana,2009,Cassava,138074,378.97,27.14,1187.0,32215.18,135145.0,130083.8,363.3813195778614
Ghana,2010,Cassava,154330,378.97,27.57,1187.0,32725.59,138074.0,135437.8,406.1636444982498
Ghana,2011,Cassava,160124,378.97,27.11,1187.0,32179.57,154330.0,143062.6,421.4122167539542
Ghana,2012,Cassava,167489,378.97,26.86,1187.0,31882.82,160124.0,151032.4,440.7953259467852
Ghana,2013,Cassava,182704,378.97,27.24,1187.0,32333.879999999997,167489.0,160544.2,480.8379608916493
Ghana,1990,Maize,11889,65.8,26.73,1187.0,31728.510000000002,182704.0,135307.2,177.97904191616766
Ghana,1991,Maize,15260,65.8,26.6,1187.0,31574.2,11889.0,107493.2,228.4431137724551
Ghana,1992,Maize,12040,65.8,26.47,1187.0,31419.89,15260.0,77876.4,180.23952095808383
Ghana,1993,Maize,15092,65.8,26.67,1187.0,31657.29,12040.0,47397.0,225.92814371257487
Ghana,1994,Maize,14933,65.8,26.62,1187.0,31597.940000000002,15092.0,13842.8,223.54790419161677
Ghana,1995,Maize,15020,65.8,26.87,1187.0,31894.690000000002,14933.0,14469.0,224.85029940119762
Ghana,1996,Maize,15153,1575.5,26.61,1187.0,31586.07,15020.0,14447.6,9.611798287345385
Ghana,1997,Maize,15285,502.0,26.58,1187.0,31550.46,15153.0,15096.6,30.387673956262425
Ghana,1998,Maize,14850,297.78,27.28,1187.0,32381.36,15285.0,15048.2,49.70212196264811
Ghana,1999,Maize,14557,114.13,26.74,1187.0,31740.379999999997,14850.0,14973.0,126.43967688699732
Ghana,2000,Maize,14578,81.63,26.83,1187.0,31847.21,14557.0,14884.6,176.42502722981968
Ghana,2001,Maize,13150,82.0,26.76,1187.0,31764.120000000003,14578.0,14484.0,158.43373493975903
Ghana,2002,Maize,14900,89.88,26.92,1187.0,31954.04,13150.0,14407.0,163.9524647887324
Ghana,2004,Maize,15794,134.25,27.02,1187.0,32072.739999999998,14900.0,14595.8,116.77634011090574
Ghana,2005,Maize,15613,166.16,27.06,1187.0,32120.219999999998,15794.0,14807.0,93.4015314668581
Ghana,2006,Maize,14994,771.58,27.1,1187.0,32167.7,15613.0,14890.2,19.40769887908048
Ghana,2007,Maize,15437,119.86,27.16,1187.0,32238.920000000002,14994.0,15347.6,127.7262948866457
Ghana,2008,Maize,17371,350.83,26.98,1187.0,32025.260000000002,15437.0,15841.8,49.37327686666856
Ghana,2009,Maize,16969,378.97,27.14,1187.0,32215.18,17371.0,16076.8,44.65878885175145
Ghana,2010,Maize,18874,378.97,27.57,1187.0,32725.59,16969.0,16729.0,49.67234255335947
Ghana,2011,Maize,16458,378.97,27.11,1187.0,32179.57,18874.0,17021.8,43.3139458378293
Ghana,2012,Maize,18712,378.97,26.86,1187.0,31882.82,16458.0,17676.8,49.24599310471879
Ghana,2013,Maize,17240,378.97,27.24,1187.0,32333.879999999997,18712.0,17650.6,45.37200305287259
Ghana,1990,Plantains and others,61890,65.8,26.73,1187.0,31728.510000000002,17240.0,26634.8,926.497005988024
Ghana,1991,Plantains and others,67914,65.8,26.6,1187.0,31574.2,61890.0,36442.8,1016.6766467065869
Ghana,1992,Plantains and others,68873,65.8,26.47,1187.0,31419.89,67914.0,46925.8,1031.0329341317365
Ghana,1993,Plantains and others,80432,65.8,26.67,1187.0,31657.29,68873.0,59269.8,1204.0718562874251
Ghana,1994,Plantains and others,80365,65.8,26.62,1187.0,31597.940000000002,80432.0,71894.8,1203.0688622754492
Ghana,1995,Plantains and others,77059,65.8,26.87,1187.0,31894.690000000002,80365.0,74928.6,1153.5778443113772
Ghana,1996,Plantains and others,79711,1575.5,26.61,1187.0,31586.07,77059.0,77288.0,50.56200444021567
Ghana,1997,Plantains and others,80890,502.0,26.58,1187.0,31550.46,79711.0,79691.4,160.81510934393637
Ghana,1998,Plantains and others,77780,297.78,27.28,1187.0,32381.36,80890.0,79161.0,260.32532298011915
Ghana,1999,Plantains and others,81007,114.13,26.74,1187.0,31740.379999999997,77780.0,79289.4,703.6133066967776
Ghana,2000,Plantains and others,79071,81.63,26.83,1187.0,31847.21,81007.0,79691.8,956.9284763403123
Ghana,2001,Plantains and others,78227,82.0,26.76,1187.0,31764.120000000003,79071.0,79395.0,942.4939759036145
Ghana,2002,Plantains and others,82297,89.88,26.92,1187.0,31954.04,78227.0,79676.4,905.5567781690141
Ghana,2004,Plantains and others,84670,134.25,27.02,1187.0,32072.739999999998,82297.0,81054.4,626.0258780036969
Ghana,2005,Plantains and others,96276,166.16,27.06,1187.0,32120.219999999998,84670.0,84108.2,575.951184493898
Ghana,2006,Plantains and others,96990,771.58,27.1,1187.0,32167.7,96276.0,87692.0,125.54039711097879
Ghana,2007,Plantains and others,105924,119.86,27.16,1187.0,32238.920000000002,96990.0,93231.4,876.4189971868277
Ghana,2008,Plantains and others,107039,350.83,26.98,1187.0,32025.260000000002,105924.0,98179.8,304.23499985788595
Ghana,2009,Plantains and others,109659,378.97,27.14,1187.0,32215.18,107039.0,103177.6,288.5990999289417
Ghana,2010,Plantains and others,107868,378.97,27.57,1187.0,32725.59,109659.0,105496.0,283.8855699134142
Ghana,2011,Plantains and others,107574,378.97,27.11,1187.0,32179.57,107868.0,107612.8,283.11182461773296
Ghana,2012,Plantains and others,105443,378.97,26.86,1187.0,31882.82,107574.0,107516.6,277.503487117404
Ghana,2013,Plantains and others,108397,378.97,27.24,1187.0,32333.879999999997,105443.0,107788.2,285.2777850882964
Ghana,1990,"Rice, paddy",16510,65.8,26.73,1187.0,31728.510000000002,108397.0,89158.4,247.1556886227545
Ghana,1991,"Rice, paddy",15901,65.8,26.6,1187.0,31574.2,16510.0,70765.0,238.03892215568862
Ghana,1992,"Rice, paddy",16499,65.8,26.47,1187.0,31419.89,15901.0,52550.0,246.99101796407186
Ghana,1993,"Rice, paddy",20389,65.8,26.67,1187.0,31657.29,16499.0,35539.2,305.22455089820363
Ghana,1994,"Rice, paddy",20062,65.8,26.62,1187.0,31597.940000000002,20389.0,17872.2,300.3293413173653
Ghana,1995,"Rice, paddy",20192,65.8,26.87,1187.0,31894.690000000002,20062.0,18608.6,302.2754491017964
Ghana,1996,"Rice, paddy",20496,1575.5,26.61,1187.0,31586.07,20192.0,19527.6,13.000951474785918
Ghana,1997,"Rice, paddy",16746,502.0,26.58,1187.0,31550.46,20496.0,19577.0,33.29224652087475
Ghana,1998,"Rice, paddy",14847,297.78,27.28,1187.0,32381.36,16746.0,18468.6,49.69208112992838
Ghana,1999,"Rice, paddy",19919,114.13,26.74,1187.0,31740.379999999997,14847.0,18440.0,173.01311560844263
Ghana,2000,"Rice, paddy",21589,81.63,26.83,1187.0,31847.21,19919.0,18719.4,261.2731453467264
Ghana,2001,"Rice, paddy",20185,82.0,26.76,1187.0,31764.120000000003,21589.0,18657.2,243.19277108433735
Ghana,2002,"Rice, paddy",22799,89.88,26.92,1187.0,31954.04,20185.0,19867.8,250.8692781690141
Ghana,2004,"Rice, paddy",20253,134.25,27.02,1187.0,32072.739999999998,22799.0,20949.0,149.7449168207024
Ghana,2005,"Rice, paddy",23917,166.16,27.06,1187.0,32120.219999999998,20253.0,21748.6,143.07848767647764
Ghana,2006,"Rice, paddy",20000,771.58,27.1,1187.0,32167.7,23917.0,21430.8,25.887286753475365
Ghana,2007,"Rice, paddy",17015,119.86,27.16,1187.0,32238.920000000002,20000.0,20796.8,140.7827238126758
Ghana,2008,"Rice, paddy",22735,350.83,26.98,1187.0,32025.260000000002,17015.0,20784.0,64.61927635505785
Ghana,2009,"Rice, paddy",24109,378.97,27.14,1187.0,32215.18,22735.0,21555.2,63.449746032581515
Ghana,2010,"Rice, paddy",27126,378.97,27.57,1187.0,32725.59,24109.0,22197.0,71.38984656683422
Ghana,2011,"Rice, paddy",23495,378.97,27.11,1187.0,32179.57,27126.0,22896.0,61.83382898649893
Ghana,2012,"Rice, paddy",25386,378.97,26.86,1187.0,31882.82,23495.0,24570.2,66.81053767402689
Ghana,2013,"Rice, paddy",26378,378.97,27.24,1187.0,32333.879999999997,25386.0,25298.8,69.42127010027107
Ghana,1990,Sorghum,6310,65.8,26.73,1187.0,31728.510000000002,26378.0,21739.0,94.46107784431138
Ghana,1991,Sorghum,9193,65.8,26.6,1187.0,31574.2,6310.0,18152.4,137.61976047904193
Ghana,1992,Sorghum,8422,65.8,26.47,1187.0,31419.89,9193.0,15137.8,126.07784431137725
Ghana,1993,Sorghum,10604,65.8,26.67,1187.0,31657.29,8422.0,12181.4,158.7425149700599
Ghana,1994,Sorghum,10825,65.8,26.62,1187.0,31597.940000000002,10604.0,9070.8,162.05089820359282
Ghana,1995,Sorghum,10765,65.8,26.87,1187.0,31894.690000000002,10825.0,9961.8,161.15269461077844
Ghana,1996,Sorghum,11245,1575.5,26.61,1187.0,31586.07,10765.0,10372.2,7.132889311766571
Ghana,1997,Sorghum,10278,502.0,26.58,1187.0,31550.46,11245.0,10743.4,20.433399602385688
Ghana,1998,Sorghum,11656,297.78,27.28,1187.0,32381.36,10278.0,10953.8,39.01198206037888
Ghana,1999,Sorghum,9689,114.13,26.74,1187.0,31740.379999999997,11656.0,10726.6,84.15703986797534
Ghana,2000,Sorghum,9692,81.63,26.83,1187.0,31847.21,9689.0,10512.0,117.29396103110251
Ghana,2001,Sorghum,8499,82.0,26.76,1187.0,31764.120000000003,9692.0,9962.8,102.39759036144578
Ghana,2002,Sorghum,9375,89.88,26.92,1187.0,31954.04,8499.0,9782.2,103.15801056338029
Ghana,2004,Sorghum,9627,134.25,27.02,1187.0,32072.739999999998,9375.0,9376.4,71.17929759704252
Ghana,2005,Sorghum,10000,166.16,27.06,1187.0,32120.219999999998,9627.0,9438.6,59.82292414453219
Ghana,2006,Sorghum,9844,771.58,27.1,1187.0,32167.7,10000.0,9469.0,12.741722540060575
Ghana,2007,Sorghum,7427,119.86,27.16,1187.0,32238.920000000002,9844.0,9254.6,61.451265927519444
Ghana,2008,Sorghum,11997,350.83,26.98,1187.0,32025.260000000002,7427.0,9779.0,34.098854560441126
Ghana,2009,Sorghum,13119,378.97,27.14,1187.0,32215.18,11997.0,10477.4,34.52640997973524
Ghana,2010,Sorghum,12846,378.97,27.57,1187.0,32725.59,13119.0,11046.6,33.80793220517409
Ghana,2011,Sorghum,11790,378.97,27.11,1187.0,32179.57,12846.0,11435.8,31.028765428849646
Ghana,2012,Sorghum,12129,378.97,26.86,1187.0,31882.82,11790.0,12376.2,31.920941126931073
Ghana,2013,Sorghum,11369,378.97,27.24,1187.0,32333.879999999997,12129.0,12250.6,29.92078321972787
Ghana,1996,Sweet potatoes,13596,1575.5,26.61,1187.0,31586.07,11369.0,12346.0,8.624167459562322
Ghana,1997,Sweet potatoes,13593,502.0,26.58,1187.0,31550.46,13596.0,12495.4,27.02385685884692
Ghana,1998,Sweet potatoes,13617,297.78,27.28,1187.0,32381.36,13593.0,12860.8,45.575339714840354
Ghana,1999,Sweet potatoes,13846,114.13,26.74,1187.0,31740.379999999997,13617.0,13204.2,120.26404933553376
Ghana,2000,Sweet potatoes,13953,81.63,26.83,1187.0,31847.21,13846.0,13721.0,168.86118843035217
Ghana,2001,Sweet potatoes,14066,82.0,26.76,1187.0,31764.120000000003,13953.0,13815.0,169.46987951807228
Ghana,2002,Sweet potatoes,14071,89.88,26.92,1187.0,31954.04,14066.0,13910.6,154.8305457746479
Ghana,2004,Sweet potatoes,14259,134.25,27.02,1187.0,32072.739999999998,14071.0,14039.0,105.42698706099816
Ghana,2005,Sweet potatoes,13869,166.16,27.06,1187.0,32120.219999999998,14259.0,14043.6,82.9684134960517
Ghana,2006,Sweet potatoes,14765,771.58,27.1,1187.0,32167.7,13869.0,14206.0,19.11128944575319
Ghana,2007,Sweet potatoes,15242,119.86,27.16,1187.0,32238.920000000002,14765.0,14441.2,126.11285785206023
Ghana,2008,Sweet potatoes,15759,350.83,26.98,1187.0,32025.260000000002,15242.0,14778.8,44.791518631157096
Ghana,2009,Sweet potatoes,16326,378.97,27.14,1187.0,32215.18,15759.0,15192.2,42.96654999078874
Ghana,2010,Sweet potatoes,16904,378.97,27.57,1187.0,32725.59,16326.0,15799.2,44.487722714951175
Ghana,2011,Sweet potatoes,17687,378.97,27.11,1187.0,32179.57,16904.0,16383.6,46.548411716714476
Ghana,2012,Sweet potatoes,18243,378.97,26.86,1187.0,31882.82,17687.0,16983.8,48.01168513303681
Ghana,2013,Sweet potatoes,18243,378.97,27.24,1187.0,32333.879999999997,18243.0,17480.6,48.01168513303681
Ghana,1990,Yams,73451,65.8,26.73,1187.0,31728.510000000002,18243.0,28905.6,1099.565868263473
Ghana,1991,Yams,115790,65.8,26.6,1187.0,31574.2,73451.0,48682.8,1733.3832335329341
Ghana,1992,Yams,104034,65.8,26.47,1187.0,31419.89,115790.0,65952.2,1557.3952095808384
Ghana,1993,Yams,131606,65.8,26.67,1187.0,31657.29,104034.0,88624.8,1970.1497005988024
Ghana,1994,Yams,110256,65.8,26.62,1187.0,31597.940000000002,131606.0,107027.4,1650.5389221556886
Ghana,1995,Yams,120710,65.8,26.87,1187.0,31894.690000000002,110256.0,116479.2,1807.0359281437127
Ghana,1996,Yams,127793,1575.5,26.61,1187.0,31586.07,120710.0,118879.8,81.06121154456073
Ghana,1997,Yams,128490,502.0,26.58,1187.0,31550.46,127793.0,123771.0,255.44731610337973
Ghana,1998,Yams,128148,297.78,27.28,1187.0,32381.36,128490.0,123079.4,428.90421045585384
Ghana,1999,Yams,133871,114.13,26.74,1187.0,31740.379999999997,128148.0,127802.4,1162.78120385651
Ghana,2000,Yams,128847,81.63,26.83,1187.0,31847.21,133871.0,129429.8,1559.3247004719835
Ghana,2001,Yams,123414,82.0,26.76,1187.0,31764.120000000003,128847.0,128554.0,1486.9156626506024
Ghana,2002,Yams,129996,89.88,26.92,1187.0,31954.04,123414.0,128855.2,1430.4137323943662
Ghana,2004,Yams,125220,134.25,27.02,1187.0,32072.739999999998,129996.0,128269.6,925.8410351201479
Ghana,2005,Yams,108072,166.16,27.06,1187.0,32120.219999999998,125220.0,123109.8,646.5183058147883
Ghana,2006,Yams,131938,771.58,27.1,1187.0,32167.7,108072.0,123728.0,170.77584198400166
Ghana,2007,Yams,135233,119.86,27.16,1187.0,32238.920000000002,131938.0,126091.8,1118.9227205030613
Ghana,2008,Yams,140831,350.83,26.98,1187.0,32025.260000000002,135233.0,128258.8,400.2813858965978
Ghana,2009,Yams,152555,378.97,27.14,1187.0,32215.18,140831.0,133725.8,401.49222307024235
Ghana,2010,Yams,154841,378.97,27.57,1187.0,32725.59,152555.0,143079.6,407.508487512172
Ghana,2011,Yams,155906,378.97,27.11,1187.0,32179.57,154841.0,147873.2,410.31134036897646
Ghana,2012,Yams,155717,378.97,26.86,1187.0,31882.82,155906.0,151970.0,409.8139326788957
Ghana,2013,Yams,167820,378.97,27.24,1187.0,32333.879999999997,155717.0,157367.8,441.6664473511066
India,1991,Cassava,218925,72133.0,25.752272727272725,1083.0,27889.71136363636,205381.0,212153.0,3.034976571381041
India,1992,Cassava,232463,70791.0,25.719545454545457,1083.0,27854.26772727273,218925.0,218923.0,3.283746751045316
India,1993,Cassava,230430,66388.0,25.920454545454547,1083.0,28071.852272727276,232463.0,221799.75,3.470906324842971
India,1994,Cassava,245277,61357.0,25.717272727272725,1083.0,27851.806363636362,230430.0,226495.2,3.9974738420417877
India,1995,Cassava,252775,61257.0,25.900454545454544,1083.0,28050.192272727272,245277.0,235974.0,4.126399817166737
India,1996,Cassava,238528,56114.0,25.839545454545455,1083.0,27984.227727272726,252775.0,239894.6,4.250699456473313
India,1997,Cassava,221117,52279.0,25.346363636363638,1083.0,27450.11181818182,238528.0,237625.4,4.229475899005355
India,1998,Cassava,252815,49157.0,26.125454545454545,1083.0,28293.86727272727,221117.0,242102.4,5.142906546238659
India,1999,Cassava,239523,46195.0,26.096363636363638,1083.0,28262.36181818182,252815.0,240951.6,5.184929431119578
India,2000,Cassava,269087,44957.52,25.991363636363634,1083.0,28148.646818181816,239523.0,244214.0,5.985228161425243
India,2001,Cassava,266998,43720.04,25.957727272727276,1083.0,28112.21863636364,269087.0,249908.0,6.106853816835098
India,2002,Cassava,272746,42482.56,26.45590909090909,1083.0,28651.749545454542,266998.0,260233.8,6.420036362301088
India,2004,Cassava,270436,35113.0,26.159545454545455,1083.0,28330.787727272727,272746.0,263758.0,7.701657458563536
India,2005,Cassava,304978,35342.0,25.895454545454548,1083.0,28044.777272727275,270436.0,276849.0,8.629092040856747
India,2006,Cassava,321132,37423.0,26.203636363636363,1083.0,28378.53818181818,304978.0,287258.0,8.580910645575033
India,2007,Cassava,322204,27422.77,26.078181818181818,1083.0,28242.67090909091,321132.0,298299.2,11.749077533832876
India,2008,Cassava,335407,14485.33,25.765454545454546,1083.0,27903.987272727274,322204.0,310831.4,23.15334525721836
India,2009,Cassava,343433,28707.01,26.612727272727273,1083.0,28821.583636363637,335407.0,325430.8,11.962967826749399
India,2010,Cassava,347555,40093.69,26.579090909090908,1083.0,28785.155454545453,343433.0,333946.2,8.668354837012082
India,2011,Cassava,364770,55540.0,25.79909090909091,1083.0,27940.415454545455,347555.0,342673.8,6.5675807061450096
India,2012,Cassava,385818,52980.0,26.017272727272726,1083.0,28176.706363636364,364770.0,355396.6,7.282195504048621
India,2013,Cassava,349594,45620.0,26.75181818181818,1083.0,28972.21909090909,385818.0,358234.0,7.663006071765196
India,1990,Maize,15178,75000.0,25.604545454545452,1083.0,27729.722727272725,349594.0,292583.0,0.20237063505819922
India,1991,Maize,13763,72133.0,25.752272727272725,1083.0,27889.71136363636,15178.0,225824.6,0.19079768209166273
India,1992,Maize,16758,70791.0,25.719545454545457,1083.0,27854.26772727273,13763.0,156222.2,0.23672166346479828
India,1993,Maize,16015,66388.0,25.920454545454547,1083.0,28071.852272727276,16758.0,82261.6,0.2412297217912606
India,1994,Maize,14480,61357.0,25.717272727272725,1083.0,27851.806363636362,16015.0,15238.8,0.23599204667687995
India,1995,Maize,15946,61257.0,25.900454545454544,1083.0,28050.192272727272,14480.0,15392.4,0.26030885761859673
India,1996,Maize,17094,56114.0,25.839545454545455,1083.0,27984.227727272726,15946.0,16058.6,0.3046244319700615
India,1997,Maize,17111,52279.0,25.346363636363638,1083.0,27450.11181818182,17094.0,16129.2,0.3272953328232594
India,1998,Maize,17969,49157.0,26.125454545454545,1083.0,28293.86727272727,17111.0,16520.0,0.36553561983807314
India,1999,Maize,17922,46195.0,26.096363636363638,1083.0,28262.36181818182,17969.0,17208.4,0.38795566715732965
India,2000,Maize,18216,44957.52,25.991363636363634,1083.0,28148.646818181816,17922.0,17662.4,0.4051734799099259
India,2001,Maize,19996,43720.04,25.957727272727276,1083.0,28112.21863636364,18216.0,18242.8,0.45735417089803904
India,2002,Maize,16807,42482.56,26.45590909090909,1083.0,28651.749545454542,19996.0,18182.0,0.3956118555036348
India,2004,Maize,19073,35113.0,26.159545454545455,1083.0,28330.787727272727,16807.0,18402.8,0.5431736629264681
India,2005,Maize,19385,35342.0,25.895454545454548,1083.0,28044.777272727275,19073.0,18695.4,0.5484820190702544
India,2006,Maize,19125,37423.0,26.203636363636363,1083.0,28378.53818181818,19385.0,18877.2,0.5110356990166738
India,2007,Maize,23352,27422.77,26.078181818181818,1083.0,28242.67090909091,19125.0,19548.4,0.8515240610608972
India,2008,Maize,24140,14485.33,25.765454545454546,1083.0,27903.987272727274,23352.0,21015.0,1.6663985978505254
India,2009,Maize,20238,28707.01,26.612727272727273,1083.0,28821.583636363637,24140.0,21248.0,0.7049600442524578
India,2010,Maize,25401,40093.69,26.579090909090908,1083.0,28785.155454545453,20238.0,22451.2,0.6335252872637249
India,2011,Maize,24784,55540.0,25.79909090909091,1083.0,27940.415454545455,25401.0,23583.0,0.4462289119749374
India,2012,Maize,25557,52980.0,26.017272727272726,1083.0,28176.706363636364,24784.0,24024.0,0.4823804760197052
India,2013,Maize,25726,45620.0,26.75181818181818,1083.0,28972.21909090909,25557.0,24341.2,0.5639069726660968
India,1990,Potatoes,157136,75000.0,25.604545454545452,1083.0,27729.722727272725,25726.0,51720.8,2.0951187317502433
India,1991,Potatoes,162540,72133.0,25.752272727272725,1083.0,27889.71136363636,157136.0,79148.6,2.253306346521751
India,1992,Potatoes,160294,70791.0,25.719545454545457,1083.0,27854.26772727273,162540.0,106250.6,2.2642954006102385
India,1993,Potatoes,149024,66388.0,25.920454545454547,1083.0,28071.852272727276,160294.0,130944.0,2.2447092138757925
India,1994,Potatoes,166101,61357.0,25.717272727272725,1083.0,27851.806363636362,149024.0,159019.0,2.7070797614003066
India,1995,Potatoes,162720,61257.0,25.900454545454544,1083.0,28050.192272727272,166101.0,160135.8,2.6563061151196576
India,1996,Potatoes,169913,56114.0,25.839545454545455,1083.0,27984.227727272726,162720.0,161610.4,3.0279426178383675
India,1997,Potatoes,193913,52279.0,25.346363636363638,1083.0,27450.11181818182,169913.0,168334.2,3.709123947972456
India,1998,Potatoes,146020,49157.0,26.125454545454545,1083.0,28293.86727272727,193913.0,167733.4,2.970421904878148
India,1999,Potatoes,175712,46195.0,26.096363636363638,1083.0,28262.36181818182,146020.0,169655.6,3.803619360983635
India,2000,Potatoes,186443,44957.52,25.991363636363634,1083.0,28148.646818181816,175712.0,174400.2,4.147000390582252
India,2001,Potatoes,183627,43720.04,25.957727272727276,1083.0,28112.21863636364,186443.0,177143.0,4.1999687107168535
India,2002,Potatoes,194173,42482.56,26.45590909090909,1083.0,28651.749545454542,183627.0,177195.0,4.570544464729416
India,2004,Potatoes,188091,35113.0,26.159545454545455,1083.0,28330.787727272727,194173.0,185609.2,5.356581420516034
India,2005,Potatoes,188908,35342.0,25.895454545454548,1083.0,28044.777272727275,188091.0,188248.4,5.34499052146111
India,2006,Potatoes,185920,37423.0,26.203636363636363,1083.0,28378.53818181818,188908.0,188143.8,4.967935014963659
India,2007,Potatoes,164101,27422.77,26.078181818181818,1083.0,28242.67090909091,185920.0,184238.6,5.983896451873685
India,2008,Potatoes,192973,14485.33,25.765454545454546,1083.0,27903.987272727274,164101.0,183998.6,13.321041285128807
India,2009,Potatoes,188103,28707.01,26.612727272727273,1083.0,28821.583636363637,192973.0,184001.0,6.5522827949412035
India,2010,Potatoes,199299,40093.69,26.579090909090908,1083.0,28785.155454545453,188103.0,186079.2,4.9707080912709385
India,2011,Potatoes,227240,55540.0,25.79909090909091,1083.0,27940.415454545455,199299.0,194343.2,4.091391944689509
India,2012,Potatoes,217530,52980.0,26.017272727272726,1083.0,28176.706363636364,227240.0,205029.0,4.105811517336404
India,2013,Potatoes,227606,45620.0,26.75181818181818,1083.0,28972.21909090909,217530.0,211955.6,4.989062054755485
India,1990,"Rice, paddy",26125,75000.0,25.604545454545452,1083.0,27729.722727272725,227606.0,179560.0,0.348328688950814
India,1991,"Rice, paddy",26271,72133.0,25.752272727272725,1083.0,27889.71136363636,26125.0,144954.4,0.3641971885657249
India,1992,"Rice, paddy",26092,70791.0,25.719545454545457,1083.0,27854.26772727273,26271.0,104724.8,0.3685727200813651
India,1993,"Rice, paddy",28303,66388.0,25.920454545454547,1083.0,28071.852272727276,26092.0,66879.4,0.426320625404811
India,1994,"Rice, paddy",28645,61357.0,25.717272727272725,1083.0,27851.806363636362,28303.0,27087.2,0.466850288470941
India,1995,"Rice, paddy",26972,61257.0,25.900454545454544,1083.0,28050.192272727272,28645.0,27256.6,0.44030167488328054
India,1996,"Rice, paddy",28226,56114.0,25.839545454545455,1083.0,27984.227727272726,26972.0,27647.6,0.5030027621847991
India,1997,"Rice, paddy",28457,52279.0,25.346363636363638,1083.0,27450.11181818182,28226.0,28120.6,0.5443190512624331
India,1998,"Rice, paddy",28805,49157.0,26.125454545454545,1083.0,28293.86727272727,28457.0,28221.0,0.585967696000651
India,1999,"Rice, paddy",29782,46195.0,26.096363636363638,1083.0,28262.36181818182,28805.0,28448.4,0.6446878517620573
India,2000,"Rice, paddy",28508,44957.52,25.991363636363634,1083.0,28148.646818181816,29782.0,28755.6,0.6340956063500311
India,2001,"Rice, paddy",31158,43720.04,25.957727272727276,1083.0,28112.21863636364,28508.0,29342.0,0.7126545937608071
India,2002,"Rice, paddy",26163,42482.56,26.45590909090909,1083.0,28651.749545454542,31158.0,28883.2,0.6158382207140833
India,2004,"Rice, paddy",29756,35113.0,26.159545454545455,1083.0,28330.787727272727,26163.0,29073.4,0.8474112889445805
India,2005,"Rice, paddy",31537,35342.0,25.895454545454548,1083.0,28044.777272727275,29756.0,29424.4,0.8923124805477747
India,2006,"Rice, paddy",31759,37423.0,26.203636363636363,1083.0,28378.53818181818,31537.0,30074.6,0.8486265498076101
India,2007,"Rice, paddy",32924,27422.77,26.078181818181818,1083.0,28242.67090909091,31759.0,30427.8,1.2005643279534506
India,2008,"Rice, paddy",32509,14485.33,25.765454545454546,1083.0,27903.987272727274,32924.0,31697.0,2.244115659383709
India,2009,"Rice, paddy",32366,28707.01,26.612727272727273,1083.0,28821.583636363637,32509.0,32219.0,1.1274205352443447
India,2010,"Rice, paddy",33587,40093.69,26.579090909090908,1083.0,28785.155454545453,32366.0,32629.0,0.837691973675317
India,2011,"Rice, paddy",35878,55540.0,25.79909090909091,1083.0,27940.415454545455,33587.0,33452.8,0.6459732449901874
India,2012,"Rice, paddy",36909,52980.0,26.017272727272726,1083.0,28176.706363636364,35878.0,34249.8,0.6966459674222835
India,2013,"Rice, paddy",36070,45620.0,26.75181818181818,1083.0,28972.21909090909,36909.0,34962.0,0.7906446592577979
India,1990,Sorghum,8136,75000.0,25.604545454545452,1083.0,27729.722727272725,36070.0,30116.0,0.10847855361928507
India,1991,Sorghum,6553,72133.0,25.752272727272725,1083.0,27889.71136363636,8136.0,24709.2,0.09084481659134389
India,1992,Sorghum,9820,70791.0,25.719545454545457,1083.0,27854.26772727273,6553.0,19497.6,0.13871623912306474
India,1993,Sorghum,8981,66388.0,25.920454545454547,1083.0,28071.852272727276,9820.0,13912.0,0.13527843468044404
India,1994,Sorghum,7786,61357.0,25.717272727272725,1083.0,27851.806363636362,8981.0,8255.2,0.12689461846865935
India,1995,Sorghum,8235,61257.0,25.900454545454544,1083.0,28050.192272727272,7786.0,8275.0,0.1344314212021287
India,1996,Sorghum,9591,56114.0,25.839545454545455,1083.0,27984.227727272726,8235.0,8882.6,0.17091686714782145
India,1997,Sorghum,6920,52279.0,25.346363636363638,1083.0,27450.11181818182,9591.0,8302.6,0.13236419280795717
India,1998,Sorghum,8592,49157.0,26.125454545454545,1083.0,28293.86727272727,6920.0,8224.8,0.1747833516416453
India,1999,Sorghum,8472,46195.0,26.096363636363638,1083.0,28262.36181818182,8592.0,8362.0,0.18339250151528272
India,2000,Sorghum,7639,44957.52,25.991363636363634,1083.0,28148.646818181816,8472.0,8242.8,0.16991217682432608
India,2001,Sorghum,7715,43720.04,25.957727272727276,1083.0,28112.21863636364,7639.0,7867.6,0.17645966335658986
India,2002,Sorghum,7602,42482.56,26.45590909090909,1083.0,28651.749545454542,7715.0,8004.0,0.17893980636274362
India,2004,Sorghum,7161,35113.0,26.159545454545455,1083.0,28330.787727272727,7602.0,7717.8,0.20393575212166087
India,2005,Sorghum,7968,35342.0,25.895454545454548,1083.0,28044.777272727275,7161.0,7617.0,0.22544775485951957
India,2006,Sorghum,8803,37423.0,26.203636363636363,1083.0,28378.53818181818,7968.0,7849.8,0.23522338606241983
India,2007,Sorghum,8443,27422.77,26.078181818181818,1083.0,28242.67090909091,8803.0,7995.4,0.3078716018986449
India,2008,Sorghum,10209,14485.33,25.765454545454546,1083.0,27903.987272727274,8443.0,8516.8,0.7047333589666948
India,2009,Sorghum,9621,28707.01,26.612727272727273,1083.0,28821.583636363637,10209.0,9008.8,0.3351329472157771
India,2010,Sorghum,8602,40093.69,26.579090909090908,1083.0,28785.155454545453,9621.0,9135.6,0.21454212515422863
India,2011,Sorghum,9487,55540.0,25.79909090909091,1083.0,27940.415454545455,8602.0,9272.4,0.17081075241713328
India,2012,Sorghum,9568,52980.0,26.017272727272726,1083.0,28176.706363636364,9487.0,9497.4,0.18059304278892432
India,2013,Sorghum,8502,45620.0,26.75181818181818,1083.0,28972.21909090909,9568.0,9156.0,0.1863615440257776
India,1990,Soybeans,10145,75000.0,25.604545454545452,1083.0,27729.722727272725,8502.0,9260.8,0.1352648631351582
India,1991,Soybeans,7825,72133.0,25.752272727272725,1083.0,27889.71136363636,10145.0,9105.4,0.10847866470735021
India,1992,Soybeans,8947,70791.0,25.719545454545457,1083.0,27854.26772727273,7825.0,8997.4,0.12638433721324444
India,1993,Soybeans,10857,66388.0,25.920454545454547,1083.0,28071.852272727276,8947.0,9255.2,0.16353612797300757
India,1994,Soybeans,9106,61357.0,25.717272727272725,1083.0,27851.806363636362,10857.0,9376.0,0.14840770559666222
India,1995,Soybeans,10121,61257.0,25.900454545454544,1083.0,28050.192272727272,9106.0,9371.2,0.16521923667112867
India,1996,Soybeans,10319,56114.0,25.839545454545455,1083.0,27984.227727272726,10121.0,9870.0,0.1838902254299207
India,1997,Soybeans,10789,52279.0,25.346363636363638,1083.0,27450.11181818182,10319.0,10238.4,0.20636954858454476
India,1998,Soybeans,11001,49157.0,26.125454545454545,1083.0,28293.86727272727,10789.0,10267.2,0.2237886000244111
India,1999,Soybeans,11380,46195.0,26.096363636363638,1083.0,28262.36181818182,11001.0,10722.0,0.2463416746038618
India,2000,Soybeans,8222,44957.52,25.991363636363634,1083.0,28148.646818181816,11380.0,10342.2,0.18287968554125003
India,2001,Soybeans,9400,43720.04,25.957727272727276,1083.0,28112.21863636364,8222.0,10158.4,0.21499946021412117
India,2002,Soybeans,7624,42482.56,26.45590909090909,1083.0,28651.749545454542,9400.0,9525.4,0.1794576537371162
India,2004,Soybeans,9082,35113.0,26.159545454545455,1083.0,28330.787727272727,7624.0,9141.6,0.2586432761861366
India,2005,Soybeans,10734,35342.0,25.895454545454548,1083.0,28044.777272727275,9082.0,9012.4,0.30370936253289194
India,2006,Soybeans,10628,37423.0,26.203636363636363,1083.0,28378.53818181818,10734.0,9493.6,0.28398888413852075
India,2007,Soybeans,12351,27422.77,26.078181818181818,1083.0,28242.67090909091,10628.0,10083.8,0.4503757142070547
India,2008,Soybeans,10415,14485.33,25.765454545454546,1083.0,27903.987272727274,12351.0,10642.0,0.7189536618315336
India,2009,Soybeans,10236,28707.01,26.612727272727273,1083.0,28821.583636363637,10415.0,10872.8,0.3565555397256724
India,2010,Soybeans,13330,40093.69,26.579090909090908,1083.0,28785.155454545453,10236.0,11392.0,0.3324629770176549
India,2011,Soybeans,11998,55540.0,25.79909090909091,1083.0,27940.415454545455,13330.0,11666.0,0.21602059739651788
India,2012,Soybeans,13530,52980.0,26.017272727272726,1083.0,28176.706363636364,11998.0,11901.8,0.25537456824144505
India,2013,Soybeans,10123,45620.0,26.75181818181818,1083.0,28972.21909090909,13530.0,11843.4,0.2218934262729883
India,1990,Sweet potatoes,79663,75000.0,25.604545454545452,1083.0,27729.722727272725,10123.0,25728.8,1.0621591712110505
India,1991,Sweet potatoes,83453,72133.0,25.752272727272725,1083.0,27889.71136363636,79663.0,39753.4,1.1569162946738016
India,1992,Sweet potatoes,82835,70791.0,25.719545454545457,1083.0,27854.26772727273,83453.0,53920.8,1.1701180924398238
India,1993,Sweet potatoes,85962,66388.0,25.920454545454547,1083.0,28071.852272727276,82835.0,68407.2,1.2948229375348326
India,1994,Sweet potatoes,84823,61357.0,25.717272727272725,1083.0,27851.806363636362,85962.0,83347.2,1.3824277192868086
India,1995,Sweet potatoes,80643,61257.0,25.900454545454544,1083.0,28050.192272727272,84823.0,83543.2,1.3164484638741063
India,1996,Sweet potatoes,80716,56114.0,25.839545454545455,1083.0,27984.227727272726,80643.0,82995.8,1.4384032789806647
India,1997,Sweet potatoes,84850,52279.0,25.346363636363638,1083.0,27450.11181818182,80716.0,83398.8,1.622991583779648
India,1998,Sweet potatoes,86907,49157.0,26.125454545454545,1083.0,28293.86727272727,84850.0,83587.8,1.7679116318808739
India,1999,Sweet potatoes,85744,46195.0,26.096363636363638,1083.0,28262.36181818182,86907.0,83772.0,1.8560914364880077
India,2000,Sweet potatoes,97421,44957.52,25.991363636363634,1083.0,28148.646818181816,85744.0,87127.6,2.1669085192306152
India,2001,Sweet potatoes,88368,43720.04,25.957727272727276,1083.0,28112.21863636364,97421.0,88658.0,2.021177904276751
India,2002,Sweet potatoes,85694,42482.56,26.45590909090909,1083.0,28651.749545454542,88368.0,88826.8,2.01710967724927
India,2004,Sweet potatoes,88588,35113.0,26.159545454545455,1083.0,28330.787727272727,85694.0,89163.0,2.5228683715896794
India,2005,Sweet potatoes,88477,35342.0,25.895454545454548,1083.0,28044.777272727275,88588.0,89709.6,2.503381150439974
India,2006,Sweet potatoes,86849,37423.0,26.203636363636363,1083.0,28378.53818181818,88477.0,87595.2,2.3206765711842667
India,2007,Sweet potatoes,86976,27422.77,26.078181818181818,1083.0,28242.67090909091,86849.0,87316.8,3.171555187342951
India,2008,Sweet potatoes,88943,14485.33,25.765454545454546,1083.0,27903.987272727274,86976.0,87966.6,6.139788338385222
India,2009,Sweet potatoes,90080,28707.01,26.612727272727273,1083.0,28821.583636363637,88943.0,88265.0,3.137800216733936
India,2010,Sweet potatoes,92069,40093.69,26.579090909090908,1083.0,28785.155454545453,90080.0,88983.4,2.296289109605287
India,2011,Sweet potatoes,92456,55540.0,25.79909090909091,1083.0,27940.415454545455,92069.0,90104.8,1.664644136763832
India,2012,Sweet potatoes,97174,52980.0,26.017272727272726,1083.0,28176.706363636364,92456.0,92144.4,1.8341292161340859
India,2013,Sweet potatoes,101288,45620.0,26.75181818181818,1083.0,28972.21909090909,97174.0,94613.4,2.2202056070669207
India,1990,Wheat,21211,75000.0,25.604545454545452,1083.0,27729.722727272725,101288.0,80839.6,0.28280956253916617
India,1991,Wheat,22814,72133.0,25.752272727272725,1083.0,27889.71136363636,21211.0,66988.6,0.3162724928605096
India,1992,Wheat,23940,70791.0,25.719545454545457,1083.0,27854.26772727273,22814.0,53285.4,0.33817380494971183
India,1993,Wheat,23267,66388.0,25.920454545454547,1083.0,28071.852272727276,23940.0,38504.0,0.35046468541475245
India,1994,Wheat,23796,61357.0,25.717272727272725,1083.0,27851.806363636362,23267.0,23005.6,0.3878222888620881
India,1995,Wheat,25590,61257.0,25.900454545454544,1083.0,28050.192272727272,23796.0,23881.4,0.4177413562310229
India,1996,Wheat,24828,56114.0,25.839545454545455,1083.0,27984.227727272726,25590.0,24284.2,0.4424485431702753
India,1997,Wheat,26789,52279.0,25.346363636363638,1083.0,27450.11181818182,24828.0,24854.0,0.5124139250191277
India,1998,Wheat,24852,49157.0,26.125454545454545,1083.0,28293.86727272727,26789.0,25171.0,0.5055535212986696
India,1999,Wheat,25901,46195.0,26.096363636363638,1083.0,28262.36181818182,24852.0,25592.0,0.5606762490258896
India,2000,Wheat,27785,44957.52,25.991363636363634,1083.0,28148.646818181816,25901.0,26031.0,0.6180141161230397
India,2001,Wheat,27081,43720.04,25.957727272727276,1083.0,28112.21863636364,27785.0,26481.6,0.6194042959636825
India,2002,Wheat,27621,42482.56,26.45590909090909,1083.0,28651.749545454542,27081.0,26648.0,0.6501573785247753
India,2004,Wheat,27132,35113.0,26.159545454545455,1083.0,28330.787727272727,27621.0,27104.0,0.7726832602380816
India,2005,Wheat,26016,35342.0,25.895454545454548,1083.0,28044.777272727275,27132.0,27127.0,0.7361005008063831
India,2006,Wheat,26188,37423.0,26.203636363636363,1083.0,28378.53818181818,26016.0,26807.6,0.6997648567764002
India,2007,Wheat,27079,27422.77,26.078181818181818,1083.0,28242.67090909091,26188.0,26807.2,0.9874280596723207
India,2008,Wheat,28022,14485.33,25.765454545454546,1083.0,27903.987272727274,27079.0,26887.4,1.934375373196662
India,2009,Wheat,29071,28707.01,26.612727272727273,1083.0,28821.583636363637,28022.0,27275.2,1.012644206268564
India,2010,Wheat,28395,40093.69,26.579090909090908,1083.0,28785.155454545453,29071.0,27751.0,0.7081985170604885
India,2011,Wheat,29886,55540.0,25.79909090909091,1083.0,27940.415454545455,28395.0,28490.6,0.5380889793125799
India,2012,Wheat,31775,52980.0,26.017272727272726,1083.0,28176.706363636364,29886.0,29429.8,0.5997433042033937
India,2013,Wheat,31538,45620.0,26.75181818181818,1083.0,28972.21909090909,31775.0,30133.0,0.6913044431292606
Mexico,1991,Cassava,78776,34468.93,20.12,758.0,15250.960000000001,75504.0,77140.0,2.2853542203305897
Mexico,1992,Cassava,93194,34468.93,20.1175,758.0,15249.065,78776.0,82491.33333333333,2.703631832150515
Mexico,1993,Cassava,81739,34468.93,20.165,758.0,15285.07,93194.0,82303.25,2.3713131996496655
Mexico,1994,Cassava,75260,34468.93,20.39875,758.0,15462.2525,81739.0,80894.6,2.1833522725459553
Mexico,1995,Cassava,109610,34468.93,20.57375,758.0,15594.9025,75260.0,87715.8,3.179873008155224
Mexico,1996,Cassava,77192,34468.93,20.43375,758.0,15488.7825,109610.0,87399.0,2.2394011244003105
Mexico,1997,Cassava,96021,34468.93,20.35,758.0,15425.300000000001,77192.0,87964.4,2.7856453436371935
Mexico,1998,Cassava,117046,34468.93,20.5225,758.0,15556.055,96021.0,95025.8,3.3955972640501444
Mexico,1999,Cassava,136634,34468.93,20.169999999999998,758.0,15288.859999999999,117046.0,107300.6,3.9638606750869525
Mexico,2000,Cassava,113284,34468.93,20.37,758.0,15440.460000000001,136634.0,108035.4,3.286458661215732
Mexico,2001,Cassava,153208,31373.3,20.24875,758.0,15348.552500000002,113284.0,123238.6,4.8832324545886285
Mexico,2002,Cassava,150988,16189.88,20.36875,758.0,15439.512499999999,153208.0,134232.0,9.325496822902771
Mexico,2004,Cassava,141677,26433.14,20.27125,758.0,15365.607499999998,150988.0,139158.2,5.359622064496897
Mexico,2005,Cassava,126099,51741.99,20.56375,758.0,15587.322499999998,141677.0,137051.2,2.437025769094519
Mexico,2006,Cassava,137648,50891.95,20.63875,758.0,15644.1725,126099.0,141924.0,2.7046575213266277
Mexico,2007,Cassava,122745,64501.28,20.35125,758.0,15426.2475,137648.0,135831.4,1.9029559885324985
Mexico,2008,Cassava,143579,61732.11,20.40375,758.0,15466.0425,122745.0,134349.6,2.3258021505801345
Mexico,2009,Cassava,143440,61690.08,20.785,758.0,15755.03,143579.0,134702.2,2.3251335525330403
Mexico,2010,Cassava,131579,63402.29,19.98625,758.0,15149.5775,143440.0,135798.2,2.0752708573955703
Mexico,2011,Cassava,127352,65961.1,20.5225,758.0,15556.055,131579.0,133739.0,1.930684438488162
Mexico,2012,Cassava,122330,64512.22,20.74875,758.0,15727.552500000002,127352.0,133656.0,1.8962004996805306
Mexico,2013,Cassava,146398,59920.18,21.345,758.0,16179.509999999998,122330.0,134219.8,2.443176185782723
Mexico,1990,Maize,19942,34468.93,20.24125,758.0,15342.8675,146398.0,109520.2,0.5785332317181962
Mexico,1991,Maize,20515,34468.93,20.12,758.0,15250.960000000001,19942.0,87307.4,0.5951564160414599
Mexico,1992,Maize,23450,34468.93,20.1175,758.0,15249.065,20515.0,66527.0,0.6803030931597482
Mexico,1993,Maize,24401,34468.93,20.165,758.0,15285.07,23450.0,46941.2,0.7078923571936467
Mexico,1994,Maize,22255,34468.93,20.39875,758.0,15462.2525,24401.0,22112.6,0.645635195661842
Mexico,1995,Maize,22883,34468.93,20.57375,758.0,15594.9025,22255.0,22700.8,0.663853973593796
Mexico,1996,Maize,22387,34468.93,20.43375,758.0,15488.7825,22883.0,23075.2,0.6494646203226987
Mexico,1997,Maize,23840,34468.93,20.35,758.0,15425.300000000001,22387.0,23153.2,0.6916173023850063
Mexico,1998,Maize,23429,34468.93,20.5225,758.0,15556.055,23840.0,22958.8,0.6796938665091574
Mexico,1999,Maize,24720,34468.93,20.169999999999998,758.0,15288.859999999999,23429.0,23451.8,0.7171468001240502
Mexico,2000,Maize,24620,34468.93,20.37,758.0,15440.460000000001,24720.0,23799.2,0.7142457208355224
Mexico,2001,Maize,25777,31373.3,20.24875,758.0,15348.552500000002,24620.0,24477.2,0.8215960196721521
Mexico,2002,Maize,27105,16189.88,20.36875,758.0,15439.512499999999,25777.0,25130.2,1.6740905991521153
Mexico,2004,Maize,28188,26433.14,20.27125,758.0,15365.607499999998,27105.0,26082.0,1.066348290506141
Mexico,2005,Maize,29276,51741.99,20.56375,758.0,15587.322499999998,28188.0,26993.2,0.5657964489489301
Mexico,2006,Maize,30012,50891.95,20.63875,758.0,15644.1725,29276.0,28071.6,0.5897083977250287
Mexico,2007,Maize,32063,64501.28,20.35125,758.0,15426.2475,30012.0,29328.8,0.497083203880545
Mexico,2008,Maize,33071,61732.11,20.40375,758.0,15466.0425,32063.0,30522.0,0.535709281453664
Mexico,2009,Maize,32368,61690.08,20.785,758.0,15755.03,33071.0,31358.0,0.5246787704154312
Mexico,2010,Maize,32599,63402.29,19.98625,758.0,15149.5775,32368.0,32022.6,0.5141531299085583
Mexico,2011,Maize,29058,65961.1,20.5225,758.0,15556.055,32599.0,31831.8,0.44052569581623385
Mexico,2012,Maize,31874,64512.22,20.74875,758.0,15727.552500000002,29058.0,31794.0,0.49406927758372626
Mexico,2013,Maize,31941,59920.18,21.345,758.0,16179.509999999998,31874.0,31568.0,0.5330502503455372
Mexico,1990,Potatoes,158256,34468.93,20.24125,758.0,15342.8675,31941.0,56745.6,4.591132038852415
Mexico,1991,Potatoes,162351,34468.93,20.12,758.0,15250.960000000001,158256.0,82696.0,4.709931235717624
Mexico,1992,Potatoes,168178,34468.93,20.1175,758.0,15249.065,162351.0,110520.0,4.878977125860134
Mexico,1993,Potatoes,168931,34468.93,20.165,758.0,15285.07,168178.0,137931.4,4.900822252902747
Mexico,1994,Potatoes,190845,34468.93,20.39875,758.0,15462.2525,168931.0,169712.2,5.5365647681907095
Mexico,1995,Potatoes,199803,34468.93,20.57375,758.0,15594.9025,190845.0,178021.6,5.796443450857022
Mexico,1996,Potatoes,204570,34468.93,20.43375,758.0,15488.7825,199803.0,186465.4,5.934737900541139
Mexico,1997,Potatoes,208520,34468.93,20.35,758.0,15425.300000000001,204570.0,194533.8,6.049330532437983
Mexico,1998,Potatoes,204955,34468.93,20.5225,758.0,15556.055,208520.0,201738.6,5.94590705580197
Mexico,1999,Potatoes,223519,34468.93,20.169999999999998,758.0,15288.859999999999,204955.0,208273.4,6.484463414924254
Mexico,2000,Potatoes,239420,34468.93,20.37,758.0,15440.460000000001,223519.0,216196.8,6.945764032593045
Mexico,2001,Potatoes,237799,31373.3,20.24875,758.0,15348.552500000002,239420.0,222842.6,7.5794200986157465
Mexico,2002,Potatoes,237558,16189.88,20.36875,758.0,15439.512499999999,237799.0,228650.2,14.672334054727106
Mexico,2004,Potatoes,242399,26433.14,20.27125,758.0,15365.607499999998,237558.0,236139.0,9.169921926720521
Mexico,2005,Potatoes,259662,51741.99,20.56375,758.0,15587.322499999998,242399.0,243367.6,5.018302962391621
Mexico,2006,Potatoes,248610,50891.95,20.63875,758.0,15644.1725,259662.0,245205.6,4.884959508144056
Mexico,2007,Potatoes,270565,64501.28,20.35125,758.0,15426.2475,248610.0,251758.8,4.1946579252702385
Mexico,2008,Potatoes,277258,61732.11,20.40375,758.0,15466.0425,270565.0,259698.8,4.49123655036981
Mexico,2009,Potatoes,277374,61690.08,20.785,758.0,15755.03,277258.0,266693.8,4.496176756834213
Mexico,2010,Potatoes,277578,63402.29,19.98625,758.0,15149.5775,277374.0,270277.0,4.3779747076216395
Mexico,2011,Potatoes,262734,65961.1,20.5225,758.0,15556.055,277578.0,273101.8,3.9831054499477725
Mexico,2012,Potatoes,268098,64512.22,20.74875,758.0,15727.552500000002,262734.0,272608.4,4.15570638080071
Mexico,2013,Potatoes,267752,59920.18,21.345,758.0,16179.509999999998,268098.0,270707.2,4.468403325835706
Mexico,1990,"Rice, paddy",37418,34468.93,20.24125,758.0,15342.8675,267752.0,222716.0,1.0855258481812988
Mexico,1991,"Rice, paddy",40954,34468.93,20.12,758.0,15250.960000000001,37418.0,175391.2,1.1881080118236387
Mexico,1992,"Rice, paddy",43577,34468.93,20.1175,758.0,15249.065,40954.0,131559.8,1.2642033215617205
Mexico,1993,"Rice, paddy",48725,34468.93,20.165,758.0,15285.07,43577.0,87685.2,1.4135508833351271
Mexico,1994,"Rice, paddy",42555,34468.93,20.39875,758.0,15462.2525,48725.0,42645.8,1.2345542912329674
Mexico,1995,"Rice, paddy",46792,34468.93,20.57375,758.0,15594.9025,42555.0,44520.6,1.3574730206878864
Mexico,1996,"Rice, paddy",45412,34468.93,20.43375,758.0,15488.7825,46792.0,45412.2,1.317438126506204
Mexico,1997,"Rice, paddy",41365,34468.93,20.35,758.0,15425.300000000001,45412.0,44969.8,1.2000314476994876
Mexico,1998,"Rice, paddy",45108,34468.93,20.5225,758.0,15556.055,41365.0,44246.4,1.30861884546908
Mexico,1999,"Rice, paddy",47762,34468.93,20.169999999999998,758.0,15288.859999999999,45108.0,45287.8,1.3856134897866053
Mexico,2000,"Rice, paddy",41805,34468.93,20.37,758.0,15440.460000000001,47762.0,44290.4,1.2127961965690095
Mexico,2001,"Rice, paddy",42576,31373.3,20.24875,758.0,15348.552500000002,41805.0,43723.2,1.3570342605253345
Mexico,2002,"Rice, paddy",45027,16189.88,20.36875,758.0,15439.512499999999,42576.0,44455.6,2.78101005010228
Mexico,2004,"Rice, paddy",44631,26433.14,20.27125,758.0,15365.607499999998,45027.0,44360.2,1.6883847933013898
Mexico,2005,"Rice, paddy",50653,51741.99,20.56375,758.0,15587.322499999998,44631.0,44938.4,0.9789345377992266
Mexico,2006,"Rice, paddy",47857,50891.95,20.63875,758.0,15644.1725,50653.0,46148.8,0.9403463544557744
Mexico,2007,"Rice, paddy",41536,64501.28,20.35125,758.0,15426.2475,47857.0,45940.8,0.6439462294976239
Mexico,2008,"Rice, paddy",44619,61732.11,20.40375,758.0,15466.0425,41536.0,45859.2,0.7227725931837874
Mexico,2009,"Rice, paddy",48502,61690.08,20.785,758.0,15755.03,44619.0,46633.4,0.7862076656787335
Mexico,2010,"Rice, paddy",51901,63402.29,19.98625,758.0,15149.5775,48502.0,46883.0,0.8185852816155124
Mexico,2011,"Rice, paddy",50962,65961.1,20.5225,758.0,15556.055,51901.0,47504.0,0.7725951720760861
Mexico,2012,"Rice, paddy",56231,64512.22,20.74875,758.0,15727.552500000002,50962.0,50443.0,0.8716198013368422
Mexico,2013,"Rice, paddy",54252,59920.18,21.345,758.0,16179.509999999998,56231.0,52369.6,0.9053893798486612
Mexico,1990,Sorghum,32888,34468.93,20.24125,758.0,15342.8675,54252.0,49246.8,0.9541069564109935
Mexico,1991,Sorghum,31195,34468.93,20.12,758.0,15250.960000000001,32888.0,45105.6,0.9049916840562194
Mexico,1992,Sorghum,38910,34468.93,20.1175,758.0,15249.065,31195.0,42695.2,1.1288099511661323
Mexico,1993,Sorghum,29408,34468.93,20.165,758.0,15285.07,38910.0,37330.6,0.8531493971702292
Mexico,1994,Sorghum,29566,34468.93,20.39875,758.0,15462.2525,29408.0,32393.4,0.857733102446103
Mexico,1995,Sorghum,30385,34468.93,20.57375,758.0,15594.9025,29566.0,31892.8,0.881492941819145
Mexico,1996,Sorghum,31169,34468.93,20.43375,758.0,15488.7825,30385.0,31887.6,0.9042374034412022
Mexico,1997,Sorghum,30423,34468.93,20.35,758.0,15425.300000000001,31169.0,30190.2,0.8825953519487855
Mexico,1998,Sorghum,33152,34468.93,20.5225,758.0,15556.055,30423.0,30939.0,0.9617658057327068
Mexico,1999,Sorghum,29901,34468.93,20.169999999999998,758.0,15288.859999999999,33152.0,31006.0,0.8674517180626709
Mexico,2000,Sorghum,30762,34468.93,20.37,758.0,15440.460000000001,29901.0,31081.4,0.8924300107368944
Mexico,2001,Sorghum,33800,31373.3,20.24875,758.0,15348.552500000002,30762.0,31607.6,1.0773148723636863
Mexico,2002,Sorghum,29859,16189.88,20.36875,758.0,15439.512499999999,33800.0,31494.8,1.844186356763808
Mexico,2004,Sorghum,38223,26433.14,20.27125,758.0,15365.607499999998,29859.0,32509.0,1.4459710056767499
Mexico,2005,Sorghum,34544,51741.99,20.56375,758.0,15587.322499999998,38223.0,33437.6,0.6676073415935183
Mexico,2006,Sorghum,34481,50891.95,20.63875,758.0,15644.1725,34544.0,34181.4,0.6775201673316246
Mexico,2007,Sorghum,34947,64501.28,20.35125,758.0,15426.2475,34481.0,34410.8,0.5417948016721269
Mexico,2008,Sorghum,35965,61732.11,20.40375,758.0,15466.0425,34947.0,35632.0,0.5825885007251376
Mexico,2009,Sorghum,36131,61690.08,20.785,758.0,15755.03,35965.0,35213.6,0.5856762436319805
Mexico,2010,Sorghum,39246,63402.29,19.98625,758.0,15149.5775,36131.0,36154.0,0.6189899609310495
Mexico,2011,Sorghum,37202,65961.1,20.5225,758.0,15556.055,39246.0,36698.2,0.5639905339581365
Mexico,2012,Sorghum,38295,64512.22,20.74875,758.0,15727.552500000002,37202.0,37367.8,0.5935992653908765
Mexico,2013,Sorghum,37350,59920.18,21.345,758.0,16179.509999999998,38295.0,37644.8,0.6233188331738461
Mexico,1990,Soybeans,20145,34468.93,20.24125,758.0,15342.8675,37350.0,34447.6,0.5844224226739073
Mexico,1991,Soybeans,21218,34468.93,20.12,758.0,15250.960000000001,20145.0,30842.0,0.6155510034398097
Mexico,1992,Soybeans,18388,34468.93,20.1175,758.0,15249.065,21218.0,27079.2,0.5334504595744755
Mexico,1993,Soybeans,20927,34468.93,20.165,758.0,15285.07,18388.0,23605.6,0.607108862710194
Mexico,1994,Soybeans,18114,34468.93,20.39875,758.0,15462.2525,20927.0,19758.4,0.5255015023239096
Mexico,1995,Soybeans,14121,34468.93,20.57375,758.0,15594.9025,18114.0,18553.6,0.4096614063329981
Mexico,1996,Soybeans,11429,34468.93,20.43375,758.0,15488.7825,14121.0,16595.8,0.3315643518858321
Mexico,1997,Soybeans,15057,34468.93,20.35,758.0,15425.300000000001,11429.0,15929.6,0.43681550847361744
Mexico,1998,Soybeans,15978,34468.93,20.5225,758.0,15556.055,15057.0,14939.8,0.46353444872095767
Mexico,1999,Soybeans,16366,34468.93,20.169999999999998,758.0,15288.859999999999,15978.0,14590.2,0.47479063636044516
Mexico,2000,Soybeans,14623,34468.93,20.37,758.0,15440.460000000001,16366.0,14690.6,0.4242248243614072
Mexico,2001,Soybeans,16503,31373.3,20.24875,758.0,15348.552500000002,14623.0,15705.4,0.5260037674147312
Mexico,2002,Soybeans,15318,16189.88,20.36875,758.0,15439.512499999999,16503.0,15757.6,0.9460881681539237
Mexico,2004,Soybeans,15010,26433.14,20.27125,758.0,15365.607499999998,15318.0,15564.0,0.567826303409152
Mexico,2005,Soybeans,19450,51741.99,20.56375,758.0,15587.322499999998,15010.0,16180.8,0.375896329145262
Mexico,2006,Soybeans,14962,50891.95,20.63875,758.0,15644.1725,19450.0,16248.6,0.2939896390364481
Mexico,2007,Soybeans,14121,64501.28,20.35125,758.0,15426.2475,14962.0,15772.2,0.21892249390254112
Mexico,2008,Soybeans,20196,61732.11,20.40375,758.0,15466.0425,14121.0,16747.8,0.3271502116125366
Mexico,2009,Soybeans,18675,61690.08,20.785,758.0,15755.03,20196.0,17480.8,0.3027179942383891
Mexico,2010,Soybeans,10925,63402.29,19.98625,758.0,15149.5775,18675.0,15775.8,0.17230967036568606
Mexico,2011,Soybeans,13197,65961.1,20.5225,758.0,15556.055,10925.0,15422.8,0.20006943381123402
Mexico,2012,Soybeans,17389,64512.22,20.74875,758.0,15727.552500000002,13197.0,16076.4,0.2695416536331623
Mexico,2013,Soybeans,15198,59920.18,21.345,758.0,16179.509999999998,17389.0,15076.8,0.25363318946656255
Mexico,1990,Sweet potatoes,167541,34468.93,20.24125,758.0,15342.8675,15198.0,44850.0,4.860497250792212
Mexico,1991,Sweet potatoes,174848,34468.93,20.12,758.0,15250.960000000001,167541.0,77634.6,5.072479114404932
Mexico,1992,Sweet potatoes,202929,34468.93,20.1175,758.0,15249.065,174848.0,115581.0,5.887131189416398
Mexico,1993,Sweet potatoes,185676,34468.93,20.165,758.0,15285.07,202929.0,149238.4,5.386607979766713
Mexico,1994,Sweet potatoes,198359,34468.93,20.39875,758.0,15462.2525,185676.0,185870.6,5.754551865930682
Mexico,1995,Sweet potatoes,174581,34468.93,20.57375,758.0,15594.9025,198359.0,187278.6,5.064733232704563
Mexico,1996,Sweet potatoes,185891,34468.93,20.43375,758.0,15488.7825,174581.0,189487.2,5.392845300237047
Mexico,1997,Sweet potatoes,209597,34468.93,20.35,758.0,15425.300000000001,185891.0,190820.8,6.080575156375426
Mexico,1998,Sweet potatoes,187500,34468.93,20.5225,758.0,15556.055,209597.0,191185.6,5.439523665989458
Mexico,1999,Sweet potatoes,193104,34468.93,20.169999999999998,758.0,15288.859999999999,187500.0,190134.6,5.6021001493185505
Mexico,2000,Sweet potatoes,188160,34468.93,20.37,758.0,15440.460000000001,193104.0,192850.4,5.458670789293741
Mexico,2001,Sweet potatoes,199853,31373.3,20.24875,758.0,15348.552500000002,188160.0,195642.8,6.3699588516715915
Mexico,2002,Sweet potatoes,184236,16189.88,20.36875,758.0,15439.512499999999,199853.0,190570.6,11.37899854733035
Mexico,2004,Sweet potatoes,218597,26433.14,20.27125,758.0,15365.607499999998,184236.0,196790.0,8.26949543280016
Mexico,2005,Sweet potatoes,214928,51741.99,20.56375,758.0,15587.322499999998,218597.0,201154.8,4.153760731646934
Mexico,2006,Sweet potatoes,212942,50891.95,20.63875,758.0,15644.1725,214928.0,206111.2,4.184115874595597
Mexico,2007,Sweet potatoes,204599,64501.28,20.35125,758.0,15426.2475,212942.0,207060.4,3.1719653940914956
Mexico,2008,Sweet potatoes,215028,61732.11,20.40375,758.0,15466.0425,204599.0,213218.8,3.483187547168772
Mexico,2009,Sweet potatoes,190454,61690.08,20.785,758.0,15755.03,215028.0,207590.2,3.0872210374660325
Mexico,2010,Sweet potatoes,206653,63402.29,19.98625,758.0,15149.5775,190454.0,205935.2,3.259341904812826
Mexico,2011,Sweet potatoes,201465,65961.1,20.5225,758.0,15556.055,206653.0,203639.8,3.054253882153539
Mexico,2012,Sweet potatoes,175168,64512.22,20.74875,758.0,15727.552500000002,201465.0,197753.6,2.7152264295597086
Mexico,2013,Sweet potatoes,183965,59920.18,21.345,758.0,16179.509999999998,175168.0,191541.0,3.0701164429672447
Mexico,1990,Wheat,42143,34468.93,20.24125,758.0,15342.8675,183965.0,161878.8,1.2226018445642333
Mexico,1991,Wheat,41272,34468.93,20.12,758.0,15250.960000000001,42143.0,128802.6,1.197333443961157
Mexico,1992,Wheat,39530,34468.93,20.1175,758.0,15249.065,41272.0,96415.6,1.146796642755004
Mexico,1993,Wheat,40821,34468.93,20.165,758.0,15285.07,39530.0,69546.2,1.1842495763698968
Mexico,1994,Wheat,43034,34468.93,20.39875,758.0,15462.2525,40821.0,41360.0,1.2484504610250151
Mexico,1995,Wheat,37320,34468.93,20.57375,758.0,15594.9025,43034.0,40395.4,1.0826827904785417
Mexico,1996,Wheat,41706,34468.93,20.43375,758.0,15488.7825,37320.0,40482.2,1.209924128073367
Mexico,1997,Wheat,47347,34468.93,20.35,758.0,15425.300000000001,41706.0,42045.6,1.3735740107392154
Mexico,1998,Wheat,42077,34468.93,20.5225,758.0,15556.055,47347.0,42296.8,1.2206871322338049
Mexico,1999,Wheat,46310,34468.93,20.169999999999998,758.0,15288.859999999999,42077.0,42952.0,1.3434898185171829
Mexico,2000,Wheat,49355,34468.93,20.37,758.0,15440.460000000001,46310.0,45359.0,1.4318276828528518
Mexico,2001,Wheat,47661,31373.3,20.24875,758.0,15348.552500000002,49355.0,46550.0,1.5191095896960252
Mexico,2002,Wheat,50999,16189.88,20.36875,758.0,15439.512499999999,47661.0,47280.4,3.1498596740881286
Mexico,2004,Wheat,44871,26433.14,20.27125,758.0,15365.607499999998,50999.0,47839.2,1.697463961377219
Mexico,2005,Wheat,47517,51741.99,20.56375,758.0,15587.322499999998,44871.0,48080.6,0.9183272941899956
Mexico,2006,Wheat,52274,50891.95,20.63875,758.0,15644.1725,47517.0,48664.4,1.0271363715406554
Mexico,2007,Wheat,50824,64501.28,20.35125,758.0,15426.2475,52274.0,49297.0,0.7879411394449932
Mexico,2008,Wheat,50134,61732.11,20.40375,758.0,15466.0425,50824.0,49124.0,0.8121087695079674
Mexico,2009,Wheat,49688,61690.08,20.785,758.0,15755.03,50134.0,50087.4,0.8054324871602183
Mexico,2010,Wheat,54185,63402.29,19.98625,758.0,15149.5775,49688.0,51421.0,0.8546086488571808
Mexico,2011,Wheat,54778,65961.1,20.5225,758.0,15556.055,54185.0,51921.8,0.8304465746239128
Mexico,2012,Wheat,56568,64512.22,20.74875,758.0,15727.552500000002,54778.0,53070.6,0.8768435368750777
Mexico,2013,Wheat,52934,59920.18,21.345,758.0,16179.509999999998,56568.0,53630.6,0.8833938183460339
Niger,1991,Cassava,97154,62.0,29.4,151.0,4439.4,88688.0,92921.0,1542.126984126984
Niger,1992,Cassava,109000,62.0,28.99,151.0,4377.49,97154.0,98280.66666666667,1730.1587301587301
Niger,1993,Cassava,116500,62.0,29.64,151.0,4475.64,109000.0,102835.5,1849.2063492063492
Niger,1994,Cassava,118909,62.0,29.05,151.0,4386.55,116500.0,106050.2,1887.4444444444443
Niger,1995,Cassava,129500,62.0,29.56,151.0,4463.5599999999995,118909.0,114212.6,2055.5555555555557
Niger,1996,Cassava,129865,22.0,29.71,151.0,4486.21,129500.0,120754.8,5646.304347826087
Niger,1997,Cassava,150581,34.0,29.73,151.0,4489.2300000000005,129865.0,129071.0,4302.314285714286
Niger,1998,Cassava,159723,36.0,29.97,151.0,4525.47,150581.0,137715.6,4316.8378378378375
Niger,1999,Cassava,181890,26.0,29.65,151.0,4477.15,159723.0,150311.8,6736.666666666667
Niger,2000,Cassava,232169,62.0,29.43,151.0,4443.93,181890.0,170845.6,3685.222222222222
Niger,2001,Cassava,210273,31.0,29.46,151.0,4448.46,232169.0,186927.2,6571.03125
Niger,2002,Cassava,202833,29.44,29.71,151.0,4486.21,210273.0,197377.6,6663.3705650459915
Niger,2004,Cassava,168413,26.31,29.8,151.0,4499.8,202833.0,199115.6,6166.71548883193
Niger,2005,Cassava,159467,24.75,30.02,151.0,4533.0199999999995,168413.0,194631.0,6192.8932038834955
Niger,2006,Cassava,162588,21.12,29.78,151.0,4496.78,159467.0,180714.8,7350.271247739602
Niger,2007,Cassava,151563,30.57,29.85,151.0,4507.35,162588.0,168972.8,4800.855242318657
Niger,2008,Cassava,138791,12.04,29.3,151.0,4424.3,151563.0,156164.4,10643.481595092026
Niger,2009,Cassava,159918,7.32,30.32,151.0,4578.32,138791.0,154465.4,19220.91346153846
Niger,2010,Cassava,217784,11.49,30.32,151.0,4578.32,159918.0,166128.8,17436.669335468374
Niger,2011,Cassava,107514,10.59,30.1,151.0,4545.1,217784.0,155114.0,9276.44521138913
Niger,2012,Cassava,160606,21.37,29.61,151.0,4471.11,107514.0,156922.6,7179.526151095217
Niger,2013,Cassava,199719,21.37,30.42,151.0,4593.42,160606.0,169108.2,8927.983907018328
Niger,1990,Maize,3139,62.0,29.71,151.0,4486.21,199719.0,137752.4,49.82539682539682
Niger,1991,Maize,6629,62.0,29.4,151.0,4439.4,3139.0,95521.4,105.22222222222223
Niger,1992,Maize,20000,62.0,28.99,151.0,4377.49,6629.0,78018.6,317.46031746031747
Niger,1993,Maize,40000,62.0,29.64,151.0,4475.64,20000.0,53897.4,634.9206349206349
Niger,1994,Maize,8309,62.0,29.05,151.0,4386.55,40000.0,15615.4,131.88888888888889
Niger,1995,Maize,12642,62.0,29.56,151.0,4463.5599999999995,8309.0,17516.0,200.66666666666666
Niger,1996,Maize,7250,22.0,29.71,151.0,4486.21,12642.0,17640.2,315.2173913043478
Niger,1997,Maize,10269,34.0,29.73,151.0,4489.2300000000005,7250.0,15694.0,293.4
Niger,1998,Maize,15173,36.0,29.97,151.0,4525.47,10269.0,10728.6,410.0810810810811
Niger,1999,Maize,3242,26.0,29.65,151.0,4477.15,15173.0,9715.2,120.07407407407408
Niger,2000,Maize,6154,62.0,29.43,151.0,4443.93,3242.0,8417.6,97.68253968253968
Niger,2001,Maize,2612,31.0,29.46,151.0,4448.46,6154.0,7490.0,81.625
Niger,2002,Maize,5853,29.44,29.71,151.0,4486.21,2612.0,6606.8,192.27989487516425
Niger,2004,Maize,7509,26.31,29.8,151.0,4499.8,5853.0,5074.0,274.95422922006594
Niger,2005,Maize,8255,24.75,30.02,151.0,4533.0199999999995,7509.0,6076.6,320.58252427184465
Niger,2006,Maize,11227,21.12,29.78,151.0,4496.78,8255.0,7091.2,507.54972875226036
Niger,2007,Maize,10874,30.57,29.85,151.0,4507.35,11227.0,8743.6,344.4409249287298
Niger,2008,Maize,9589,12.04,29.3,151.0,4424.3,10874.0,9490.8,735.3527607361964
Niger,2009,Maize,9014,7.32,30.32,151.0,4578.32,9589.0,9791.8,1083.4134615384614
Niger,2010,Maize,7869,11.49,30.32,151.0,4578.32,9014.0,9714.6,630.0240192153723
Niger,2011,Maize,8405,10.59,30.1,151.0,4545.1,7869.0,9150.2,725.1941328731665
Niger,2012,Maize,10437,21.37,29.61,151.0,4471.11,8405.0,9062.8,466.5623603039785
Niger,2013,Maize,12326,21.37,30.42,151.0,4593.42,10437.0,9610.2,551.0058113544926
Niger,1990,Potatoes,100000,62.0,29.71,151.0,4486.21,12326.0,27807.4,1587.3015873015872
Niger,1991,Potatoes,204348,62.0,29.4,151.0,4439.4,100000.0,67103.2,3243.6190476190477
Niger,1992,Potatoes,267308,62.0,28.99,151.0,4377.49,204348.0,118883.8,4242.984126984127
Niger,1993,Potatoes,224600,62.0,29.64,151.0,4475.64,267308.0,161716.4,3565.0793650793653
Niger,1994,Potatoes,206531,62.0,29.05,151.0,4386.55,224600.0,200557.4,3278.2698412698414
Niger,1995,Potatoes,170789,62.0,29.56,151.0,4463.5599999999995,206531.0,214715.2,2710.936507936508
Niger,1996,Potatoes,159195,22.0,29.71,151.0,4486.21,170789.0,205684.6,6921.521739130435
Niger,1997,Potatoes,124128,34.0,29.73,151.0,4489.2300000000005,159195.0,177048.6,3546.5142857142855
Niger,1998,Potatoes,169913,36.0,29.97,151.0,4525.47,124128.0,166111.2,4592.243243243243
Niger,1999,Potatoes,101200,26.0,29.65,151.0,4477.15,169913.0,145045.0,3748.1481481481483
Niger,2000,Potatoes,104924,62.0,29.43,151.0,4443.93,101200.0,131872.0,1665.4603174603174
Niger,2001,Potatoes,91045,31.0,29.46,151.0,4448.46,104924.0,118242.0,2845.15625
Niger,2002,Potatoes,159220,29.44,29.71,151.0,4486.21,91045.0,125260.4,5230.617608409987
Niger,2004,Potatoes,104545,26.31,29.8,151.0,4499.8,159220.0,112186.8,3828.084950567558
Niger,2005,Potatoes,102308,24.75,30.02,151.0,4533.0199999999995,104545.0,112408.4,3973.126213592233
Niger,2006,Potatoes,115357,21.12,29.78,151.0,4496.78,102308.0,114495.0,5215.05424954792
Niger,2007,Potatoes,147395,30.57,29.85,151.0,4507.35,115357.0,125765.0,4668.831168831169
Niger,2008,Potatoes,177412,12.04,29.3,151.0,4424.3,147395.0,129403.4,13605.214723926381
Niger,2009,Potatoes,172504,7.32,30.32,151.0,4578.32,177412.0,142995.2,20733.653846153844
Niger,2010,Potatoes,170183,11.49,30.32,151.0,4578.32,172504.0,156570.2,13625.540432345877
Niger,2011,Potatoes,161890,10.59,30.1,151.0,4545.1,170183.0,165876.8,13968.075927523727
Niger,2012,Potatoes,242957,21.37,29.61,151.0,4471.11,161890.0,184989.2,10860.840411265086
Niger,2013,Potatoes,256815,21.37,30.42,151.0,4593.42,242957.0,200869.8,11480.33080017881
Niger,1990,"Rice, paddy",31432,62.0,29.71,151.0,4486.21,256815.0,172655.4,498.92063492063494
Niger,1991,"Rice, paddy",35605,62.0,29.4,151.0,4439.4,31432.0,145739.8,565.1587301587301
Niger,1992,"Rice, paddy",32828,62.0,28.99,151.0,4377.49,35605.0,119927.4,521.0793650793651
Niger,1993,"Rice, paddy",26233,62.0,29.64,151.0,4475.64,32828.0,76582.6,416.3968253968254
Niger,1994,"Rice, paddy",22143,62.0,29.05,151.0,4386.55,26233.0,29648.2,351.4761904761905
Niger,1995,"Rice, paddy",24286,62.0,29.56,151.0,4463.5599999999995,22143.0,28219.0,385.4920634920635
Niger,1996,"Rice, paddy",16254,22.0,29.71,151.0,4486.21,24286.0,24348.8,706.695652173913
Niger,1997,"Rice, paddy",20244,34.0,29.73,151.0,4489.2300000000005,16254.0,21832.0,578.4
Niger,1998,"Rice, paddy",29100,36.0,29.97,151.0,4525.47,20244.0,22405.4,786.4864864864865
Niger,1999,"Rice, paddy",41112,26.0,29.65,151.0,4477.15,29100.0,26199.2,1522.6666666666667
Niger,2000,"Rice, paddy",27479,62.0,29.43,151.0,4443.93,41112.0,26837.8,436.1746031746032
Niger,2001,"Rice, paddy",27565,31.0,29.46,151.0,4448.46,27479.0,29100.0,861.40625
Niger,2002,"Rice, paddy",31638,29.44,29.71,151.0,4486.21,27565.0,31378.8,1039.3561103810775
Niger,2004,"Rice, paddy",30949,26.31,29.8,151.0,4499.8,31638.0,31748.6,1133.247894544123
Niger,2005,"Rice, paddy",38290,24.75,30.02,151.0,4533.0199999999995,30949.0,31184.2,1486.990291262136
Niger,2006,"Rice, paddy",36637,21.12,29.78,151.0,4496.78,38290.0,33015.8,1656.2839059674502
Niger,2007,"Rice, paddy",35900,30.57,29.85,151.0,4507.35,36637.0,34682.8,1137.1555273994297
Niger,2008,"Rice, paddy",38110,12.04,29.3,151.0,4424.3,35900.0,35977.2,2922.5460122699387
Niger,2009,"Rice, paddy",43571,7.32,30.32,151.0,4578.32,38110.0,38501.6,5236.899038461538
Niger,2010,"Rice, paddy",54407,11.49,30.32,151.0,4578.32,43571.0,41725.0,4356.0448358686945
Niger,2011,"Rice, paddy",54739,10.59,30.1,151.0,4545.1,54407.0,45345.4,4722.950819672131
Niger,2012,"Rice, paddy",57490,21.37,29.61,151.0,4471.11,54739.0,49663.4,2569.9597675458203
Niger,2013,"Rice, paddy",62834,21.37,30.42,151.0,4593.42,57490.0,54608.2,2808.851139919535
Niger,1990,Sorghum,1257,62.0,29.71,151.0,4486.21,62834.0,46145.4,19.952380952380953
Niger,1991,Sorghum,1449,62.0,29.4,151.0,4439.4,1257.0,35553.8,23.0
Niger,1992,Sorghum,1541,62.0,28.99,151.0,4377.49,1449.0,24914.2,24.46031746031746
Niger,1993,Sorghum,1341,62.0,29.64,151.0,4475.64,1541.0,13684.4,21.285714285714285
Niger,1994,Sorghum,1518,62.0,29.05,151.0,4386.55,1341.0,1421.2,24.095238095238095
Niger,1995,Sorghum,2160,62.0,29.56,151.0,4463.5599999999995,1518.0,1601.8,34.285714285714285
Niger,1996,Sorghum,1281,22.0,29.71,151.0,4486.21,2160.0,1568.2,55.69565217391305
Niger,1997,Sorghum,2177,34.0,29.73,151.0,4489.2300000000005,1281.0,1695.4,62.2
Niger,1998,Sorghum,2244,36.0,29.97,151.0,4525.47,2177.0,1876.0,60.648648648648646
Niger,1999,Sorghum,2268,26.0,29.65,151.0,4477.15,2244.0,2026.0,84.0
Niger,2000,Sorghum,1721,62.0,29.43,151.0,4443.93,2268.0,1938.2,27.317460317460316
Niger,2001,Sorghum,2548,31.0,29.46,151.0,4448.46,1721.0,2191.6,79.625
Niger,2002,Sorghum,2989,29.44,29.71,151.0,4486.21,2548.0,2354.0,98.19316688567673
Niger,2004,Sorghum,2519,26.31,29.8,151.0,4499.8,2989.0,2409.0,92.23727572317833
Niger,2005,Sorghum,3812,24.75,30.02,151.0,4533.0199999999995,2519.0,2717.8,148.03883495145632
Niger,2006,Sorghum,3463,21.12,29.78,151.0,4496.78,3812.0,3066.2,156.55515370705243
Niger,2007,Sorghum,3435,30.57,29.85,151.0,4507.35,3463.0,3243.6,108.80582831802344
Niger,2008,Sorghum,4291,12.04,29.3,151.0,4424.3,3435.0,3504.0,329.06441717791415
Niger,2009,Sorghum,2903,7.32,30.32,151.0,4578.32,4291.0,3580.8,348.9182692307692
Niger,2010,Sorghum,3919,11.49,30.32,151.0,4578.32,2903.0,3602.2,313.77101681345073
Niger,2011,Sorghum,2676,10.59,30.1,151.0,4545.1,3919.0,3444.8,230.88869715271787
Niger,2012,Sorghum,4422,21.37,29.61,151.0,4471.11,2676.0,3642.2,197.67545820295038
Niger,2013,Sorghum,3703,21.37,30.42,151.0,4593.42,4422.0,3524.6,165.53419758605276
Niger,1990,Sweet potatoes,87500,62.0,29.71,151.0,4486.21,3703.0,20444.0,1388.888888888889
Niger,1991,Sweet potatoes,112317,62.0,29.4,151.0,4439.4,87500.0,42123.6,1782.8095238095239
Niger,1992,Sweet potatoes,103275,62.0,28.99,151.0,4377.49,112317.0,62243.4,1639.2857142857142
Niger,1993,Sweet potatoes,102158,62.0,29.64,151.0,4475.64,103275.0,81790.6,1621.5555555555557
Niger,1994,Sweet potatoes,109463,62.0,29.05,151.0,4386.55,102158.0,102942.6,1737.5079365079366
Niger,1995,Sweet potatoes,107884,62.0,29.56,151.0,4463.5599999999995,109463.0,107019.4,1712.4444444444443
Niger,1996,Sweet potatoes,93095,22.0,29.71,151.0,4486.21,107884.0,103175.0,4047.608695652174
Niger,1997,Sweet potatoes,180240,34.0,29.73,151.0,4489.2300000000005,93095.0,118568.0,5149.714285714285
Niger,1998,Sweet potatoes,155556,36.0,29.97,151.0,4525.47,180240.0,129247.6,4204.216216216216
Niger,1999,Sweet potatoes,206250,26.0,29.65,151.0,4477.15,155556.0,148605.0,7638.888888888889
Niger,2000,Sweet potatoes,142029,62.0,29.43,151.0,4443.93,206250.0,155434.0,2254.4285714285716
Niger,2001,Sweet potatoes,152347,31.0,29.46,151.0,4448.46,142029.0,167284.4,4760.84375
Niger,2002,Sweet potatoes,148771,29.44,29.71,151.0,4486.21,152347.0,160990.6,4887.352168199737
Niger,2004,Sweet potatoes,177570,26.31,29.8,151.0,4499.8,148771.0,165393.4,6502.0139143171
Niger,2005,Sweet potatoes,171840,24.75,30.02,151.0,4533.0199999999995,177570.0,158511.4,6673.398058252427
Niger,2006,Sweet potatoes,160877,21.12,29.78,151.0,4496.78,171840.0,162281.0,7272.920433996383
Niger,2007,Sweet potatoes,159870,30.57,29.85,151.0,4507.35,160877.0,163785.6,5063.984795692113
Niger,2008,Sweet potatoes,168296,12.04,29.3,151.0,4424.3,159870.0,167690.6,12906.134969325154
Niger,2009,Sweet potatoes,160230,7.32,30.32,151.0,4578.32,168296.0,164222.6,19258.41346153846
Niger,2010,Sweet potatoes,161324,11.49,30.32,151.0,4578.32,160230.0,162119.4,12916.253002401922
Niger,2011,Sweet potatoes,151699,10.59,30.1,151.0,4545.1,161324.0,160283.8,13088.783433994824
Niger,2012,Sweet potatoes,200362,21.37,29.61,151.0,4471.11,151699.0,168382.2,8956.727760393384
Niger,2013,Sweet potatoes,211608,21.37,30.42,151.0,4593.42,200362.0,177044.6,9459.45462673223
Niger,1990,Wheat,28889,62.0,29.71,151.0,4486.21,211608.0,150776.4,458.55555555555554
Niger,1991,Wheat,26000,62.0,29.4,151.0,4439.4,28889.0,123711.6,412.6984126984127
Niger,1992,Wheat,28000,62.0,28.99,151.0,4377.49,26000.0,98971.8,444.44444444444446
Niger,1993,Wheat,22000,62.0,29.64,151.0,4475.64,28000.0,63299.4,349.2063492063492
Niger,1994,Wheat,28800,62.0,29.05,151.0,4386.55,22000.0,26737.8,457.14285714285717
Niger,1995,Wheat,34444,62.0,29.56,151.0,4463.5599999999995,28800.0,27848.8,546.7301587301587
Niger,1996,Wheat,21250,22.0,29.71,151.0,4486.21,34444.0,26898.8,923.9130434782609
Niger,1997,Wheat,20000,34.0,29.73,151.0,4489.2300000000005,21250.0,25298.8,571.4285714285714
Niger,1998,Wheat,21882,36.0,29.97,151.0,4525.47,20000.0,25275.2,591.4054054054054
Niger,1999,Wheat,21115,26.0,29.65,151.0,4477.15,21882.0,23738.2,782.0370370370371
Niger,2000,Wheat,19855,62.0,29.43,151.0,4443.93,21115.0,20820.4,315.1587301587302
Niger,2001,Wheat,18412,31.0,29.46,151.0,4448.46,19855.0,20252.8,575.375
Niger,2002,Wheat,10606,29.44,29.71,151.0,4486.21,18412.0,18374.0,348.4231274638633
Niger,2004,Wheat,17019,26.31,29.8,151.0,4499.8,10606.0,17401.4,623.1783229586232
Niger,2005,Wheat,17276,24.75,30.02,151.0,4533.0199999999995,17019.0,16633.6,670.9126213592233
Niger,2006,Wheat,14992,21.12,29.78,151.0,4496.78,17276.0,15661.0,677.757685352622
Niger,2007,Wheat,14894,30.57,29.85,151.0,4507.35,14992.0,14957.4,471.7770034843206
Niger,2008,Wheat,18096,12.04,29.3,151.0,4424.3,14894.0,16455.4,1387.7300613496934
Niger,2009,Wheat,18696,7.32,30.32,151.0,4578.32,18096.0,16790.8,2247.1153846153848
Niger,2010,Wheat,19868,11.49,30.32,151.0,4578.32,18696.0,17309.2,1590.7125700560448
Niger,2011,Wheat,19770,10.59,30.1,151.0,4545.1,19868.0,18264.8,1705.7808455565144
Niger,2012,Wheat,16537,21.37,29.61,151.0,4471.11,19770.0,18593.4,739.2489941886455
Niger,2013,Wheat,30090,21.37,30.42,151.0,4593.42,16537.0,20992.2,1345.1050514081358
Sri Lanka,1991,Cassava,92373,1409.15,26.53,1712.0,45419.36,87717.0,90045.0,65.5057972556111
Sri Lanka,1992,Cassava,88453,2144.31,26.26,1712.0,44957.12,92373.0,89514.33333333333,41.230871062923306
Sri Lanka,1993,Cassava,93405,1753.2,26.37,1712.0,45145.44,88453.0,90487.0,53.246494128377606
Sri Lanka,1994,Cassava,89267,1860.7,26.34,1712.0,45094.08,93405.0,90243.0,47.949186227641405
Sri Lanka,1995,Cassava,90241,1735.5,26.59,1712.0,45522.08,89267.0,90747.8,51.96717535272099
Sri Lanka,1996,Cassava,87529,1654.41,26.38,1712.0,45162.56,90241.0,89779.0,52.87451447073534
Sri Lanka,1997,Cassava,86564,1622.4,26.66,1712.0,45641.92,87529.0,89401.2,53.32265615375138
Sri Lanka,1998,Cassava,85535,1532.41,27.13,1712.0,46446.56,86564.0,87827.2,55.780906606843565
Sri Lanka,1999,Cassava,85460,1766.91,26.32,1712.0,45059.840000000004,85535.0,87065.8,48.33956479685052
Sri Lanka,2000,Cassava,84330,1695.71,26.43,1712.0,45248.159999999996,85460.0,85883.6,49.7020704775713
Sri Lanka,2001,Cassava,85560,1705.05,26.63,1712.0,45590.56,84330.0,85489.8,50.15093344274787
Sri Lanka,2002,Cassava,85284,1714.39,26.74,1712.0,45778.88,85560.0,85233.8,49.716973982592876
Sri Lanka,2004,Cassava,95411,1733.07,26.64,1712.0,45607.68,85284.0,87209.0,55.0214235872831
Sri Lanka,2005,Cassava,95186,1742.41,26.73,1712.0,45761.76,95411.0,89154.2,54.59759895836321
Sri Lanka,2006,Cassava,95959,1751.75,26.56,1712.0,45470.72,95186.0,91480.0,54.74768221366424
Sri Lanka,2007,Cassava,97487,1439.8,26.57,1712.0,45487.840000000004,95959.0,93865.4,67.66171571349251
Sri Lanka,2008,Cassava,100556,1152.39,26.42,1712.0,45231.04,97487.0,96919.8,87.1829996792065
Sri Lanka,2009,Cassava,116401,1170.36,26.67,1712.0,45659.04,100556.0,101117.8,99.37252424532169
Sri Lanka,2010,Cassava,120631,1450.54,26.83,1712.0,45932.96,116401.0,106206.8,83.10552929991596
Sri Lanka,2011,Cassava,120967,1290.31,26.65,1712.0,45624.799999999996,120631.0,111208.4,93.67773811091062
Sri Lanka,2012,Cassava,121660,1112.8,26.88,1712.0,46018.56,120967.0,116043.0,109.2296642126055
Sri Lanka,2013,Cassava,126527,1235.31,27.03,1712.0,46275.36,121660.0,121237.2,102.34245456236705
Sri Lanka,1990,Maize,11227,1571.33,26.53,1712.0,45419.36,126527.0,100202.4,7.140358576125878
Sri Lanka,1991,Maize,11916,1409.15,26.53,1712.0,45419.36,11227.0,78459.4,8.450164876077013
Sri Lanka,1992,Maize,10390,2144.31,26.26,1712.0,44957.12,11916.0,56344.0,4.843122905314384
Sri Lanka,1993,Maize,9712,1753.2,26.37,1712.0,45145.44,10390.0,33954.4,5.536426861247292
Sri Lanka,1994,Maize,10032,1860.7,26.34,1712.0,45094.08,9712.0,10655.4,5.388623301283773
Sri Lanka,1995,Maize,9695,1735.5,26.59,1712.0,45522.08,10032.0,10349.0,5.58306939245609
Sri Lanka,1996,Maize,10669,1654.41,26.38,1712.0,45162.56,9695.0,10099.6,6.444929050809165
Sri Lanka,1997,Maize,9959,1622.4,26.66,1712.0,45641.92,10669.0,10013.4,6.134655660958482
Sri Lanka,1998,Maize,11371,1532.41,27.13,1712.0,46446.56,9959.0,10345.2,7.415498790277877
Sri Lanka,1999,Maize,10897,1766.91,26.32,1712.0,45059.840000000004,11371.0,10518.2,6.163775305304003
Sri Lanka,2000,Maize,10838,1695.71,26.43,1712.0,45248.159999999996,10897.0,10746.8,6.387656110944121
Sri Lanka,2001,Maize,11182,1705.05,26.63,1712.0,45590.56,10838.0,10849.4,6.554321385656927
Sri Lanka,2002,Maize,11282,1714.39,26.74,1712.0,45778.88,11182.0,11114.0,6.576930027573904
Sri Lanka,2004,Maize,15023,1733.07,26.64,1712.0,45607.68,11282.0,11844.4,8.663433425409586
Sri Lanka,2005,Maize,14713,1742.41,26.73,1712.0,45761.76,15023.0,12607.6,8.43920821837663
Sri Lanka,2006,Maize,14853,1751.75,26.56,1712.0,45470.72,14713.0,13410.6,8.474112109542148
Sri Lanka,2007,Maize,16508,1439.8,26.57,1712.0,45487.840000000004,14853.0,14475.8,11.45752359800111
Sri Lanka,2008,Maize,26337,1152.39,26.42,1712.0,45231.04,16508.0,17486.8,22.834427210223772
Sri Lanka,2009,Maize,25515,1170.36,26.67,1712.0,45659.04,26337.0,19585.2,21.782372626690346
Sri Lanka,2010,Maize,28061,1450.54,26.83,1712.0,45932.96,25515.0,22254.8,19.331882001184947
Sri Lanka,2011,Maize,27262,1290.31,26.65,1712.0,45624.799999999996,28061.0,24736.6,21.11189412302236
Sri Lanka,2012,Maize,34187,1112.8,26.88,1712.0,46018.56,27262.0,28272.4,30.694020470461485
Sri Lanka,2013,Maize,30868,1235.31,27.03,1712.0,46275.36,34187.0,29178.6,24.967847869870827
Sri Lanka,1990,Plantains and others,140381,1571.33,26.53,1712.0,45419.36,30868.0,52151.8,89.28214814956148
Sri Lanka,1991,Plantains and others,129648,1409.15,26.53,1712.0,45419.36,140381.0,72469.2,91.93915540899904
Sri Lanka,1992,Plantains and others,131963,2144.31,26.26,1712.0,44957.12,129648.0,93409.4,61.512322228489126
Sri Lanka,1993,Plantains and others,136250,1753.2,26.37,1712.0,45145.44,131963.0,113822.0,77.67073309770835
Sri Lanka,1994,Plantains and others,136905,1860.7,26.34,1712.0,45094.08,136250.0,135029.4,73.53762690014503
Sri Lanka,1995,Plantains and others,131818,1735.5,26.59,1712.0,45522.08,136905.0,133316.8,75.9101641232364
Sri Lanka,1996,Plantains and others,128883,1654.41,26.38,1712.0,45162.56,131818.0,133163.8,77.85563697210962
Sri Lanka,1997,Plantains and others,124786,1622.4,26.66,1712.0,45641.92,128883.0,131728.4,76.86706911420475
Sri Lanka,1998,Plantains and others,119608,1532.41,27.13,1712.0,46446.56,124786.0,128400.0,78.00131732543807
Sri Lanka,1999,Plantains and others,118269,1766.91,26.32,1712.0,45059.840000000004,119608.0,124672.8,66.8976361918876
Sri Lanka,2000,Plantains and others,119608,1695.71,26.43,1712.0,45248.159999999996,118269.0,122230.8,70.49407382522647
Sri Lanka,2001,Plantains and others,118178,1705.05,26.63,1712.0,45590.56,119608.0,120089.8,69.2699510565341
Sri Lanka,2002,Plantains and others,118000,1714.39,26.74,1712.0,45778.88,118178.0,118732.6,68.78902173849679
Sri Lanka,2004,Plantains and others,107185,1733.07,26.64,1712.0,45607.68,118000.0,116248.0,61.81123022715346
Sri Lanka,2005,Plantains and others,106604,1742.41,26.73,1712.0,45761.76,107185.0,113915.0,61.14683293086537
Sri Lanka,2006,Plantains and others,103250,1751.75,26.56,1712.0,45470.72,106604.0,110643.4,58.90743117957496
Sri Lanka,2007,Plantains and others,104962,1439.8,26.57,1712.0,45487.840000000004,103250.0,108000.2,72.84980566352027
Sri Lanka,2008,Plantains and others,111141,1152.39,26.42,1712.0,45231.04,104962.0,106628.4,96.36029443640051
Sri Lanka,2009,Plantains and others,106511,1170.36,26.67,1712.0,45659.04,111141.0,106493.6,90.92934708373174
Sri Lanka,2010,Plantains and others,109294,1450.54,26.83,1712.0,45932.96,106511.0,107031.6,75.29520371467545
Sri Lanka,2011,Plantains and others,112892,1290.31,26.65,1712.0,45624.799999999996,109294.0,108960.0,87.4243984790639
Sri Lanka,2012,Plantains and others,120475,1112.8,26.88,1712.0,46018.56,112892.0,112062.6,108.16573891183337
Sri Lanka,2013,Plantains and others,114222,1235.31,27.03,1712.0,46275.36,120475.0,112678.8,92.38944924816592
Sri Lanka,1990,Potatoes,110520,1571.33,26.53,1712.0,45419.36,114222.0,113480.6,70.29058785369484
Sri Lanka,1991,Potatoes,104522,1409.15,26.53,1712.0,45419.36,110520.0,112526.2,74.12119278090982
Sri Lanka,1992,Potatoes,110108,2144.31,26.26,1712.0,44957.12,104522.0,111969.4,51.32498333574169
Sri Lanka,1993,Potatoes,112006,1753.2,26.37,1712.0,45145.44,110108.0,110275.6,63.85018811994071
Sri Lanka,1994,Potatoes,110104,1860.7,26.34,1712.0,45094.08,112006.0,109452.0,59.14164473330827
Sri Lanka,1995,Potatoes,109931,1735.5,26.59,1712.0,45522.08,110104.0,109334.2,63.30607543910164
Sri Lanka,1996,Potatoes,127136,1654.41,26.38,1712.0,45162.56,109931.0,113857.0,76.80030928893748
Sri Lanka,1997,Potatoes,102773,1622.4,26.66,1712.0,45641.92,127136.0,112390.0,63.30725637550819
Sri Lanka,1998,Potatoes,111254,1532.41,27.13,1712.0,46446.56,102773.0,112239.6,72.55332885529636
Sri Lanka,1999,Potatoes,125207,1766.91,26.32,1712.0,45059.840000000004,111254.0,115260.2,70.82204410858019
Sri Lanka,2000,Potatoes,132921,1695.71,26.43,1712.0,45248.159999999996,125207.0,119858.2,78.34043531304701
Sri Lanka,2001,Potatoes,135718,1705.05,26.63,1712.0,45590.56,132921.0,121574.6,79.55100964215586
Sri Lanka,2002,Potatoes,134206,1714.39,26.74,1712.0,45778.88,135718.0,127861.2,78.23643602912456
Sri Lanka,2004,Potatoes,148033,1733.07,26.64,1712.0,45607.68,134206.0,135217.0,85.36737271275094
Sri Lanka,2005,Potatoes,141622,1742.41,26.73,1712.0,45761.76,148033.0,138500.0,81.23275649445627
Sri Lanka,2006,Potatoes,148094,1751.75,26.56,1712.0,45470.72,141622.0,141534.6,84.49236913421765
Sri Lanka,2007,Potatoes,145197,1439.8,26.57,1712.0,45487.840000000004,148094.0,143430.4,100.77526374236535
Sri Lanka,2008,Potatoes,145282,1152.39,26.42,1712.0,45231.04,145197.0,145645.6,125.96086319458291
Sri Lanka,2009,Potatoes,149034,1170.36,26.67,1712.0,45659.04,145282.0,145845.8,127.23159404452944
Sri Lanka,2010,Potatoes,135234,1450.54,26.83,1712.0,45932.96,149034.0,144568.2,93.16587899747854
Sri Lanka,2011,Potatoes,132500,1290.31,26.65,1712.0,45624.799999999996,135234.0,141449.4,102.60897847921878
Sri Lanka,2012,Potatoes,155269,1112.8,26.88,1712.0,46018.56,132500.0,143463.8,139.40474052792243
Sri Lanka,2013,Potatoes,153210,1235.31,27.03,1712.0,46275.36,155269.0,145049.4,123.92522910920401
Sri Lanka,1990,"Rice, paddy",30643,1571.33,26.53,1712.0,45419.36,153210.0,121371.2,19.488911360846643
Sri Lanka,1991,"Rice, paddy",30215,1409.15,26.53,1712.0,45419.36,30643.0,100367.4,21.426798567528277
Sri Lanka,1992,"Rice, paddy",30544,2144.31,26.26,1712.0,44957.12,30215.0,79976.2,14.23756939556521
Sri Lanka,1993,"Rice, paddy",31350,1753.2,26.37,1712.0,45145.44,30544.0,55192.4,17.871394367802985
Sri Lanka,1994,"Rice, paddy",29933,1860.7,26.34,1712.0,45094.08,31350.0,30537.0,16.078315518074877
Sri Lanka,1995,"Rice, paddy",31586,1735.5,26.59,1712.0,45522.08,29933.0,30725.6,18.18946156061042
Sri Lanka,1996,"Rice, paddy",31231,1654.41,26.38,1712.0,45162.56,31586.0,30928.8,18.866021106553664
Sri Lanka,1997,"Rice, paddy",32451,1622.4,26.66,1712.0,45641.92,31231.0,31310.2,19.989528150794627
Sri Lanka,1998,"Rice, paddy",35102,1532.41,27.13,1712.0,46446.56,32451.0,32060.6,22.89146412244605
Sri Lanka,1999,"Rice, paddy",32810,1766.91,26.32,1712.0,45059.840000000004,35102.0,32636.0,18.55863703469068
Sri Lanka,2000,"Rice, paddy",34374,1695.71,26.43,1712.0,45248.159999999996,32810.0,33193.6,20.259207525151616
Sri Lanka,2001,"Rice, paddy",35228,1705.05,26.63,1712.0,45590.56,34374.0,33993.0,20.648867266492775
Sri Lanka,2002,"Rice, paddy",34889,1714.39,26.74,1712.0,45778.88,35228.0,34480.6,20.338815079952663
Sri Lanka,2004,"Rice, paddy",36516,1733.07,26.64,1712.0,45607.68,34889.0,34763.4,21.05797343821184
Sri Lanka,2005,"Rice, paddy",35465,1742.41,26.73,1712.0,45761.76,36516.0,35294.4,20.342317641862785
Sri Lanka,2006,"Rice, paddy",36705,1751.75,26.56,1712.0,45470.72,35465.0,35760.6,20.94137783483098
Sri Lanka,2007,"Rice, paddy",38337,1439.8,26.57,1712.0,45487.840000000004,36705.0,36382.4,26.60813436979456
Sri Lanka,2008,"Rice, paddy",36800,1152.39,26.42,1712.0,45231.04,38337.0,36764.6,31.905946817641905
Sri Lanka,2009,"Rice, paddy",38748,1170.36,26.67,1712.0,45659.04,36800.0,37211.0,33.079497336429455
Sri Lanka,2010,"Rice, paddy",40558,1450.54,26.83,1712.0,45932.96,38748.0,38229.6,27.941358832688042
Sri Lanka,2011,"Rice, paddy",35699,1290.31,26.65,1712.0,45624.799999999996,40558.0,38028.4,27.64556922814816
Sri Lanka,2012,"Rice, paddy",36057,1112.8,26.88,1712.0,46018.56,35699.0,37572.4,32.37295744298797
Sri Lanka,2013,"Rice, paddy",38897,1235.31,27.03,1712.0,46275.36,36057.0,37991.8,31.46217372665432
Sri Lanka,1990,Sorghum,7143,1571.33,26.53,1712.0,45419.36,38897.0,31670.8,4.542939459273817
Sri Lanka,1991,Sorghum,6911,1409.15,26.53,1712.0,45419.36,7143.0,24941.4,4.9008970676878345
Sri Lanka,1992,Sorghum,7034,2144.31,26.26,1712.0,44957.12,6911.0,19208.4,3.278780222904848
Sri Lanka,1993,Sorghum,6154,1753.2,26.37,1712.0,45145.44,7034.0,13227.8,3.508151864097594
Sri Lanka,1994,Sorghum,7132,1860.7,26.34,1712.0,45094.08,6154.0,6874.8,3.8309072353225546
Sri Lanka,1995,Sorghum,9212,1735.5,26.59,1712.0,45522.08,7132.0,7288.6,5.304923697091851
Sri Lanka,1996,Sorghum,9510,1654.41,26.38,1712.0,45162.56,9212.0,7808.4,5.744800381778532
Sri Lanka,1997,Sorghum,9078,1622.4,26.66,1712.0,45641.92,9510.0,8217.2,5.59196747566835
Sri Lanka,1998,Sorghum,7000,1532.41,27.13,1712.0,46446.56,9078.0,8386.4,4.5649891418472555
Sri Lanka,1999,Sorghum,7000,1766.91,26.32,1712.0,45059.840000000004,7000.0,8360.0,3.959477575215933
Sri Lanka,2000,Sorghum,7500,1695.71,26.43,1712.0,45248.159999999996,7000.0,8017.6,4.420319323867957
Sri Lanka,2001,Sorghum,7143,1705.05,26.63,1712.0,45590.56,7500.0,7544.2,4.186864394361244
Sri Lanka,2002,Sorghum,6818,1714.39,26.74,1712.0,45778.88,7143.0,7092.2,3.97460635773789
Sri Lanka,2004,Sorghum,7714,1733.07,26.64,1712.0,45607.68,6818.0,7235.0,4.448494005432307
Sri Lanka,2005,Sorghum,9583,1742.41,26.73,1712.0,45761.76,7714.0,7751.6,5.4966989979408165
Sri Lanka,2006,Sorghum,8500,1751.75,26.56,1712.0,45470.72,9583.0,7951.6,4.849522179432321
Sri Lanka,2007,Sorghum,10000,1439.8,26.57,1712.0,45487.840000000004,8500.0,8523.0,6.94058856191005
Sri Lanka,2008,Sorghum,12353,1152.39,26.42,1712.0,45231.04,10000.0,9630.0,10.710167419519848
Sri Lanka,2009,Sorghum,12857,1170.36,26.67,1712.0,45659.04,12353.0,10658.6,10.976130310066932
Sri Lanka,2010,Sorghum,12500,1450.54,26.83,1712.0,45932.96,12857.0,11242.0,8.611543601967565
Sri Lanka,2011,Sorghum,12857,1290.31,26.65,1712.0,45624.799999999996,12500.0,12113.4,9.956555745715592
Sri Lanka,2012,Sorghum,12857,1112.8,26.88,1712.0,46018.56,12857.0,12684.8,11.543365056563118
Sri Lanka,2013,Sorghum,14227,1235.31,27.03,1712.0,46275.36,12857.0,13059.6,11.507631581075945
Sri Lanka,1990,Soybeans,8040,1571.33,26.53,1712.0,45419.36,14227.0,12096.2,5.113430386750873
Sri Lanka,1991,Soybeans,9747,1409.15,26.53,1712.0,45419.36,8040.0,11545.6,6.912030635038826
Sri Lanka,1992,Soybeans,9905,2144.31,26.26,1712.0,44957.12,9747.0,10955.2,4.617048351986426
Sri Lanka,1993,Soybeans,9389,1753.2,26.37,1712.0,45145.44,9905.0,10261.6,5.352297343518413
Sri Lanka,1994,Soybeans,10167,1860.7,26.34,1712.0,45094.08,9389.0,9449.6,5.461137669871623
Sri Lanka,1995,Soybeans,10034,1735.5,26.59,1712.0,45522.08,10167.0,9848.4,5.778289663115462
Sri Lanka,1996,Soybeans,8551,1654.41,26.38,1712.0,45162.56,10034.0,9609.2,5.165487703952495
Sri Lanka,1997,Soybeans,8451,1622.4,26.66,1712.0,45641.92,8551.0,9318.4,5.205741037329062
Sri Lanka,1998,Soybeans,9345,1532.41,27.13,1712.0,46446.56,8451.0,9309.6,6.094260504366086
Sri Lanka,1999,Soybeans,9756,1766.91,26.32,1712.0,45059.840000000004,9345.0,9227.4,5.518380460543805
Sri Lanka,2000,Soybeans,9275,1695.71,26.43,1712.0,45248.159999999996,9756.0,9075.6,5.466461563850039
Sri Lanka,2001,Soybeans,9688,1705.05,26.63,1712.0,45590.56,9275.0,9303.0,5.678614343073181
Sri Lanka,2002,Soybeans,9206,1714.39,26.74,1712.0,45778.88,9688.0,9454.0,5.366709611225435
Sri Lanka,2004,Soybeans,14538,1733.07,26.64,1712.0,45607.68,9206.0,10492.6,8.38374460085233
Sri Lanka,2005,Soybeans,16201,1742.41,26.73,1712.0,45761.76,14538.0,11781.6,9.292707968865614
Sri Lanka,2006,Soybeans,16873,1751.75,26.56,1712.0,45470.72,16201.0,13301.2,9.626586792183712
Sri Lanka,2007,Soybeans,16783,1439.8,26.57,1712.0,45487.840000000004,16873.0,14720.2,11.648389783453638
Sri Lanka,2008,Soybeans,24048,1152.39,26.42,1712.0,45231.04,16783.0,17688.6,20.84984263778947
Sri Lanka,2009,Soybeans,22831,1170.36,26.67,1712.0,45659.04,24048.0,19347.2,19.491018986477258
Sri Lanka,2010,Soybeans,16711,1450.54,26.83,1712.0,45932.96,22831.0,19449.2,11.512600410598399
Sri Lanka,2011,Soybeans,15673,1290.31,26.65,1712.0,45624.799999999996,16711.0,19209.2,12.137286941168272
Sri Lanka,2012,Soybeans,10987,1112.8,26.88,1712.0,46018.56,15673.0,18050.0,9.864428084036632
Sri Lanka,2013,Soybeans,16955,1235.31,27.03,1712.0,46275.36,10987.0,16631.4,13.714197895349873
Sri Lanka,1990,Sweet potatoes,64750,1571.33,26.53,1712.0,45419.36,16955.0,25015.2,41.18092257986555
Sri Lanka,1991,Sweet potatoes,65460,1409.15,26.53,1712.0,45419.36,64750.0,34765.0,46.42059355387725
Sri Lanka,1992,Sweet potatoes,60568,2144.31,26.26,1712.0,44957.12,65460.0,43744.0,28.232749579314877
Sri Lanka,1993,Sweet potatoes,68502,1753.2,26.37,1712.0,45145.44,60568.0,55247.0,39.05027932960894
Sri Lanka,1994,Sweet potatoes,68593,1860.7,26.34,1712.0,45094.08,68502.0,65574.6,36.84428210775098
Sri Lanka,1995,Sweet potatoes,67751,1735.5,26.59,1712.0,45522.08,68593.0,66174.8,39.01583645263461
Sri Lanka,1996,Sweet potatoes,65106,1654.41,26.38,1712.0,45162.56,67751.0,66104.0,39.32922961683208
Sri Lanka,1997,Sweet potatoes,60379,1622.4,26.66,1712.0,45641.92,65106.0,66066.2,37.19292842183072
Sri Lanka,1998,Sweet potatoes,60640,1532.41,27.13,1712.0,46446.56,60379.0,64493.8,39.54584879451679
Sri Lanka,1999,Sweet potatoes,61575,1766.91,26.32,1712.0,45059.840000000004,60640.0,63090.2,34.82926167056015
Sri Lanka,2000,Sweet potatoes,62724,1695.71,26.43,1712.0,45248.159999999996,61575.0,62084.8,36.96801456937249
Sri Lanka,2001,Sweet potatoes,61834,1705.05,26.63,1712.0,45590.56,62724.0,61430.4,36.243955335423934
Sri Lanka,2002,Sweet potatoes,61636,1714.39,26.74,1712.0,45778.88,61834.0,61681.8,35.931187659949046
Sri Lanka,2004,Sweet potatoes,61869,1733.07,26.64,1712.0,45607.68,61636.0,61927.6,35.67849048769658
Sri Lanka,2005,Sweet potatoes,62205,1742.41,26.73,1712.0,45761.76,61869.0,62053.6,35.68007525481671
Sri Lanka,2006,Sweet potatoes,62586,1751.75,26.56,1712.0,45470.72,62205.0,62026.0,35.707317073170735
Sri Lanka,2007,Sweet potatoes,75283,1439.8,26.57,1712.0,45487.840000000004,62586.0,64715.8,52.250832870627434
Sri Lanka,2008,Sweet potatoes,81252,1152.39,26.42,1712.0,45231.04,75283.0,68639.0,70.44624975073478
Sri Lanka,2009,Sweet potatoes,78783,1170.36,26.67,1712.0,45659.04,81252.0,72021.8,67.2577175249283
Sri Lanka,2010,Sweet potatoes,79014,1450.54,26.83,1712.0,45932.96,78783.0,75383.6,54.434600493269215
Sri Lanka,2011,Sweet potatoes,81641,1290.31,26.65,1712.0,45624.799999999996,79014.0,79194.6,63.223393298278495
Sri Lanka,2012,Sweet potatoes,78499,1112.8,26.88,1712.0,46018.56,81641.0,79837.8,70.47854192853295
Sri Lanka,2013,Sweet potatoes,93002,1235.31,27.03,1712.0,46275.36,78499.0,82187.8,75.22546934021403
Sudan,2013,Maize,15997,2469.47,28.744999999999997,1712.0,49211.439999999995,16634.0,16315.5,6.475286079167122
Sudan,2012,Potatoes,166663,2469.47,28.19,1712.0,48261.28,15997.0,66431.33333333333,67.46206187486592
Sudan,2013,Potatoes,166669,2469.47,28.744999999999997,1712.0,49211.439999999995,166663.0,91490.75,67.46449056252455
Sudan,2012,"Rice, paddy",31746,2469.47,28.19,1712.0,48261.28,166669.0,79541.8,12.850186401777801
Sudan,2013,"Rice, paddy",33060,2469.47,28.744999999999997,1712.0,49211.439999999995,31746.0,82827.0,13.382068999016383
Sudan,2012,Sorghum,5481,2469.47,28.19,1712.0,48261.28,33060.0,80723.8,2.2186061761527163
Sudan,2013,Sorghum,6390,2469.47,28.744999999999997,1712.0,49211.439999999995,5481.0,48669.2,2.586552356434201
Sudan,2012,Sweet potatoes,214286,2469.47,28.19,1712.0,48261.28,6390.0,58192.6,86.73896060263837
Sudan,2013,Sweet potatoes,213626,2469.47,28.744999999999997,1712.0,49211.439999999995,214286.0,94568.6,86.47180496018977
Sudan,2012,Wheat,17297,2469.47,28.19,1712.0,48261.28,213626.0,91416.0,7.001501738535583
Sudan,2013,Wheat,19534,2469.47,28.744999999999997,1712.0,49211.439999999995,17297.0,94226.6,7.906997453925772
Sudan,2012,Yams,19737,2469.47,28.19,1712.0,48261.28,19534.0,96896.0,7.9891680530425395
Sudan,2013,Yams,21053,2469.47,28.744999999999997,1712.0,49211.439999999995,19737.0,58249.4,8.521860212833996
