Country,Year,Crop,Pesticide_Usage,Avg_temperature,Average_rainfall_mm_per_year,climate_factor,Actual_Yield,Predicted_Yield,Error(%)
Albania,2009,Maize,1132.5,16.73,1485.0,24844.05,55693,47307.06,15.057439893702984
Albania,2010,Maize,1311.17,16.52,1485.0,24532.2,66790,46184.62,30.850995658032637
Albania,2011,Maize,1302.63,16.45,1485.0,24428.25,59869,46312.28,22.643972673670852
Albania,2012,Maize,766.25,16.7,1485.0,24799.5,67290,45813.57,31.916228265715564
Albania,2013,Maize,982.32,17.41,1485.0,25853.85,69533,47158.55,32.17817439201529
Albania,2009,Potatoes,1132.5,16.73,1485.0,24844.05,219780,182576.78,16.92748202748203
Albania,2010,Potatoes,1311.17,16.52,1485.0,24532.2,231111,160623.47,30.499426682416676
Albania,2011,Potatoes,1302.63,16.45,1485.0,24428.25,242211,160673.97,33.66363625103732
Albania,2012,Potatoes,766.25,16.7,1485.0,24799.5,250538,160177.99,36.06638913059097
Albania,2013,Potatoes,982.32,17.41,1485.0,25853.85,260110,176460.54,32.15926338856637
Albania,2009,Soybeans,1132.5,16.73,1485.0,24844.05,16667,19364.88,-16.186956260874787
Albania,2010,Soybeans,1311.17,16.52,1485.0,24532.2,16667,19356.22,-16.134997300054003
Albania,2011,Soybeans,1302.63,16.45,1485.0,24428.25,18519,19361.64,-4.55013769641989
Albania,2012,Soybeans,766.25,16.7,1485.0,24799.5,13333,17637.09,-32.28148203705093
Albania,2013,Soybeans,982.32,17.41,1485.0,25853.85,10000,17681.1,-76.81099999999998
Albania,2009,Wheat,1132.5,16.73,1485.0,24844.05,40229,37068.83,7.855452534241464
Albania,2010,Wheat,1311.17,16.52,1485.0,24532.2,39905,35849.03,10.16406465355219
Albania,2011,Wheat,1302.63,16.45,1485.0,24428.25,42301,35795.47,15.379139973050279
Albania,2012,Wheat,766.25,16.7,1485.0,24799.5,41096,33399.19,18.728854389721622
Albania,2013,Wheat,982.32,17.41,1485.0,25853.85,41292,34490.86,16.470841809551487
Algeria,2009,Maize,3867.99,17.78,89.0,1582.42,30914,52524.24,-69.90437989260528
Algeria,2010,Maize,1295.88,17.59,89.0,1565.51,25827,48316.96,-87.07925814070546
Algeria,2011,Maize,13861.76,17.79,89.0,1583.31,23374,47927.14,-105.04466501240695
Algeria,2012,Maize,17379.76,17.91,89.0,1593.99,25583,44494.86,-73.92354297775867
Algeria,2013,Maize,17278.65,17.65,89.0,1570.85,33649,46602.97,-38.497340188415706
Algeria,2009,Potatoes,3867.99,17.78,89.0,1582.42,250764,214790.11,14.345715493452015
Algeria,2010,Potatoes,1295.88,17.59,89.0,1565.51,270526,175936.27,34.96511610713943
Algeria,2011,Potatoes,13861.76,17.79,89.0,1583.31,292806,235992.99,19.402952808344097
Algeria,2012,Potatoes,17379.76,17.91,89.0,1593.99,304291,257160.88,15.488502781876557
Algeria,2013,Potatoes,17278.65,17.65,89.0,1570.85,303218,259829.62,14.309302218206044
Algeria,2009,"Rice, paddy",3867.99,17.78,89.0,1582.42,14594,19997.72,-37.026997396190225
Algeria,2010,"Rice, paddy",1295.88,17.59,89.0,1565.51,15305,18776.54,-22.682391375367533
Algeria,2011,"Rice, paddy",13861.76,17.79,89.0,1583.31,16081,20842.49,-29.609414837385746
Algeria,2012,"Rice, paddy",17379.76,17.91,89.0,1593.99,16667,27021.0,-62.12275754484911
Algeria,2013,"Rice, paddy",17278.65,17.65,89.0,1570.85,17778,20689.76,-16.37844526943412
Algeria,2009,Sorghum,3867.99,17.78,89.0,1582.42,90465,59254.39,34.5002044989775
Algeria,2010,Sorghum,1295.88,17.59,89.0,1565.51,30286,56289.15,-85.85864755992868
Algeria,2011,Sorghum,13861.76,17.79,89.0,1583.31,100000,65347.31,34.65269
Algeria,2012,Sorghum,17379.76,17.91,89.0,1593.99,206000,57498.71,72.08800485436893
Algeria,2013,Sorghum,17278.65,17.65,89.0,1570.85,60000,65137.11,-8.561850000000002
Algeria,2009,Wheat,3867.99,17.78,89.0,1582.42,15975,18425.18,-15.337589984350549
Algeria,2010,Wheat,1295.88,17.59,89.0,1565.51,14838,15435.57,-4.027294783663565
Algeria,2011,Wheat,13861.76,17.79,89.0,1583.31,17405,19620.43,-12.728698649813275
Algeria,2012,Wheat,17379.76,17.91,89.0,1593.99,17639,20706.97,-17.393106185157894
Algeria,2013,Wheat,17278.65,17.65,89.0,1570.85,19100,19413.04,-1.6389528795811563
Angola,2009,Cassava,40.0,24.33,1010.0,24573.3,151759,124240.85,18.132796077992076
Angola,2010,Cassava,40.0,24.44,1010.0,24684.4,155782,116013.85,25.52807769832201
Angola,2011,Cassava,40.0,24.15,1010.0,24391.5,133649,122989.87,7.975465585226979
Angola,2012,Cassava,40.0,24.24,1010.0,24482.399999999998,100073,124067.08,-23.97657709871794
Angola,2013,Cassava,40.0,24.55,1010.0,24795.5,140517,115050.1,18.12371456834404
Angola,2009,Maize,40.0,24.33,1010.0,24573.3,6614,7156.48,-8.201995766555784
Angola,2010,Maize,40.0,24.44,1010.0,24684.4,7200,6863.86,4.668611111111116
Angola,2011,Maize,40.0,24.15,1010.0,24391.5,7376,6283.04,14.817787418655099
Angola,2012,Maize,40.0,24.24,1010.0,24482.399999999998,7770,6589.96,15.187129987129985
Angola,2013,Maize,40.0,24.55,1010.0,24795.5,9467,6901.41,27.10034857927538
Angola,2009,Potatoes,40.0,24.33,1010.0,24573.3,86509,66043.4,23.657191737275898
Angola,2010,Potatoes,40.0,24.44,1010.0,24684.4,87425,52045.13,40.468824706891624
Angola,2011,Potatoes,40.0,24.15,1010.0,24391.5,81366,64524.4,20.698571885062556
Angola,2012,Potatoes,40.0,24.24,1010.0,24482.399999999998,69381,65424.46,5.702627520502732
Angola,2013,Potatoes,40.0,24.55,1010.0,24795.5,63303,52207.74,17.527226197810535
Angola,2009,"Rice, paddy",40.0,24.33,1010.0,24573.3,6028,6525.11,-8.246682149966816
Angola,2010,"Rice, paddy",40.0,24.44,1010.0,24684.4,7403,7652.14,-3.3653924084830518
Angola,2011,"Rice, paddy",40.0,24.15,1010.0,24391.5,8914,5956.34,33.17994166479695
Angola,2012,"Rice, paddy",40.0,24.24,1010.0,24482.399999999998,7703,5660.5,26.515643255874334
Angola,2013,"Rice, paddy",40.0,24.55,1010.0,24795.5,12744,8090.66,36.513967357187695
Angola,2009,Sorghum,40.0,24.33,1010.0,24573.3,2480,2784.32,-12.27096774193549
Angola,2010,Sorghum,40.0,24.44,1010.0,24684.4,2814,2967.6,-5.4584221748400825
Angola,2011,Sorghum,40.0,24.15,1010.0,24391.5,3320,3346.0,-0.783132530120482
Angola,2012,Sorghum,40.0,24.24,1010.0,24482.399999999998,998,3244.84,-225.13426853707418
Angola,2013,Sorghum,40.0,24.55,1010.0,24795.5,2415,3002.14,-24.31221532091097
Angola,2009,Soybeans,40.0,24.33,1010.0,24573.3,4449,6904.9,-55.201168801977964
Angola,2010,Soybeans,40.0,24.44,1010.0,24684.4,4446,6140.79,-38.11943319838056
Angola,2011,Soybeans,40.0,24.15,1010.0,24391.5,5294,6423.38,-21.33320740460899
Angola,2012,Soybeans,40.0,24.24,1010.0,24482.399999999998,1641,7055.35,-329.9421084704449
Angola,2013,Soybeans,40.0,24.55,1010.0,24795.5,4405,6185.63,-40.42292849035187
Angola,2009,Sweet potatoes,40.0,24.33,1010.0,24573.3,66475,68998.9,-3.796765701391492
Angola,2010,Sweet potatoes,40.0,24.44,1010.0,24684.4,63001,60018.35,4.734289931905845
Angola,2011,Sweet potatoes,40.0,24.15,1010.0,24391.5,65512,63610.31,2.902811698620104
Angola,2012,Sweet potatoes,40.0,24.24,1010.0,24482.399999999998,52954,64387.2,-21.590814669335646
Angola,2013,Sweet potatoes,40.0,24.55,1010.0,24795.5,73409,60135.67,18.08133880041957
Angola,2009,Wheat,40.0,24.33,1010.0,24573.3,10000,11600.46,-16.00459999999999
Angola,2010,Wheat,40.0,24.44,1010.0,24684.4,10526,12132.64,-15.263537906137179
Angola,2011,Wheat,40.0,24.15,1010.0,24391.5,10959,10473.53,4.429874988593844
Angola,2012,Wheat,40.0,24.24,1010.0,24482.399999999998,11258,10140.25,9.928495292236631
Angola,2013,Wheat,40.0,24.55,1010.0,24795.5,9022,12271.93,-36.02227887386389
Argentina,2009,Cassava,61586.56,18.125,591.0,10711.875,101695,101494.32,0.19733516888735242
Argentina,2010,Cassava,105915.04,17.585,591.0,10392.735,101000,103362.22,-2.338831683168318
Argentina,2011,Cassava,100424.62,17.755,591.0,10493.205,100000,103362.22,-3.362220000000001
Argentina,2012,Cassava,136185.08,18.305,591.0,10818.255,100000,101404.41,-1.4044100000000035
Argentina,2013,Cassava,171945.54,16.665,591.0,9849.015,99459,105124.99,-5.696809740697177
Argentina,2009,Maize,61586.56,18.125,591.0,10711.875,55760,59489.19,-6.6879304160688715
Argentina,2010,Maize,105915.04,17.585,591.0,10392.735,78040,68637.63,12.048141978472572
Argentina,2011,Maize,100424.62,17.755,591.0,10493.205,63503,66129.13,-4.135442420043154
Argentina,2012,Maize,136185.08,18.305,591.0,10818.255,57346,57132.86,0.3716736999965114
Argentina,2013,Maize,171945.54,16.665,591.0,9849.015,66037,73972.48,-12.016717900570887
Argentina,2009,Potatoes,61586.56,18.125,591.0,10711.875,284439,272388.67,4.236525230365743
Argentina,2010,Potatoes,105915.04,17.585,591.0,10392.735,289849,276379.32,4.647136957519258
Argentina,2011,Potatoes,100424.62,17.755,591.0,10493.205,286657,276060.96,3.696417669898164
Argentina,2012,Potatoes,136185.08,18.305,591.0,10818.255,287821,279426.22,2.91666695619848
Argentina,2013,Potatoes,171945.54,16.665,591.0,9849.015,288984,283155.92,2.0167483320875954
Argentina,2009,"Rice, paddy",61586.56,18.125,591.0,10711.875,68842,65638.02,4.654106504750001
Argentina,2010,"Rice, paddy",105915.04,17.585,591.0,10392.735,57646,64529.97,-11.941799951427681
Argentina,2011,"Rice, paddy",100424.62,17.755,591.0,10493.205,67901,64697.12,4.718457754672239
Argentina,2012,"Rice, paddy",136185.08,18.305,591.0,10818.255,66617,64897.08,2.5818034435654535
Argentina,2013,"Rice, paddy",171945.54,16.665,591.0,9849.015,67187,68902.75,-2.5536934228347743
Argentina,2009,Sorghum,61586.56,18.125,591.0,10711.875,38752,46261.82,-19.37918042939719
Argentina,2010,Sorghum,105915.04,17.585,591.0,10392.735,48163,48389.35,-0.46996657184975715
Argentina,2011,Sorghum,100424.62,17.755,591.0,10493.205,44029,48114.52,-9.27915691930318
Argentina,2012,Sorghum,136185.08,18.305,591.0,10818.255,46534,42562.38,8.53487772381485
Argentina,2013,Sorghum,171945.54,16.665,591.0,9849.015,40852,44543.39,-9.036008028982668
Argentina,2009,Soybeans,61586.56,18.125,591.0,10711.875,18480,25721.81,-39.18728354978356
Argentina,2010,Soybeans,105915.04,17.585,591.0,10392.735,29053,27754.47,4.469521219839599
Argentina,2011,Soybeans,100424.62,17.755,591.0,10493.205,26053,27434.1,-5.301116953901657
Argentina,2012,Soybeans,136185.08,18.305,591.0,10818.255,22814,25456.82,-11.584202682563337
Argentina,2013,Soybeans,171945.54,16.665,591.0,9849.015,25391,28163.4,-10.918829506518064
Argentina,2009,Sweet potatoes,61586.56,18.125,591.0,10711.875,151208,163436.58,-8.087257287974174
Argentina,2010,Sweet potatoes,105915.04,17.585,591.0,10392.735,149382,149809.91,-0.28645352184333017
Argentina,2011,Sweet potatoes,100424.62,17.755,591.0,10493.205,148754,150132.37,-0.9266103768638123
Argentina,2012,Sweet potatoes,136185.08,18.305,591.0,10818.255,148126,150328.44,-1.486869286958402
Argentina,2013,Sweet potatoes,171945.54,16.665,591.0,9849.015,147498,150216.81,-1.84328601065777
Argentina,2009,Wheat,61586.56,18.125,591.0,10711.875,19628,27589.72,-40.563073160790715
Argentina,2010,Wheat,105915.04,17.585,591.0,10392.735,27113,27923.76,-2.9902998561575567
Argentina,2011,Wheat,100424.62,17.755,591.0,10493.205,35063,27518.51,21.516955194934837
Argentina,2012,Wheat,136185.08,18.305,591.0,10818.255,32199,27615.68,14.234355104195782
Argentina,2013,Wheat,171945.54,16.665,591.0,9849.015,26581,28348.85,-6.650803205297011
Armenia,2009,Maize,198.36,9.67,562.0,5434.54,57763,49752.43,13.86799508335786
Armenia,2010,Maize,278.72,11.31,562.0,6356.22,46724,47107.09,-0.8198998373426858
Armenia,2011,Maize,278.72,8.93,562.0,5018.66,54257,47770.44,11.955250013823097
Armenia,2012,Maize,278.72,10.2,562.0,5732.4,62215,45128.15,27.46419673712127
Armenia,2013,Maize,278.72,11.08,562.0,6226.96,67114,46362.34,30.920016688023367
Armenia,2009,Potatoes,198.36,9.67,562.0,5434.54,185496,155684.26,16.0713654202786
Armenia,2010,Potatoes,278.72,11.31,562.0,6356.22,170146,179292.65,-5.375765519024834
Armenia,2011,Potatoes,278.72,8.93,562.0,5018.66,194426,173553.14,10.735632065670222
Armenia,2012,Potatoes,278.72,10.2,562.0,5732.4,207151,170885.09,17.506992483743744
Armenia,2013,Potatoes,278.72,11.08,562.0,6226.96,215290,180779.63,16.02971340981931
Armenia,2009,Wheat,198.36,9.67,562.0,5434.54,22374,23376.6,-4.481094127111819
Armenia,2010,Wheat,278.72,11.31,562.0,6356.22,21192,23448.65,-10.64859380898453
Armenia,2011,Wheat,278.72,8.93,562.0,5018.66,28800,26091.11,9.405868055555553
Armenia,2012,Wheat,278.72,10.2,562.0,5732.4,26010,22927.47,11.851326412918104
Armenia,2013,Wheat,278.72,11.08,562.0,6226.96,31273,23532.31,24.75199053496626
Australia,2009,Maize,38065.68,17.125,534.0,9144.75,58171,57405.74,1.315535232332265
Australia,2010,Maize,42169.39,16.79,534.0,8965.859999999999,55593,59189.31,-6.468997895418484
Australia,2011,Maize,47632.99,16.805,534.0,8973.869999999999,57390,59222.31,-3.192733925771036
Australia,2012,Maize,48687.88,16.666666666666668,534.0,8900.0,64654,59120.95,8.557939183963875
Australia,2013,Maize,45177.18,17.088333333333335,534.0,9125.17,64441,57370.27,10.97240887012927
Australia,2009,Potatoes,38065.68,17.125,534.0,9144.75,361747,354554.22,1.988345445850284
Australia,2010,Potatoes,42169.39,16.79,534.0,8965.859999999999,351334,359006.15,-2.183719765237644
Australia,2011,Potatoes,47632.99,16.805,534.0,8973.869999999999,350887,359006.15,-2.313893076688513
Australia,2012,Potatoes,48687.88,16.666666666666668,534.0,8900.0,382592,361589.79,5.489453517062568
Australia,2013,Potatoes,45177.18,17.088333333333335,534.0,9125.17,385434,357881.16,7.148523482619599
Australia,2009,"Rice, paddy",38065.68,17.125,534.0,9144.75,84609,75215.86,11.101821319244996
Australia,2010,"Rice, paddy",42169.39,16.79,534.0,8965.859999999999,103895,74460.61,28.33090139082728
Australia,2011,"Rice, paddy",47632.99,16.805,534.0,8973.869999999999,95441,74356.77,22.091375823807375
Australia,2012,"Rice, paddy",48687.88,16.666666666666668,534.0,8900.0,89098,83550.74,6.226020786100692
Australia,2013,"Rice, paddy",45177.18,17.088333333333335,534.0,9125.17,102177,74753.36,26.83934740695068
Australia,2009,Sorghum,38065.68,17.125,534.0,9144.75,35096,27281.51,22.266041714155463
Australia,2010,Sorghum,42169.39,16.79,534.0,8965.859999999999,30279,32749.18,-8.158063344231977
Australia,2011,Sorghum,47632.99,16.805,534.0,8973.869999999999,30558,33139.95,-8.449342234439417
Australia,2012,Sorghum,48687.88,16.666666666666668,534.0,8900.0,33960,33351.35,1.7922555948174366
Australia,2013,Sorghum,45177.18,17.088333333333335,534.0,9125.17,34419,31343.25,8.936198030157762
Australia,2009,Soybeans,38065.68,17.125,534.0,9144.75,18926,20784.81,-9.821462538307097
Australia,2010,Soybeans,42169.39,16.79,534.0,8965.859999999999,19042,21552.77,-13.185432202499738
Australia,2011,Soybeans,47632.99,16.805,534.0,8973.869999999999,17136,21552.77,-25.77480158730159
Australia,2012,Soybeans,48687.88,16.666666666666668,534.0,8900.0,22598,22165.69,1.9130454022479921
Australia,2013,Soybeans,45177.18,17.088333333333335,534.0,9125.17,22336,21802.8,2.387177650429803
Australia,2009,Sweet potatoes,38065.68,17.125,534.0,9144.75,250797,308861.93,-23.152162904659942
Australia,2010,Sweet potatoes,42169.39,16.79,534.0,8965.859999999999,305974,302458.02,1.1491107087530252
Australia,2011,Sweet potatoes,47632.99,16.805,534.0,8973.869999999999,319252,302458.02,5.260414969992351
Australia,2012,Sweet potatoes,48687.88,16.666666666666668,534.0,8900.0,331853,296293.34,10.7154854709766
Australia,2013,Sweet potatoes,45177.18,17.088333333333335,534.0,9125.17,344391,308358.86,10.462567256403336
Australia,2009,Wheat,38065.68,17.125,534.0,9144.75,15831,15435.85,2.496052049775754
Australia,2010,Wheat,42169.39,16.79,534.0,8965.859999999999,15729,16365.79,-4.048509123275483
Australia,2011,Wheat,47632.99,16.805,534.0,8973.869999999999,20301,16988.91,16.314910595537167
Australia,2012,Wheat,48687.88,16.666666666666668,534.0,8900.0,21511,17250.15,19.807772767421312
Australia,2013,Wheat,45177.18,17.088333333333335,534.0,9125.17,17609,15296.88,13.130331080697374
Austria,2009,Maize,3531.8,9.48,1110.0,10522.800000000001,108293,103819.19,4.1312088500641755
Austria,2010,Maize,3692.4,8.36,1110.0,9279.599999999999,97247,104607.32,-7.568685923473224
Austria,2011,Maize,3441.5,9.42,1110.0,10456.2,112996,103832.57,8.10951715104959
Austria,2012,Maize,3563.3,9.42,1110.0,10456.2,107025,103763.05,3.047839289885538
Austria,2013,Maize,3108.6,10.03,1110.0,11133.3,81173,102741.29,-26.570768605324425
Austria,2009,Potatoes,3531.8,9.48,1110.0,10522.800000000001,324947,314270.01,3.285763524513226
Austria,2010,Potatoes,3692.4,8.36,1110.0,9279.599999999999,305703,327284.29,-7.059561077254714
Austria,2011,Potatoes,3441.5,9.42,1110.0,10456.2,357127,315306.77,11.710184332184344
Austria,2012,Potatoes,3563.3,9.42,1110.0,10456.2,305491,314194.59,-2.84904956283492
Austria,2013,Potatoes,3108.6,10.03,1110.0,11133.3,285897,313282.16,-9.578680433862536
Austria,2010,Sorghum,3692.4,8.36,1110.0,9279.599999999999,67666,53128.69,21.48392102385245
Austria,2011,Sorghum,3441.5,9.42,1110.0,10456.2,67299,52220.76,22.404849997771137
Austria,2012,Sorghum,3563.3,9.42,1110.0,10456.2,68081,52083.45,23.497818774694853
Austria,2013,Sorghum,3108.6,10.03,1110.0,11133.3,52447,52186.41,0.49686350029552984
Austria,2009,Soybeans,3531.8,9.48,1110.0,10522.800000000001,28171,28681.5,-1.8121472436193247
Austria,2010,Soybeans,3692.4,8.36,1110.0,9279.599999999999,27501,27954.86,-1.6503399876368154
Austria,2011,Soybeans,3441.5,9.42,1110.0,10456.2,28691,28771.76,-0.281481997839038
Austria,2012,Soybeans,3563.3,9.42,1110.0,10456.2,28051,28676.18,-2.2287262486185884
Austria,2013,Soybeans,3108.6,10.03,1110.0,11133.3,19697,28812.72,-46.27973803117227
Austria,2009,Wheat,3531.8,9.48,1110.0,10522.800000000001,49295,52899.82,-7.312749771782127
Austria,2010,Wheat,3692.4,8.36,1110.0,9279.599999999999,50117,51102.21,-1.9658199812438875
Austria,2011,Wheat,3441.5,9.42,1110.0,10456.2,58549,53056.17,9.381594903414237
Austria,2012,Wheat,3563.3,9.42,1110.0,10456.2,41388,52899.82,-27.814390644631292
Austria,2013,Wheat,3108.6,10.03,1110.0,11133.3,53743,51386.52,4.384719870494768
Azerbaijan,2009,Maize,316.18,12.6,447.0,5632.2,47990,45512.53,5.162471348197544
Azerbaijan,2010,Maize,333.85,13.85,447.0,6190.95,45551,41402.98,9.106320388136368
Azerbaijan,2011,Maize,461.84,11.79,447.0,5270.129999999999,45460,47527.41,-4.547756269247698
Azerbaijan,2012,Maize,516.35,13.0,447.0,5811.0,51029,42844.19,16.03952654373003
Azerbaijan,2013,Maize,489.8,14.12,447.0,6311.639999999999,53903,38386.25,28.786431181937928
Azerbaijan,2009,Potatoes,316.18,12.6,447.0,5632.2,149950,157308.92,-4.907582527509178
Azerbaijan,2010,Potatoes,333.85,13.85,447.0,6190.95,144945,175991.54,-21.41953154644866
Azerbaijan,2011,Potatoes,461.84,11.79,447.0,5270.129999999999,143973,155697.98,-8.143874198634474
Azerbaijan,2012,Potatoes,516.35,13.0,447.0,5811.0,146740,159210.95,-8.49867111898597
Azerbaijan,2013,Potatoes,489.8,14.12,447.0,6311.639999999999,151999,177913.11,-17.048868742557506
Azerbaijan,2009,"Rice, paddy",316.18,12.6,447.0,5632.2,25279,37839.52,-49.68756675501403
Azerbaijan,2010,"Rice, paddy",333.85,13.85,447.0,6190.95,23963,34170.12,-42.595334473980735
Azerbaijan,2011,"Rice, paddy",461.84,11.79,447.0,5270.129999999999,20947,34826.55,-66.26032367403448
Azerbaijan,2012,"Rice, paddy",516.35,13.0,447.0,5811.0,22249,34539.91,-55.24252775405638
Azerbaijan,2013,"Rice, paddy",489.8,14.12,447.0,6311.639999999999,22808,33524.56,-46.98596983514555
Azerbaijan,2012,Sorghum,516.35,13.0,447.0,5811.0,1500,13590.37,-806.0246666666668
Azerbaijan,2013,Sorghum,489.8,14.12,447.0,6311.639999999999,5000,13679.63,-173.59259999999998
Azerbaijan,2009,Soybeans,316.18,12.6,447.0,5632.2,6677,7027.21,-5.245020218661075
Azerbaijan,2010,Soybeans,333.85,13.85,447.0,6190.95,7136,8118.06,-13.762051569506731
Azerbaijan,2011,Soybeans,461.84,11.79,447.0,5270.129999999999,6717,9332.79,-38.94283162125951
Azerbaijan,2012,Soybeans,516.35,13.0,447.0,5811.0,6587,10513.56,-59.61074844390465
Azerbaijan,2013,Soybeans,489.8,14.12,447.0,6311.639999999999,6457,11196.67,-73.40359299984513
Azerbaijan,2009,Wheat,316.18,12.6,447.0,5632.2,25946,26272.13,-1.256956756340095
Azerbaijan,2010,Wheat,333.85,13.85,447.0,6190.95,19381,25338.11,-30.73685568340127
Azerbaijan,2011,Wheat,461.84,11.79,447.0,5270.129999999999,24376,28226.58,-15.796603216278312
Azerbaijan,2012,Wheat,516.35,13.0,447.0,5811.0,26144,27183.15,-3.9747169522643873
Azerbaijan,2013,Wheat,489.8,14.12,447.0,6311.639999999999,26719,25154.7,5.854635278266399
Bahamas,2009,Cassava,268.2,25.46,1292.0,32894.32,180917,123929.86,31.499052051493226
Bahamas,2010,Cassava,268.2,24.77,1292.0,32002.84,221795,122263.52,44.87543903153813
Bahamas,2011,Cassava,268.2,25.76,1292.0,33281.920000000006,225128,116274.31,48.35191091290289
Bahamas,2012,Cassava,268.2,25.46,1292.0,32894.32,223000,123929.86,44.426071748878925
Bahamas,2013,Cassava,268.2,25.88,1292.0,33436.96,221509,113123.01,48.930738705876514
Bahamas,2009,Maize,268.2,25.46,1292.0,32894.32,60000,43338.0,27.77
Bahamas,2010,Maize,268.2,24.77,1292.0,32002.84,75333,41363.39,45.092602179655664
Bahamas,2011,Maize,268.2,25.76,1292.0,33281.920000000006,73085,43124.43,40.99414380515838
Bahamas,2012,Maize,268.2,25.46,1292.0,32894.32,73404,43338.0,40.95962072911558
Bahamas,2013,Maize,268.2,25.88,1292.0,33436.96,74465,43200.06,41.98608742362184
Bahamas,2010,Plantains and others,268.2,24.77,1292.0,32002.84,79048,55948.15,29.222560975609753
Bahamas,2011,Plantains and others,268.2,25.76,1292.0,33281.920000000006,78182,56191.47,28.127356680565857
Bahamas,2012,Plantains and others,268.2,25.46,1292.0,32894.32,77391,55890.68,27.781421612332185
Bahamas,2013,Plantains and others,268.2,25.88,1292.0,33436.96,76928,56191.47,26.95576383111481
Bahamas,2009,Sweet potatoes,268.2,25.46,1292.0,32894.32,34560,34392.77,0.4838831018518611
Bahamas,2010,Sweet potatoes,268.2,24.77,1292.0,32002.84,34658,34261.96,1.1427087541116072
Bahamas,2011,Sweet potatoes,268.2,25.76,1292.0,33281.920000000006,34757,34490.71,0.7661478263371433
Bahamas,2012,Sweet potatoes,268.2,25.46,1292.0,32894.32,34855,34392.77,1.3261511978195473
Bahamas,2013,Sweet potatoes,268.2,25.88,1292.0,33436.96,34953,33669.11,3.673189711898834
Bahrain,2009,Potatoes,12.59,27.24,83.0,2260.92,166667,194106.69,-16.463781072437854
Bahrain,2010,Potatoes,9.84,28.0,83.0,2324.0,155598,188039.42,-20.84950963379993
Bahrain,2011,Potatoes,9.14,27.01,83.0,2241.83,171162,188807.21,-10.30906977015926
Bahrain,2012,Potatoes,9.14,27.45,83.0,2278.35,177812,190589.81,-7.186134794052143
Bahrain,2013,Potatoes,9.14,27.86,83.0,2312.38,179569,186081.16,-3.6265502397407148
Bangladesh,2009,Maize,13790.09,26.54,2666.0,70755.64,56831,54099.94,4.8055814608224345
Bangladesh,2010,Maize,13283.72,26.65,2666.0,71048.9,58378,53977.72,7.537565521258006
Bangladesh,2011,Maize,14798.28,25.8,2666.0,68782.8,61512,49805.97,19.030481857198595
Bangladesh,2012,Maize,13289.18,26.28,2666.0,70062.48,65838,54184.48,17.70029466265682
Bangladesh,2013,Maize,15330.16,26.59,2666.0,70888.94,65953,53779.15,18.458371870877745
Bangladesh,2009,Potatoes,13790.09,26.54,2666.0,70755.64,133367,152002.04,-13.97275188015027
Bangladesh,2010,Potatoes,13283.72,26.65,2666.0,71048.9,182299,152644.41,16.267006401571045
Bangladesh,2011,Potatoes,14798.28,25.8,2666.0,68782.8,180931,157539.26,12.928541819809759
Bangladesh,2012,Potatoes,13289.18,26.28,2666.0,70062.48,190627,154802.58,18.792941188813764
Bangladesh,2013,Potatoes,15330.16,26.59,2666.0,70888.94,193790,151730.54,21.70362763816502
Bangladesh,2009,"Rice, paddy",13790.09,26.54,2666.0,70755.64,42404,39757.19,6.241887557777562
Bangladesh,2010,"Rice, paddy",13283.72,26.65,2666.0,71048.9,43422,40180.57,7.464948643544747
Bangladesh,2011,"Rice, paddy",14798.28,25.8,2666.0,68782.8,43917,40777.32,7.14912220780108
Bangladesh,2012,"Rice, paddy",13289.18,26.28,2666.0,70062.48,44206,39824.91,9.910622992353971
Bangladesh,2013,"Rice, paddy",15330.16,26.59,2666.0,70888.94,45317,39977.89,11.781693404241235
Bangladesh,2009,Sorghum,13790.09,26.54,2666.0,70755.64,13300,18463.5,-38.82330827067669
Bangladesh,2010,Sorghum,13283.72,26.65,2666.0,71048.9,12806,18557.82,-44.91503982508199
Bangladesh,2011,Sorghum,14798.28,25.8,2666.0,68782.8,14667,17482.31,-19.19485920774529
Bangladesh,2012,Sorghum,13289.18,26.28,2666.0,70062.48,13452,18360.06,-36.48572702943802
Bangladesh,2013,Sorghum,15330.16,26.59,2666.0,70888.94,11343,18439.15,-62.55972846689589
Bangladesh,2009,Soybeans,13790.09,26.54,2666.0,70755.64,14660,16168.97,-10.293110504774894
Bangladesh,2010,Soybeans,13283.72,26.65,2666.0,71048.9,17090,16044.99,6.11474546518432
Bangladesh,2011,Soybeans,14798.28,25.8,2666.0,68782.8,15898,16230.95,-2.0942885897597225
Bangladesh,2012,Soybeans,13289.18,26.28,2666.0,70062.48,15814,16289.09,-3.0042367522448474
Bangladesh,2013,Soybeans,15330.16,26.59,2666.0,70888.94,14729,16136.77,-9.55781112091792
Bangladesh,2009,Sweet potatoes,13790.09,26.54,2666.0,70755.64,96232,99985.83,-3.90081261950287
Bangladesh,2010,Sweet potatoes,13283.72,26.65,2666.0,71048.9,98688,100288.42,-1.6216966601815805
Bangladesh,2011,Sweet potatoes,14798.28,25.8,2666.0,68782.8,97962,99962.7,-2.042322533227167
Bangladesh,2012,Sweet potatoes,13289.18,26.28,2666.0,70062.48,102939,99671.32,3.1743848298506814
Bangladesh,2013,Sweet potatoes,15330.16,26.59,2666.0,70888.94,97019,100194.89,-3.27347220647502
Bangladesh,2009,Wheat,13790.09,26.54,2666.0,70755.64,21516,17618.45,18.114658858523885
Bangladesh,2010,Wheat,13283.72,26.65,2666.0,71048.9,23959,17361.49,27.536666805793224
Bangladesh,2011,Wheat,14798.28,25.8,2666.0,68782.8,26012,20640.36,20.650622789481776
Bangladesh,2012,Wheat,13289.18,26.28,2666.0,70062.48,27789,19238.47,30.769477131238975
Bangladesh,2013,Wheat,15330.16,26.59,2666.0,70888.94,30138,17554.34,41.75346738336983
Belarus,2009,Maize,8306.31,6.75,618.0,4171.5,46818,41358.7,11.660686060916747
Belarus,2010,Maize,8306.31,6.71,618.0,4146.78,49306,41585.16,15.659027298908848
Belarus,2011,Maize,8306.31,7.29,618.0,4505.22,65950,42655.35,35.32168309325247
Belarus,2012,Maize,9578.67,6.33,618.0,3911.94,50407,40736.53,19.184775923978815
Belarus,2013,Maize,9163.51,7.83,618.0,4838.94,55656,44265.43,20.466023429639215
Belarus,2009,Potatoes,8306.31,6.75,618.0,4171.5,186040,194879.38,-4.751333046656636
Belarus,2010,Potatoes,8306.31,6.71,618.0,4146.78,213518,195275.11,8.543958823143722
Belarus,2011,Potatoes,8306.31,7.29,618.0,4505.22,209564,207415.63,1.0251617644251854
Belarus,2012,Potatoes,9578.67,6.33,618.0,3911.94,208131,197633.11,5.043885821910246
Belarus,2013,Potatoes,9163.51,7.83,618.0,4838.94,193536,210689.85,-8.863389756944448
Belarus,2009,Wheat,8306.31,6.75,618.0,4171.5,35428,34376.93,2.9667776899627403
Belarus,2010,Wheat,8306.31,6.71,618.0,4146.78,28851,34303.73,-18.89962219680428
Belarus,2011,Wheat,8306.31,7.29,618.0,4505.22,33088,34813.28,-5.214216634429397
Belarus,2012,Wheat,9578.67,6.33,618.0,3911.94,35822,35134.91,1.9180671095974444
Belarus,2013,Wheat,9163.51,7.83,618.0,4838.94,30610,37876.28,-23.738255472067948
Belgium,2009,Maize,5496.04,11.0,847.0,9317.0,121174,118667.82,2.0682489642992663
Belgium,2010,Maize,4644.53,9.74,847.0,8249.78,119283,115140.88,3.4725149434537994
Belgium,2011,Maize,5740.44,11.69,847.0,9901.43,119360,122256.5,-2.4266923592493295
Belgium,2012,Maize,6139.3,10.68,847.0,9045.96,102438,117177.64,-14.38884007887698
Belgium,2013,Maize,5905.6,10.36,847.0,8774.92,111500,116781.23,-4.736529147982059
Belgium,2009,Potatoes,5496.04,11.0,847.0,9317.0,447083,453100.65,-1.3459805002650567
Belgium,2010,Potatoes,4644.53,9.74,847.0,8249.78,422676,421522.43,0.2729206295129146
Belgium,2011,Potatoes,5740.44,11.69,847.0,9901.43,501412,456465.4,8.964005648049902
Belgium,2012,Potatoes,6139.3,10.68,847.0,9045.96,454233,452935.91,0.28555609125713577
Belgium,2013,Potatoes,5905.6,10.36,847.0,8774.92,454642,448471.16,1.3572965102212347
Belgium,2009,Wheat,5496.04,11.0,847.0,9317.0,94652,85291.87,9.888993365169256
Belgium,2010,Wheat,4644.53,9.74,847.0,8249.78,88272,75487.78,14.482757839405474
Belgium,2011,Wheat,5740.44,11.69,847.0,9901.43,84046,79729.62,5.135735192632612
Belgium,2012,Wheat,6139.3,10.68,847.0,9045.96,84522,79781.17,5.608989375547197
Belgium,2013,Wheat,5905.6,10.36,847.0,8774.92,89349,78076.32,12.616459053822643
Botswana,2009,Maize,17.0,19.25,416.0,8008.0,2429,2265.68,6.723754631535618
Botswana,2010,Maize,17.0,19.98,416.0,8311.68,1617,2794.99,-72.8503401360544
Botswana,2011,Maize,17.0,19.19,416.0,7983.040000000001,3473,2345.89,32.45349841635474
Botswana,2012,Maize,17.0,19.83,416.0,8249.279999999999,1370,2688.22,-96.22043795620436
Botswana,2013,Maize,17.0,18.69,416.0,7775.040000000001,849,11045.08,-1200.9517078916372
Botswana,2009,Sorghum,17.0,19.25,416.0,8008.0,5042,5905.59,-17.12792542641809
Botswana,2010,Sorghum,17.0,19.98,416.0,8311.68,5701,7874.77,-38.12962638133662
Botswana,2011,Sorghum,17.0,19.19,416.0,7983.040000000001,6690,5854.59,12.487443946188339
Botswana,2012,Sorghum,17.0,19.83,416.0,8249.279999999999,6779,7769.01,-14.604071396961208
Botswana,2013,Sorghum,17.0,18.69,416.0,7775.040000000001,3168,9403.35,-196.82291666666666
Brazil,2009,Cassava,335742.0,22.86090909090909,1761.0,40258.060909090906,138613,140094.38,-1.0687164984525295
Brazil,2010,Cassava,342580.0,22.88181818181818,1761.0,40294.88181818181,139499,140138.2,-0.458211169972553
Brazil,2011,Cassava,345026.0,22.48909090909091,1761.0,39603.28909090909,146230,138346.57,5.391116733912325
Brazil,2012,Cassava,346583.0,23.062727272727273,1761.0,40613.46272727273,136118,140050.18,-2.888802362655926
Brazil,2013,Cassava,367778.0,22.478181818181817,1761.0,39584.07818181818,140795,139435.68,0.9654604211797344
Brazil,2009,Maize,335742.0,22.86090909090909,1761.0,40258.060909090906,37145,38483.8,-3.60425360075381
Brazil,2010,Maize,342580.0,22.88181818181818,1761.0,40294.88181818181,43667,38455.48,11.934687521469295
Brazil,2011,Maize,345026.0,22.48909090909091,1761.0,39603.28909090909,42107,38673.21,8.154914859762037
Brazil,2012,Maize,346583.0,23.062727272727273,1761.0,40613.46272727273,50057,37711.74,24.662404858461358
Brazil,2013,Maize,367778.0,22.478181818181817,1761.0,39584.07818181818,52536,38673.21,26.387220191868433
Brazil,2009,Potatoes,335742.0,22.86090909090909,1761.0,40258.060909090906,248299,238697.75,3.8668097737002567
Brazil,2010,Potatoes,342580.0,22.88181818181818,1761.0,40294.88181818181,258859,237810.44,8.131283826330163
Brazil,2011,Potatoes,345026.0,22.48909090909091,1761.0,39603.28909090909,262528,243146.95,7.382469679424666
Brazil,2012,Potatoes,346583.0,23.062727272727273,1761.0,40613.46272727273,274457,234876.25,14.421475859606423
Brazil,2013,Potatoes,367778.0,22.478181818181817,1761.0,39584.07818181818,277517,243146.95,12.384844892384967
Brazil,2009,"Rice, paddy",335742.0,22.86090909090909,1761.0,40258.060909090906,44049,39828.71,9.58089854480238
Brazil,2010,"Rice, paddy",342580.0,22.88181818181818,1761.0,40294.88181818181,41271,39665.72,3.889607714860311
Brazil,2011,"Rice, paddy",345026.0,22.48909090909091,1761.0,39603.28909090909,48956,40080.38,18.12979001552415
Brazil,2012,"Rice, paddy",346583.0,23.062727272727273,1761.0,40613.46272727273,47860,39547.95,17.367425825323867
Brazil,2013,"Rice, paddy",367778.0,22.478181818181817,1761.0,39584.07818181818,50071,40080.38,19.95290687224142
Brazil,2009,Sorghum,335742.0,22.86090909090909,1761.0,40258.060909090906,23378,22339.7,4.441355120198474
Brazil,2010,Sorghum,342580.0,22.88181818181818,1761.0,40294.88181818181,23172,22094.29,4.650914897289829
Brazil,2011,Sorghum,345026.0,22.48909090909091,1761.0,39603.28909090909,25497,23301.45,8.61101306036004
Brazil,2012,Sorghum,346583.0,23.062727272727273,1761.0,40613.46272727273,29317,21535.32,26.543234300917558
Brazil,2013,Sorghum,367778.0,22.478181818181817,1761.0,39584.07818181818,26817,23320.27,13.039228847372932
Brazil,2009,Soybeans,335742.0,22.86090909090909,1761.0,40258.060909090906,26365,28017.82,-6.268992983121562
Brazil,2010,Soybeans,342580.0,22.88181818181818,1761.0,40294.88181818181,29475,28038.91,4.87223070398643
Brazil,2011,Soybeans,345026.0,22.48909090909091,1761.0,39603.28909090909,31214,27660.81,11.383321586467607
Brazil,2012,Soybeans,346583.0,23.062727272727273,1761.0,40613.46272727273,26366,27110.8,-2.8248501858454045
Brazil,2013,Soybeans,367778.0,22.478181818181817,1761.0,39584.07818181818,29285,27660.81,5.546149906095266
Brazil,2009,Sweet potatoes,335742.0,22.86090909090909,1761.0,40258.060909090906,113035,121831.03,-7.781687088070067
Brazil,2010,Sweet potatoes,342580.0,22.88181818181818,1761.0,40294.88181818181,118459,122168.83,-3.1317417840771924
Brazil,2011,Sweet potatoes,345026.0,22.48909090909091,1761.0,39603.28909090909,124266,121990.14,1.8314422287673222
Brazil,2012,Sweet potatoes,346583.0,23.062727272727273,1761.0,40613.46272727273,121926,121950.26,-0.01989731476468904
Brazil,2013,Sweet potatoes,367778.0,22.478181818181817,1761.0,39584.07818181818,130913,121990.14,6.815870081657284
Brazil,2009,Wheat,335742.0,22.86090909090909,1761.0,40258.060909090906,20802,22912.27,-10.144553408326125
Brazil,2010,Wheat,342580.0,22.88181818181818,1761.0,40294.88181818181,28288,22952.19,18.86245050904978
Brazil,2011,Wheat,345026.0,22.48909090909091,1761.0,39603.28909090909,26602,23594.77,11.304525975490563
Brazil,2012,Wheat,346583.0,23.062727272727273,1761.0,40613.46272727273,23100,21633.45,6.348701298701295
Brazil,2013,Wheat,367778.0,22.478181818181817,1761.0,39584.07818181818,27491,23726.09,13.695063839074606
Brazil,2009,Yams,335742.0,22.86090909090909,1761.0,40258.060909090906,94599,93525.54,1.1347477246059752
Brazil,2010,Yams,342580.0,22.88181818181818,1761.0,40294.88181818181,95332,93474.01,1.948967817731722
Brazil,2011,Yams,345026.0,22.48909090909091,1761.0,39603.28909090909,96414,93569.01,2.950805899558161
Brazil,2012,Yams,346583.0,23.062727272727273,1761.0,40613.46272727273,97619,93457.66,4.262838176994229
Brazil,2013,Yams,367778.0,22.478181818181817,1761.0,39584.07818181818,96078,93569.01,2.61140947979767
Bulgaria,2009,Maize,1717.25,9.74,608.0,5921.92,47071,46069.37,2.1279131524717925
Bulgaria,2010,Maize,1588.5,9.65,608.0,5867.2,62512,45745.56,26.821154338367037
Bulgaria,2011,Maize,1459.75,9.17,608.0,5575.36,55310,46592.85,15.760531549448565
Bulgaria,2012,Maize,1331.0,9.99,608.0,6073.92,36800,45821.81,-24.515788043478253
Bulgaria,2013,Maize,1197.0,11.26,608.0,6846.08,63943,49404.22,22.737093974320878
Bulgaria,2009,Potatoes,1717.25,9.74,608.0,5921.92,165508,157980.68,4.548009763878488
Bulgaria,2010,Potatoes,1588.5,9.65,608.0,5867.2,181967,162190.87,10.86797606159359
Bulgaria,2011,Potatoes,1459.75,9.17,608.0,5575.36,143236,153570.14,-7.214764444692685
Bulgaria,2012,Potatoes,1331.0,9.99,608.0,6073.92,101515,148457.15,-46.24158991282076
Bulgaria,2013,Potatoes,1197.0,11.26,608.0,6846.08,146125,144386.43,1.189782720273743
Bulgaria,2009,"Rice, paddy",1717.25,9.74,608.0,5921.92,52263,47155.35,9.772975144940018
Bulgaria,2010,"Rice, paddy",1588.5,9.65,608.0,5867.2,47952,47031.28,1.9200867534200892
Bulgaria,2011,"Rice, paddy",1459.75,9.17,608.0,5575.36,50563,46704.49,7.6310938828787895
Bulgaria,2012,"Rice, paddy",1331.0,9.99,608.0,6073.92,55605,46500.11,16.37422893624674
Bulgaria,2013,"Rice, paddy",1197.0,11.26,608.0,6846.08,54945,45632.65,16.948493948493944
Bulgaria,2009,Sorghum,1717.25,9.74,608.0,5921.92,24836,18649.29,24.91025124818811
Bulgaria,2010,Sorghum,1588.5,9.65,608.0,5867.2,24314,18736.61,22.939006333799455
Bulgaria,2011,Sorghum,1459.75,9.17,608.0,5575.36,19536,19294.43,1.2365376740376726
Bulgaria,2012,Sorghum,1331.0,9.99,608.0,6073.92,20205,18927.75,6.3214550853749065
Bulgaria,2013,Sorghum,1197.0,11.26,608.0,6846.08,26792,18061.19,32.587376828904155
Bulgaria,2009,Soybeans,1717.25,9.74,608.0,5921.92,9662,13200.64,-36.62430138687642
Bulgaria,2010,Soybeans,1588.5,9.65,608.0,5867.2,22717,13310.17,41.40876876348109
Bulgaria,2011,Soybeans,1459.75,9.17,608.0,5575.36,11565,15435.29,-33.46554258538695
Bulgaria,2012,Soybeans,1331.0,9.99,608.0,6073.92,7903,11804.97,-49.373275971150186
Bulgaria,2013,Soybeans,1197.0,11.26,608.0,6846.08,17976,12136.87,32.48292167334223
Bulgaria,2009,Wheat,1717.25,9.74,608.0,5921.92,31873,37415.34,-17.388824396824887
Bulgaria,2010,Wheat,1588.5,9.65,608.0,5867.2,36185,37754.5,-4.3374326378333565
Bulgaria,2011,Wheat,1459.75,9.17,608.0,5575.36,39197,38450.01,1.9057325815751154
Bulgaria,2012,Wheat,1331.0,9.99,608.0,6073.92,37596,36561.69,2.7511171401212833
Bulgaria,2013,Wheat,1197.0,11.26,608.0,6846.08,41885,32109.85,23.338068520950227
Burkina Faso,2009,Cassava,132.3,29.05,748.0,21729.4,17452,23233.59,-33.12852395140958
Burkina Faso,2010,Cassava,442.89,29.17,748.0,21819.16,15659,30026.67,-91.75343253081294
Burkina Faso,2011,Cassava,843.0,29.03,748.0,21714.440000000002,13548,36651.32,-170.5293770298199
Burkina Faso,2012,Cassava,843.0,28.67,748.0,21445.16,13636,35964.36,-163.7456732179525
Burkina Faso,2013,Cassava,843.0,29.41,748.0,21998.68,13594,55311.37,-306.88075621597767
Burkina Faso,2009,Maize,132.3,29.05,748.0,21729.4,15286,16849.6,-10.22896768284704
Burkina Faso,2010,Maize,442.89,29.17,748.0,21819.16,14342,15960.96,-11.28824431738948
Burkina Faso,2011,Maize,843.0,29.03,748.0,21714.440000000002,15356,14478.57,5.713922896587655
Burkina Faso,2012,Maize,843.0,28.67,748.0,21445.16,18386,15369.59,16.406015446535406
Burkina Faso,2013,Maize,843.0,29.41,748.0,21998.68,17353,14012.21,19.25194490866133
Burkina Faso,2009,Potatoes,132.3,29.05,748.0,21729.4,18111,22036.51,-21.674728065816346
Burkina Faso,2010,Potatoes,442.89,29.17,748.0,21819.16,18998,38883.89,-104.67359722076009
Burkina Faso,2011,Potatoes,843.0,29.03,748.0,21714.440000000002,19159,106253.38,-454.5872957878804
Burkina Faso,2012,Potatoes,843.0,28.67,748.0,21445.16,19320,106910.72,-453.368115942029
Burkina Faso,2013,Potatoes,843.0,29.41,748.0,21998.68,19481,106210.96,-445.20281299727947
Burkina Faso,2009,"Rice, paddy",132.3,29.05,748.0,21729.4,23154,21466.39,7.288632633670211
Burkina Faso,2010,"Rice, paddy",442.89,29.17,748.0,21819.16,20238,20594.63,-1.7621800573179218
Burkina Faso,2011,"Rice, paddy",843.0,29.03,748.0,21714.440000000002,17676,22111.75,-25.094761258203214
Burkina Faso,2012,"Rice, paddy",843.0,28.67,748.0,21445.16,23336,26124.71,-11.950248543023651
Burkina Faso,2013,"Rice, paddy",843.0,29.41,748.0,21998.68,21993,23369.43,-6.25849133815305
Burkina Faso,2009,Sorghum,132.3,29.05,748.0,21729.4,9204,10218.32,-11.020425901781831
Burkina Faso,2010,Sorghum,442.89,29.17,748.0,21819.16,10036,10225.6,-1.8891988840175404
Burkina Faso,2011,Sorghum,843.0,29.03,748.0,21714.440000000002,8952,9776.94,-9.215147453083116
Burkina Faso,2012,Sorghum,843.0,28.67,748.0,21445.16,10755,9501.77,11.652533705253367
Burkina Faso,2013,Sorghum,843.0,29.41,748.0,21998.68,10409,9780.57,6.0373715054279975
Burkina Faso,2009,Soybeans,132.3,29.05,748.0,21729.4,14542,13969.97,3.9336404896162884
Burkina Faso,2010,Soybeans,442.89,29.17,748.0,21819.16,12562,16975.79,-35.136045215729986
Burkina Faso,2011,Soybeans,843.0,29.03,748.0,21714.440000000002,8873,15123.29,-70.44167699763328
Burkina Faso,2012,Soybeans,843.0,28.67,748.0,21445.16,10949,15542.93,-41.957530368070145
Burkina Faso,2013,Soybeans,843.0,29.41,748.0,21998.68,13512,15833.9,-17.1839846062759
Burkina Faso,2009,Sweet potatoes,132.3,29.05,748.0,21729.4,126965,101236.06,20.26459260426102
Burkina Faso,2010,Sweet potatoes,442.89,29.17,748.0,21819.16,102743,99782.6,2.881364180528108
Burkina Faso,2011,Sweet potatoes,843.0,29.03,748.0,21714.440000000002,190326,97509.93,48.76688944232528
Burkina Faso,2012,Sweet potatoes,843.0,28.67,748.0,21445.16,83073,108998.15,-31.207672769732635
Burkina Faso,2013,Sweet potatoes,843.0,29.41,748.0,21998.68,146793,106774.76,27.26168141532635
Burkina Faso,2009,Yams,132.3,29.05,748.0,21729.4,94186,73851.61,21.589609920795024
Burkina Faso,2010,Yams,442.89,29.17,748.0,21819.16,66518,70625.02,-6.1742986860699425
Burkina Faso,2011,Yams,843.0,29.03,748.0,21714.440000000002,74827,71075.98,5.01292314271587
Burkina Faso,2012,Yams,843.0,28.67,748.0,21445.16,90785,71210.54,21.561337225312556
Burkina Faso,2013,Yams,843.0,29.41,748.0,21998.68,58594,70386.34,-20.12550773116701
Burundi,2009,Cassava,177.75,21.42,1274.0,27289.08,41867,82083.61,-96.05801705400435
Burundi,2010,Cassava,264.53,21.75,1274.0,27709.5,40629,81731.05,-101.16431612887347
Burundi,2011,Cassava,75.64,21.23,1274.0,27047.02,39948,81399.31,-103.76316711725242
Burundi,2012,Cassava,98.59,21.44,1274.0,27314.56,42092,83638.51,-98.70405302670339
Burundi,2013,Cassava,956.06,21.53,1274.0,27429.22,68749,81328.09,-18.29712432180831
Burundi,2009,Maize,177.75,21.42,1274.0,27289.08,10032,11327.83,-12.916965709728867
Burundi,2010,Maize,264.53,21.75,1274.0,27709.5,10511,11729.58,-11.593378365521833
Burundi,2011,Maize,75.64,21.23,1274.0,27047.02,11023,13468.11,-22.181892406785817
Burundi,2012,Maize,98.59,21.44,1274.0,27314.56,11763,13048.86,-10.931395052282586
Burundi,2013,Maize,956.06,21.53,1274.0,27429.22,13218,15883.04,-20.162203056438198
Burundi,2009,Potatoes,177.75,21.42,1274.0,27289.08,27711,27808.16,-0.3506188878062858
Burundi,2010,Potatoes,264.53,21.75,1274.0,27709.5,42521,28002.96,34.14322334846312
Burundi,2011,Potatoes,75.64,21.23,1274.0,27047.02,45493,28473.86,37.410458751895895
Burundi,2012,Potatoes,98.59,21.44,1274.0,27314.56,31165,27943.14,10.338071554628591
Burundi,2013,Potatoes,956.06,21.53,1274.0,27429.22,62252,123052.37,-97.66813917625136
Burundi,2009,"Rice, paddy",177.75,21.42,1274.0,27289.08,32680,32414.43,0.812637698898408
Burundi,2010,"Rice, paddy",264.53,21.75,1274.0,27709.5,28268,32845.09,-16.19177161454647
Burundi,2011,"Rice, paddy",75.64,21.23,1274.0,27047.02,26876,32046.05,-19.236679565411517
Burundi,2012,"Rice, paddy",98.59,21.44,1274.0,27314.56,21041,32309.42,-53.554583907608944
Burundi,2013,"Rice, paddy",956.06,21.53,1274.0,27429.22,19130,31473.98,-64.52681651855724
Burundi,2009,Sorghum,177.75,21.42,1274.0,27289.08,12885,12633.19,1.954287931703527
Burundi,2010,Sorghum,264.53,21.75,1274.0,27709.5,10701,12659.06,-18.2979160826091
Burundi,2011,Sorghum,75.64,21.23,1274.0,27047.02,8205,12156.7,-48.16209628275443
Burundi,2012,Sorghum,98.59,21.44,1274.0,27314.56,5890,12482.07,-111.91969439728354
Burundi,2013,Sorghum,956.06,21.53,1274.0,27429.22,6513,12632.73,-93.961768770152
Burundi,2009,Soybeans,177.75,21.42,1274.0,27289.08,7619,8192.97,-7.533403333770828
Burundi,2010,Soybeans,264.53,21.75,1274.0,27709.5,7752,7946.72,-2.511867905056763
Burundi,2011,Soybeans,75.64,21.23,1274.0,27047.02,7764,7962.33,-2.554482225656877
Burundi,2012,Soybeans,98.59,21.44,1274.0,27314.56,7283,8062.17,-10.698475902787314
Burundi,2013,Soybeans,956.06,21.53,1274.0,27429.22,9554,9789.46,-2.464517479589692
Burundi,2009,Sweet potatoes,177.75,21.42,1274.0,27289.08,67125,67195.2,-0.10458100558658784
Burundi,2010,Sweet potatoes,264.53,21.75,1274.0,27709.5,77508,67133.19,13.385469886979406
Burundi,2011,Sweet potatoes,75.64,21.23,1274.0,27047.02,78801,66601.16,15.481833986878335
Burundi,2012,Sweet potatoes,98.59,21.44,1274.0,27314.56,65035,67111.68,-3.193172906896276
Burundi,2013,Sweet potatoes,956.06,21.53,1274.0,27429.22,104528,68625.47,34.347284938007036
Burundi,2009,Wheat,177.75,21.42,1274.0,27289.08,8583,8846.16,-3.066060817895839
Burundi,2010,Wheat,264.53,21.75,1274.0,27709.5,7393,8558.64,-15.766806438522918
Burundi,2011,Wheat,75.64,21.23,1274.0,27047.02,7129,8992.46,-26.139149950904745
Burundi,2012,Wheat,98.59,21.44,1274.0,27314.56,4448,8605.1,-93.4599820143885
Burundi,2013,Wheat,956.06,21.53,1274.0,27429.22,7276,14730.5,-102.45327102803739
Burundi,2009,Yams,177.75,21.42,1274.0,27289.08,55000,57981.9,-5.421636363636366
Burundi,2010,Yams,264.53,21.75,1274.0,27709.5,64079,56327.81,12.096303000983164
Burundi,2011,Yams,75.64,21.23,1274.0,27047.02,68989,58341.79,15.433199495571756
Burundi,2012,Yams,98.59,21.44,1274.0,27314.56,90258,58173.11,35.54797358682887
Burundi,2013,Yams,956.06,21.53,1274.0,27429.22,79279,66920.74,15.588314686108548
Cameroon,2009,Cassava,813.77,25.54,1604.0,40966.159999999996,139528,123552.69,11.449537010492516
Cameroon,2010,Cassava,1160.63,25.7,1604.0,41222.799999999996,140636,129171.68,8.15176768395006
Cameroon,2011,Cassava,1372.47,25.25,1604.0,40501.0,145720,119845.69,17.75618309085918
Cameroon,2012,Cassava,1372.47,25.18,1604.0,40388.72,115388,119529.56,-3.5892467154296788
Cameroon,2013,Cassava,1372.47,25.45,1604.0,40821.799999999996,147894,127724.75,13.637639119910204
Cameroon,2009,Maize,813.77,25.54,1604.0,40966.159999999996,19787,19843.07,-0.28336786779198314
Cameroon,2010,Maize,1160.63,25.7,1604.0,41222.799999999996,19741,21880.89,-10.839825743376725
Cameroon,2011,Maize,1372.47,25.25,1604.0,40501.0,20240,21258.1,-5.030138339920941
Cameroon,2012,Maize,1372.47,25.18,1604.0,40388.72,17152,21468.21,-25.164470615671636
Cameroon,2013,Maize,1372.47,25.45,1604.0,40821.799999999996,19787,20773.99,-4.988072977207265
Cameroon,2009,Plantains and others,813.77,25.54,1604.0,40966.159999999996,119671,76452.69,36.11427162804689
Cameroon,2010,Plantains and others,1160.63,25.7,1604.0,41222.799999999996,122250,109881.83,10.117112474437628
Cameroon,2011,Plantains and others,1372.47,25.25,1604.0,40501.0,110857,99071.91,10.630893854244654
Cameroon,2012,Plantains and others,1372.47,25.18,1604.0,40388.72,108526,98656.75,9.093903764996407
Cameroon,2013,Plantains and others,1372.47,25.45,1604.0,40821.799999999996,119444,109620.99,8.22394594956632
Cameroon,2009,Potatoes,813.77,25.54,1604.0,40966.159999999996,28754,32296.4,-12.319677262293947
Cameroon,2010,Potatoes,1160.63,25.7,1604.0,41222.799999999996,44088,96281.73,-118.3853429504627
Cameroon,2011,Potatoes,1372.47,25.25,1604.0,40501.0,73940,110362.74,-49.25985934541521
Cameroon,2012,Potatoes,1372.47,25.18,1604.0,40388.72,103444,110606.18,-6.923726847376352
Cameroon,2013,Potatoes,1372.47,25.45,1604.0,40821.799999999996,133560,108899.29,18.464143456124592
Cameroon,2009,"Rice, paddy",813.77,25.54,1604.0,40966.159999999996,27475,12591.14,54.17237488626024
Cameroon,2010,"Rice, paddy",1160.63,25.7,1604.0,41222.799999999996,10936,23884.97,-118.40682150694954
Cameroon,2011,"Rice, paddy",1372.47,25.25,1604.0,40501.0,13464,21120.29,-56.86489898989899
Cameroon,2012,"Rice, paddy",1372.47,25.18,1604.0,40388.72,14217,25719.42,-80.90609833298163
Cameroon,2013,"Rice, paddy",1372.47,25.45,1604.0,40821.799999999996,11641,19538.26,-67.84004810583282
Cameroon,2009,Sorghum,813.77,25.54,1604.0,40966.159999999996,14085,13429.29,4.655378061767832
Cameroon,2010,Sorghum,1160.63,25.7,1604.0,41222.799999999996,14257,12834.65,9.976502770568846
Cameroon,2011,Sorghum,1372.47,25.25,1604.0,40501.0,15038,12968.67,13.76067296183003
Cameroon,2012,Sorghum,1372.47,25.18,1604.0,40388.72,14883,12765.25,14.229322045286569
Cameroon,2013,Sorghum,1372.47,25.45,1604.0,40821.799999999996,15074,12817.62,14.968687806819684
Cameroon,2009,Soybeans,813.77,25.54,1604.0,40966.159999999996,8310,11644.5,-40.12635379061372
Cameroon,2010,Soybeans,1160.63,25.7,1604.0,41222.799999999996,8437,16731.52,-98.31124807395994
Cameroon,2011,Soybeans,1372.47,25.25,1604.0,40501.0,8276,14437.15,-74.44598840019333
Cameroon,2012,Soybeans,1372.47,25.18,1604.0,40388.72,13980,14297.16,-2.2686695278969946
Cameroon,2013,Soybeans,1372.47,25.45,1604.0,40821.799999999996,13228,14845.27,-12.226111279104932
Cameroon,2009,Sweet potatoes,813.77,25.54,1604.0,40966.159999999996,54288,59494.34,-9.59022251694665
Cameroon,2010,Sweet potatoes,1160.63,25.7,1604.0,41222.799999999996,54179,64750.49,-19.51215415566917
Cameroon,2011,Sweet potatoes,1372.47,25.25,1604.0,40501.0,49900,65118.16,-30.497314629258526
Cameroon,2012,Sweet potatoes,1372.47,25.18,1604.0,40388.72,60000,65568.79,-9.281316666666656
Cameroon,2013,Sweet potatoes,1372.47,25.45,1604.0,40821.799999999996,54288,64235.22,-18.323054818744474
Cameroon,2009,Wheat,813.77,25.54,1604.0,40966.159999999996,13463,13530.76,-0.5033053554185563
Cameroon,2010,Wheat,1160.63,25.7,1604.0,41222.799999999996,13846,14259.6,-2.9871443016033536
Cameroon,2011,Wheat,1372.47,25.25,1604.0,40501.0,13971,15337.09,-9.778040226182808
Cameroon,2012,Wheat,1372.47,25.18,1604.0,40388.72,12308,15348.85,-24.70628859278518
Cameroon,2013,Wheat,1372.47,25.45,1604.0,40821.799999999996,12879,14367.79,-11.559826073452914
Cameroon,2009,Yams,813.77,25.54,1604.0,40966.159999999996,121205,111537.39,7.976246854502703
Cameroon,2010,Yams,1160.63,25.7,1604.0,41222.799999999996,111590,114791.85,-2.869298324222606
Cameroon,2011,Yams,1372.47,25.25,1604.0,40501.0,101354,96940.82,4.354223809617768
Cameroon,2012,Yams,1372.47,25.18,1604.0,40388.72,112643,94563.86,16.049945402732526
Cameroon,2013,Yams,1372.47,25.45,1604.0,40821.799999999996,103844,114690.96,-10.44543738684951
Canada,2009,Maize,54529.4,6.593333333333334,537.0,3540.6200000000003,83723,84367.43,-0.7697168042234428
Canada,2010,Maize,61050.0,8.008333333333333,537.0,4300.474999999999,97385,86053.55,11.635724187503206
Canada,2011,Maize,62107.2,7.471666666666667,537.0,4012.285,88946,85936.22,3.383828390259257
Canada,2012,Maize,73508.9,8.323333333333332,537.0,4469.629999999999,92109,85959.89,6.675905720396487
Canada,2013,Maize,81659.8,8.758333333333333,537.0,4703.224999999999,95878,85622.78,10.696113811301863
Canada,2009,Potatoes,54529.4,6.593333333333334,537.0,3540.6200000000003,127453,128250.62,-0.62581500631605
Canada,2010,Potatoes,61050.0,8.008333333333333,537.0,4300.474999999999,128373,130458.38,-1.6244693198725624
Canada,2011,Potatoes,62107.2,7.471666666666667,537.0,4012.285,120376,124578.76,-3.4913604040672515
Canada,2012,Potatoes,73508.9,8.323333333333332,537.0,4469.629999999999,124735,130577.86,-4.684218543311822
Canada,2013,Potatoes,81659.8,8.758333333333333,537.0,4703.224999999999,132270,131158.94,0.8399939517653268
Canada,2009,Soybeans,54529.4,6.593333333333334,537.0,3540.6200000000003,25371,26266.81,-3.5308423002640863
Canada,2010,Soybeans,61050.0,8.008333333333333,537.0,4300.474999999999,29515,24842.04,15.83249195324411
Canada,2011,Soybeans,62107.2,7.471666666666667,537.0,4012.285,28738,25268.12,12.074187486951079
Canada,2012,Soybeans,73508.9,8.323333333333332,537.0,4469.629999999999,30294,25174.75,16.898560771109793
Canada,2013,Soybeans,81659.8,8.758333333333333,537.0,4703.224999999999,28810,25308.5,12.153766053453662
Canada,2009,Wheat,54529.4,6.593333333333334,537.0,3540.6200000000003,27897,29414.76,-5.440585009140762
Canada,2010,Wheat,61050.0,8.008333333333333,537.0,4300.474999999999,28085,29123.4,-3.6973473384368933
Canada,2011,Wheat,62107.2,7.471666666666667,537.0,4012.285,29568,29367.86,0.6768804112554092
Canada,2012,Wheat,73508.9,8.323333333333332,537.0,4469.629999999999,28645,29196.13,-1.924000698202133
Canada,2013,Wheat,81659.8,8.758333333333333,537.0,4703.224999999999,35943,29487.96,17.959101911359653
Central African Republic,2009,Cassava,22.87,26.17,1342.0,35120.14,30000,32662.24,-8.874133333333338
Central African Republic,2010,Cassava,22.87,26.06,1342.0,34972.52,28175,31263.97,-10.963513753327423
Central African Republic,2011,Cassava,22.87,25.23,1342.0,33858.66,28132,29862.06,-6.149793829091431
Central African Republic,2012,Cassava,22.87,25.28,1342.0,33925.76,28132,29842.31,-6.079589080051192
Central African Republic,2013,Cassava,22.87,25.69,1342.0,34475.98,28375,29801.22,-5.026325991189432
Central African Republic,2009,Maize,22.87,26.17,1342.0,35120.14,8500,8774.53,-3.2297647058823604
Central African Republic,2010,Maize,22.87,26.06,1342.0,34972.52,16148,8774.53,45.66181570473123
Central African Republic,2011,Maize,22.87,25.23,1342.0,33858.66,16804,9683.97,42.37104260890265
Central African Republic,2012,Maize,22.87,25.28,1342.0,33925.76,17505,9683.97,44.678834618680376
Central African Republic,2013,Maize,22.87,25.69,1342.0,34475.98,12446,8743.33,29.749879479350795
Central African Republic,2009,Plantains and others,22.87,26.17,1342.0,35120.14,29310,28920.28,1.3296485841009933
Central African Republic,2010,Plantains and others,22.87,26.06,1342.0,34972.52,29333,28920.28,1.4070159888180587
Central African Republic,2011,Plantains and others,22.87,25.23,1342.0,33858.66,28475,28855.58,-1.3365408252853441
Central African Republic,2012,Plantains and others,22.87,25.28,1342.0,33925.76,28333,28880.83,-1.9335403945928835
Central African Republic,2013,Plantains and others,22.87,25.69,1342.0,34475.98,28626,28985.65,-1.2563753231328214
Central African Republic,2009,Potatoes,22.87,26.17,1342.0,35120.14,12657,15774.39,-24.629770087698503
Central African Republic,2010,Potatoes,22.87,26.06,1342.0,34972.52,11650,15774.39,-35.40248927038626
Central African Republic,2011,Potatoes,22.87,25.23,1342.0,33858.66,11574,20041.82,-73.16243303957145
Central African Republic,2012,Potatoes,22.87,25.28,1342.0,33925.76,11818,19873.28,-68.1611101709257
Central African Republic,2013,Potatoes,22.87,25.69,1342.0,34475.98,11818,16851.38,-42.59079370451854
Central African Republic,2009,"Rice, paddy",22.87,26.17,1342.0,35120.14,15000,17245.04,-14.96693333333334
Central African Republic,2010,"Rice, paddy",22.87,26.06,1342.0,34972.52,23353,17269.08,26.0519847557059
Central African Republic,2011,"Rice, paddy",22.87,25.23,1342.0,33858.66,16000,16910.41,-5.690062499999999
Central African Republic,2012,"Rice, paddy",22.87,25.28,1342.0,33925.76,30000,15549.85,48.16716666666667
Central African Republic,2013,"Rice, paddy",22.87,25.69,1342.0,34475.98,18665,16931.01,9.290061612643994
Central African Republic,2009,Sorghum,22.87,26.17,1342.0,35120.14,10000,9575.63,4.243700000000008
Central African Republic,2010,Sorghum,22.87,26.06,1342.0,34972.52,9269,9575.63,-3.3081238537058932
Central African Republic,2011,Sorghum,22.87,25.23,1342.0,33858.66,11707,9094.41,22.316477321260784
Central African Republic,2012,Sorghum,22.87,25.28,1342.0,33925.76,11707,9088.6,22.366105748697358
Central African Republic,2013,Sorghum,22.87,25.69,1342.0,34475.98,10529,9555.36,9.247221958400601
Central African Republic,2009,Yams,22.87,26.17,1342.0,35120.14,75844,71768.46,5.373582616950574
Central African Republic,2010,Yams,22.87,26.06,1342.0,34972.52,79091,72023.78,8.935555246488223
Central African Republic,2011,Yams,22.87,25.23,1342.0,33858.66,78326,72135.9,7.902995174016299
Central African Republic,2012,Yams,22.87,25.28,1342.0,33925.76,79310,71875.13,9.374442062791571
Central African Republic,2013,Yams,22.87,25.69,1342.0,34475.98,78333,71992.11,8.0947876373942
Chile,2009,Maize,9830.72,9.87,1522.0,15022.14,104956,107713.51,-2.6273009642135703
Chile,2010,Maize,9830.72,9.41,1522.0,14322.02,110808,102623.21,7.386461266334556
Chile,2011,Maize,9830.72,9.76,1522.0,14854.72,119978,106948.5,10.859907649735785
Chile,2012,Maize,9830.72,10.15,1522.0,15448.300000000001,107224,106410.25,0.7589252406177721
Chile,2013,Maize,9830.72,9.505,1522.0,14466.61,106321,102983.01,3.1395396958267936
Chile,2009,Potatoes,9830.72,9.87,1522.0,15022.14,205101,189271.67,7.717821951136263
Chile,2010,Potatoes,9830.72,9.41,1522.0,14322.02,212986,185996.6,12.671912707877512
Chile,2011,Potatoes,9830.72,9.76,1522.0,14854.72,312460,187372.92,40.0329898226973
Chile,2012,Potatoes,9830.72,10.15,1522.0,15448.300000000001,263269,184751.11,29.82420642004946
Chile,2013,Potatoes,9830.72,9.505,1522.0,14466.61,233767,185996.6,20.43504857400745
Chile,2009,"Rice, paddy",9830.72,9.87,1522.0,15022.14,53763,51375.89,4.440061008500271
Chile,2010,"Rice, paddy",9830.72,9.41,1522.0,14322.02,38599,50971.15,-32.053032461980884
Chile,2011,"Rice, paddy",9830.72,9.76,1522.0,14854.72,51899,50690.69,2.3281951482687484
Chile,2012,"Rice, paddy",9830.72,10.15,1522.0,15448.300000000001,62435,55595.17,10.95512132617923
Chile,2013,"Rice, paddy",9830.72,9.505,1522.0,14466.61,62051,51506.75,16.992876827126075
Chile,2009,Sweet potatoes,9830.72,9.87,1522.0,15022.14,86799,75467.77,13.054562840585715
Chile,2010,Sweet potatoes,9830.72,9.41,1522.0,14322.02,92862,75102.24,19.124895005492014
Chile,2011,Sweet potatoes,9830.72,9.76,1522.0,14854.72,99022,75220.12,24.036961483306747
Chile,2012,Sweet potatoes,9830.72,10.15,1522.0,15448.300000000001,107692,77784.38,27.77144077554507
Chile,2013,Sweet potatoes,9830.72,9.505,1522.0,14466.61,107692,75353.92,30.028302938008395
Chile,2009,Wheat,9830.72,9.87,1522.0,15022.14,40809,46389.33,-13.674263030213929
Chile,2010,Wheat,9830.72,9.41,1522.0,14322.02,57658,45822.14,20.527697804294288
Chile,2011,Wheat,9830.72,9.76,1522.0,14854.72,58060,45897.02,20.94898380985188
Chile,2012,Wheat,9830.72,10.15,1522.0,15448.300000000001,49468,46773.57,5.446814102045767
Chile,2013,Wheat,9830.72,9.505,1522.0,14466.61,58143,45822.14,21.19061623927214
Colombia,2009,Cassava,51435.13,25.275,3240.0,81891.0,106899,101443.84,5.103097316158246
Colombia,2010,Cassava,48618.46,25.11,3240.0,81356.4,106094,103698.33,2.2580636039738327
Colombia,2011,Cassava,53797.0,24.755,3240.0,80206.2,107039,105454.41,1.4803856538271065
Colombia,2012,Cassava,48727.73,25.07,3240.0,81226.8,96365,103519.92,-7.4248119130389645
Colombia,2013,Cassava,54563.38,25.225,3240.0,81729.0,99633,101225.95,-1.598817660815189
Colombia,2009,Maize,51435.13,25.275,3240.0,81891.0,26845,27050.11,-0.7640528962562882
Colombia,2010,Maize,48618.46,25.11,3240.0,81356.4,27227,27787.87,-2.0599772284864253
Colombia,2011,Maize,53797.0,24.755,3240.0,80206.2,28591,28238.48,1.2329754118428893
Colombia,2012,Maize,48727.73,25.07,3240.0,81226.8,29052,27687.91,4.695339391436047
Colombia,2013,Maize,54563.38,25.225,3240.0,81729.0,28246,27272.35,3.4470367485661733
Colombia,2009,Plantains and others,51435.13,25.275,3240.0,81891.0,78714,79606.63,-1.1340168203877388
Colombia,2010,Plantains and others,48618.46,25.11,3240.0,81356.4,80771,79170.52,1.981503262309487
Colombia,2011,Plantains and others,53797.0,24.755,3240.0,80206.2,79624,79080.23,0.6829222345021653
Colombia,2012,Plantains and others,48727.73,25.07,3240.0,81226.8,80883,79317.42,1.9356106969326086
Colombia,2013,Plantains and others,54563.38,25.225,3240.0,81729.0,84230,79122.84,6.063350350231513
Colombia,2009,Potatoes,51435.13,25.275,3240.0,81891.0,183793,163821.1,10.866518311361148
Colombia,2010,Potatoes,48618.46,25.11,3240.0,81356.4,172462,164043.81,4.881185420556414
Colombia,2011,Potatoes,53797.0,24.755,3240.0,80206.2,173390,169489.91,2.249316569583019
Colombia,2012,Potatoes,48727.73,25.07,3240.0,81226.8,181661,166154.38,8.536020389626831
Colombia,2013,Potatoes,54563.38,25.225,3240.0,81729.0,185619,163760.1,11.776219029301954
Colombia,2009,"Rice, paddy",51435.13,25.275,3240.0,81891.0,46956,47769.91,-1.7333461112530955
Colombia,2010,"Rice, paddy",48618.46,25.11,3240.0,81356.4,41223,47733.07,-15.792324673119374
Colombia,2011,"Rice, paddy",53797.0,24.755,3240.0,80206.2,39589,48089.59,-21.472100836090824
Colombia,2012,"Rice, paddy",48727.73,25.07,3240.0,81226.8,48066,47715.83,0.7285191195439568
Colombia,2013,"Rice, paddy",54563.38,25.225,3240.0,81729.0,38371,47745.65,-24.431601991087025
Colombia,2009,Sorghum,51435.13,25.275,3240.0,81891.0,37000,35907.75,2.952027027027027
Colombia,2010,Sorghum,48618.46,25.11,3240.0,81356.4,57069,36371.31,36.267833675024974
Colombia,2011,Sorghum,53797.0,24.755,3240.0,80206.2,38975,35719.47,8.352867222578574
Colombia,2012,Sorghum,48727.73,25.07,3240.0,81226.8,38191,36424.67,4.624990180932685
Colombia,2013,Sorghum,54563.38,25.225,3240.0,81729.0,32034,35907.75,-12.092620340887807
Colombia,2009,Soybeans,51435.13,25.275,3240.0,81891.0,22000,21072.77,4.214681818181816
Colombia,2010,Soybeans,48618.46,25.11,3240.0,81356.4,17152,20635.43,-20.30917677238806
Colombia,2011,Soybeans,53797.0,24.755,3240.0,80206.2,21766,21051.98,3.280437379399065
Colombia,2012,Soybeans,48727.73,25.07,3240.0,81226.8,26639,20453.22,23.220766545290736
Colombia,2013,Soybeans,54563.38,25.225,3240.0,81729.0,27250,20951.91,23.112256880733945
Colombia,2009,Wheat,51435.13,25.275,3240.0,81891.0,16946,19468.45,-14.885223651599203
Colombia,2010,Wheat,48618.46,25.11,3240.0,81356.4,17697,19613.66,-10.83042323557665
Colombia,2011,Wheat,53797.0,24.755,3240.0,80206.2,15964,18808.88,-17.820596341768987
Colombia,2012,Wheat,48727.73,25.07,3240.0,81226.8,15196,18963.89,-24.795275072387465
Colombia,2013,Wheat,54563.38,25.225,3240.0,81729.0,16938,19510.27,-15.186385641752276
Colombia,2009,Yams,51435.13,25.275,3240.0,81891.0,106037,105135.8,0.8498920188236154
Colombia,2010,Yams,48618.46,25.11,3240.0,81356.4,108871,104972.9,3.5804759761552716
Colombia,2011,Yams,53797.0,24.755,3240.0,80206.2,111246,104942.66,5.666127321431778
Colombia,2012,Yams,48727.73,25.07,3240.0,81226.8,109759,105051.31,4.289115243396899
Colombia,2013,Yams,54563.38,25.225,3240.0,81729.0,109992,104866.96,4.659466142992212
Croatia,2009,Maize,2070.0,11.06,1113.0,12309.78,73508,71172.76,3.176851499156561
Croatia,2010,Maize,1540.0,10.0,1113.0,11130.0,69678,70546.29,-1.2461465598897694
Croatia,2011,Maize,1638.74,11.02,1113.0,12265.26,56817,69927.47,-23.07490715806889
Croatia,2012,Maize,1737.47,11.12,1113.0,12376.56,43374,69818.74,-60.969105915986546
Croatia,2013,Maize,1836.21,11.58,1113.0,12888.54,65000,62348.52,4.0792000000000055
Croatia,2009,Potatoes,2070.0,11.06,1113.0,12309.78,193036,168926.46,12.48965995980025
Croatia,2010,Potatoes,1540.0,10.0,1113.0,11130.0,163115,159828.87,2.0146093247095638
Croatia,2011,Potatoes,1638.74,11.02,1113.0,12265.26,153960,169998.7,-10.417446089893486
Croatia,2012,Potatoes,1737.47,11.12,1113.0,12376.56,147848,169946.69,-14.946898165683677
Croatia,2013,Potatoes,1836.21,11.58,1113.0,12888.54,158785,169158.77,-6.533217873224794
Croatia,2009,Sorghum,2070.0,11.06,1113.0,12309.78,24835,34752.59,-39.93392389772497
Croatia,2010,Sorghum,1540.0,10.0,1113.0,11130.0,25641,34804.85,-35.73905073905073
Croatia,2011,Sorghum,1638.74,11.02,1113.0,12265.26,32000,35191.47,-9.973343750000003
Croatia,2012,Sorghum,1737.47,11.12,1113.0,12376.56,35729,34904.99,2.306277813540827
Croatia,2013,Sorghum,1836.21,11.58,1113.0,12888.54,50203,39160.28,21.996135689102246
Croatia,2009,Soybeans,2070.0,11.06,1113.0,12309.78,26000,27484.65,-5.710192307692314
Croatia,2010,Soybeans,1540.0,10.0,1113.0,11130.0,27203,27496.06,-1.077307649891561
Croatia,2011,Soybeans,1638.74,11.02,1113.0,12265.26,25005,27158.59,-8.612637472505499
Croatia,2012,Soybeans,1737.47,11.12,1113.0,12376.56,17875,27115.98,-51.697790209790206
Croatia,2013,Soybeans,1836.21,11.58,1113.0,12888.54,23606,24604.85,-4.231339489960174
Croatia,2009,Wheat,2070.0,11.06,1113.0,12309.78,51896,48989.71,5.6002196701094515
Croatia,2010,Wheat,1540.0,10.0,1113.0,11130.0,40415,47929.68,-18.59378943461586
Croatia,2011,Wheat,1638.74,11.02,1113.0,12265.26,52237,48204.7,7.719241150908365
Croatia,2012,Wheat,1737.47,11.12,1113.0,12376.56,53473,48492.57,9.313915433957325
Croatia,2013,Wheat,1836.21,11.58,1113.0,12888.54,48846,50809.88,-4.02055439544691
Denmark,2011,Maize,4249.48,9.31,703.0,6544.93,52170,100713.5,-93.0486869848572
Denmark,2012,Maize,5716.0,8.7,703.0,6116.099999999999,58217,100418.12,-72.48934160125049
Denmark,2013,Maize,4118.0,8.81,703.0,6193.43,59141,99467.99,-68.18787304915372
Denmark,2009,Potatoes,2836.0,9.22,703.0,6481.660000000001,415861,405232.92,2.555680864519639
Denmark,2010,Potatoes,3894.0,7.54,703.0,5300.62,352675,399115.3,-13.168015878641807
Denmark,2011,Potatoes,4249.48,9.31,703.0,6544.93,389423,408745.32,-4.961781918376677
Denmark,2012,Potatoes,5716.0,8.7,703.0,6116.099999999999,421316,404956.95,3.882845655042768
Denmark,2013,Potatoes,4118.0,8.81,703.0,6193.43,415732,406821.66,2.143289426842299
Denmark,2009,Wheat,2836.0,9.22,703.0,6481.660000000001,80373,75562.35,5.985405546638789
Denmark,2010,Wheat,3894.0,7.54,703.0,5300.62,66264,75882.38,-14.515242062054817
Denmark,2011,Wheat,4249.48,9.31,703.0,6544.93,64672,76628.69,-18.48820200395844
Denmark,2012,Wheat,5716.0,8.7,703.0,6116.099999999999,73687,77360.95,-4.9858862485920135
Denmark,2013,Wheat,4118.0,8.81,703.0,6193.43,72992,77006.93,-5.500506904866278
Dominican Republic,2009,Cassava,5975.25,26.895,1410.0,37921.95,77183,74398.36,3.60784110490652
Dominican Republic,2010,Cassava,6316.61,26.97,1410.0,38027.7,84606,74508.01,11.935311916412553
Dominican Republic,2011,Cassava,6316.61,26.725,1410.0,37682.25,78686,75511.37,4.034555066975072
Dominican Republic,2012,Cassava,6316.61,26.855,1410.0,37865.55,75083,74433.28,0.86533569516402
Dominican Republic,2013,Cassava,6316.61,26.695,1410.0,37639.95,74585,75626.78,-1.396768787289668
Dominican Republic,2009,Maize,5975.25,26.895,1410.0,37921.95,14645,14379.2,1.814953909184017
Dominican Republic,2010,Maize,6316.61,26.97,1410.0,38027.7,16818,14272.57,15.13515281246284
Dominican Republic,2011,Maize,6316.61,26.725,1410.0,37682.25,16229,14783.21,8.908681989031987
Dominican Republic,2012,Maize,6316.61,26.855,1410.0,37865.55,15675,14508.71,7.440446570972892
Dominican Republic,2013,Maize,6316.61,26.695,1410.0,37639.95,15764,14798.7,6.1234458259324995
Dominican Republic,2009,Plantains and others,5975.25,26.895,1410.0,37921.95,123255,106454.7,13.630522088353416
Dominican Republic,2010,Plantains and others,6316.61,26.97,1410.0,38027.7,109770,109839.72,-0.06351462148128009
Dominican Republic,2011,Plantains and others,6316.61,26.725,1410.0,37682.25,173430,103893.09,40.095087355128875
Dominican Republic,2012,Plantains and others,6316.61,26.855,1410.0,37865.55,183778,105595.47,42.541833081217554
Dominican Republic,2013,Plantains and others,6316.61,26.695,1410.0,37639.95,199939,104261.5,47.85334527030744
Dominican Republic,2009,Potatoes,5975.25,26.895,1410.0,37921.95,219707,211615.3,3.682950474950735
Dominican Republic,2010,Potatoes,6316.61,26.97,1410.0,38027.7,237316,212891.74,10.291872440122035
Dominican Republic,2011,Potatoes,6316.61,26.725,1410.0,37682.25,236186,204027.54,13.615735056269207
Dominican Republic,2012,Potatoes,6316.61,26.855,1410.0,37865.55,242634,207559.36,14.455781135372625
Dominican Republic,2013,Potatoes,6316.61,26.695,1410.0,37639.95,256603,203170.07,20.823189908146045
Dominican Republic,2009,"Rice, paddy",5975.25,26.895,1410.0,37921.95,42862,47230.52,-10.192058233400207
Dominican Republic,2010,"Rice, paddy",6316.61,26.97,1410.0,38027.7,47651,47381.33,0.5659272628066531
Dominican Republic,2011,"Rice, paddy",6316.61,26.725,1410.0,37682.25,50057,47100.63,5.906007151846899
Dominican Republic,2012,"Rice, paddy",6316.61,26.855,1410.0,37865.55,41266,47356.75,-14.75972955944361
Dominican Republic,2013,"Rice, paddy",6316.61,26.695,1410.0,37639.95,45123,47149.75,-4.491611816590209
Dominican Republic,2009,Sorghum,5975.25,26.895,1410.0,37921.95,19343,20636.27,-6.685984593909944
Dominican Republic,2010,Sorghum,6316.61,26.97,1410.0,38027.7,21139,21119.84,0.09063815696106653
Dominican Republic,2011,Sorghum,6316.61,26.725,1410.0,37682.25,14666,21190.04,-44.48411291422338
Dominican Republic,2012,Sorghum,6316.61,26.855,1410.0,37865.55,14585,21260.65,-45.77065478231061
Dominican Republic,2013,Sorghum,6316.61,26.695,1410.0,37639.95,15303,21506.58,-40.53832581846698
Dominican Republic,2009,Sweet potatoes,5975.25,26.895,1410.0,37921.95,77468,70408.03,9.113401662621987
Dominican Republic,2010,Sweet potatoes,6316.61,26.97,1410.0,38027.7,81343,71201.77,12.467243647271426
Dominican Republic,2011,Sweet potatoes,6316.61,26.725,1410.0,37682.25,80907,70092.3,13.366828580963325
Dominican Republic,2012,Sweet potatoes,6316.61,26.855,1410.0,37865.55,81007,69849.59,13.7733899539546
Dominican Republic,2013,Sweet potatoes,6316.61,26.695,1410.0,37639.95,79812,70137.31,12.121848844785248
Dominican Republic,2009,Yams,5975.25,26.895,1410.0,37921.95,70171,65200.52,7.083382023913017
Dominican Republic,2010,Yams,6316.61,26.97,1410.0,38027.7,69331,65331.05,5.769352814758185
Dominican Republic,2011,Yams,6316.61,26.725,1410.0,37682.25,67133,65899.22,1.837814487658825
Dominican Republic,2012,Yams,6316.61,26.855,1410.0,37865.55,66228,65762.44,0.7029655130760368
Dominican Republic,2013,Yams,6316.61,26.695,1410.0,37639.95,63432,66122.09,-4.240903644848021
Ecuador,2009,Cassava,9666.87,20.73,2274.0,47140.020000000004,31191,44915.41,-44.00118623962042
Ecuador,2010,Cassava,31637.12,20.69,2274.0,47049.060000000005,32033,53647.69,-67.47632129366592
Ecuador,2011,Cassava,17529.44,20.436666666666667,2274.0,46472.98,28346,47046.56,-65.9724828900021
Ecuador,2012,Cassava,11469.74,20.493333333333336,2274.0,46601.840000000004,45419,45840.27,-0.9275193201083177
Ecuador,2013,Cassava,6471.77,20.303333333333335,2274.0,46169.780000000006,25112,46388.06,-84.72467346288626
Ecuador,2009,Maize,9666.87,20.73,2274.0,47140.020000000004,22003,18665.1,15.170204063082313
Ecuador,2010,Maize,31637.12,20.69,2274.0,47049.060000000005,22348,22888.69,-2.419411132987286
Ecuador,2011,Maize,17529.44,20.436666666666667,2274.0,46472.98,16672,21893.57,-31.319397792706333
Ecuador,2012,Maize,11469.74,20.493333333333336,2274.0,46601.840000000004,27324,21041.07,22.994180939833115
Ecuador,2013,Maize,6471.77,20.303333333333335,2274.0,46169.780000000006,23702,18351.9,22.572356763142345
Ecuador,2009,Plantains and others,9666.87,20.73,2274.0,47140.020000000004,49631,66636.91,-34.264693437569264
Ecuador,2010,Plantains and others,31637.12,20.69,2274.0,47049.060000000005,48375,60294.86,-24.64053746770026
Ecuador,2011,Plantains and others,17529.44,20.436666666666667,2274.0,46472.98,51321,55938.22,-8.996745971434697
Ecuador,2012,Plantains and others,11469.74,20.493333333333336,2274.0,46601.840000000004,60942,69523.8,-14.08191395096978
Ecuador,2013,Plantains and others,6471.77,20.303333333333335,2274.0,46169.780000000006,49591,79782.03,-60.88005888165191
Ecuador,2009,Potatoes,9666.87,20.73,2274.0,47140.020000000004,58531,70973.77,-21.258427158258026
Ecuador,2010,Potatoes,31637.12,20.69,2274.0,47049.060000000005,87422,71041.84,18.736885452174516
Ecuador,2011,Potatoes,17529.44,20.436666666666667,2274.0,46472.98,77752,68552.93,11.831296944130063
Ecuador,2012,Potatoes,11469.74,20.493333333333336,2274.0,46601.840000000004,83078,69632.03,16.184754086521103
Ecuador,2013,Potatoes,6471.77,20.303333333333335,2274.0,46169.780000000006,73131,77010.41,-5.30474080759186
Ecuador,2009,"Rice, paddy",9666.87,20.73,2274.0,47140.020000000004,40004,42015.79,-5.028972102789723
Ecuador,2010,"Rice, paddy",31637.12,20.69,2274.0,47049.060000000005,43399,41767.63,3.7590036636788926
Ecuador,2011,"Rice, paddy",17529.44,20.436666666666667,2274.0,46472.98,44792,41776.89,6.731358278263977
Ecuador,2012,"Rice, paddy",11469.74,20.493333333333336,2274.0,46601.840000000004,42178,42246.13,-0.16152970743040776
Ecuador,2013,"Rice, paddy",6471.77,20.303333333333335,2274.0,46169.780000000006,38210,41778.35,-9.338785658204655
Ecuador,2009,Sorghum,9666.87,20.73,2274.0,47140.020000000004,16447,16096.5,2.131087736365295
Ecuador,2010,Sorghum,31637.12,20.69,2274.0,47049.060000000005,16254,19276.02,-18.592469545957922
Ecuador,2011,Sorghum,17529.44,20.436666666666667,2274.0,46472.98,15838,15867.09,-0.1836721808309139
Ecuador,2012,Sorghum,11469.74,20.493333333333336,2274.0,46601.840000000004,15667,16232.14,-3.6071998468117665
Ecuador,2013,Sorghum,6471.77,20.303333333333335,2274.0,46169.780000000006,15608,15003.89,3.8705151204510546
Ecuador,2009,Soybeans,9666.87,20.73,2274.0,47140.020000000004,16585,13759.06,17.039131745553213
Ecuador,2010,Soybeans,31637.12,20.69,2274.0,47049.060000000005,16279,16343.49,-0.3961545549480913
Ecuador,2011,Soybeans,17529.44,20.436666666666667,2274.0,46472.98,16250,16970.05,-4.431076923076919
Ecuador,2012,Soybeans,11469.74,20.493333333333336,2274.0,46601.840000000004,16923,17077.41,-0.9124268746676113
Ecuador,2013,Soybeans,6471.77,20.303333333333335,2274.0,46169.780000000006,16585,16459.22,0.7583961410913406
Ecuador,2009,Sweet potatoes,9666.87,20.73,2274.0,47140.020000000004,18947,20878.06,-10.191903731461451
Ecuador,2010,Sweet potatoes,31637.12,20.69,2274.0,47049.060000000005,18963,112403.54,-492.7518852502241
Ecuador,2011,Sweet potatoes,17529.44,20.436666666666667,2274.0,46472.98,19113,22520.91,-17.83032490974729
Ecuador,2012,Sweet potatoes,11469.74,20.493333333333336,2274.0,46601.840000000004,19575,22126.42,-13.034074074074065
Ecuador,2013,Sweet potatoes,6471.77,20.303333333333335,2274.0,46169.780000000006,19113,22589.41,-18.188719719562602
Ecuador,2009,Wheat,9666.87,20.73,2274.0,47140.020000000004,8617,7625.57,11.50551235928978
Ecuador,2010,Wheat,31637.12,20.69,2274.0,47049.060000000005,8912,10143.99,-13.823945242369836
Ecuador,2011,Wheat,17529.44,20.436666666666667,2274.0,46472.98,9249,7619.8,17.6148772840307
Ecuador,2012,Wheat,11469.74,20.493333333333336,2274.0,46601.840000000004,7995,7897.44,1.2202626641651082
Ecuador,2013,Wheat,6471.77,20.303333333333335,2274.0,46169.780000000006,7064,7617.29,-7.832531143827859
Egypt,2009,Maize,9013.0,22.15,51.0,1129.6499999999999,78184,79195.62,-1.293896449401406
Egypt,2010,Maize,11590.0,23.09,51.0,1177.59,72700,80225.19,-10.351017881705642
Egypt,2011,Maize,12945.0,21.585,51.0,1100.835,77409,81693.6,-5.535015308297493
Egypt,2012,Maize,13991.0,22.015,51.0,1122.765,77723,80296.21,-3.310744567245225
Egypt,2013,Maize,13653.0,22.175,51.0,1130.925,77223,80225.19,-3.887688900975101
Egypt,2009,Potatoes,9013.0,22.15,51.0,1129.6499999999999,264241,256834.58,2.802903410144532
Egypt,2010,Potatoes,11590.0,23.09,51.0,1177.59,259211,255237.97,1.532739737125353
Egypt,2011,Potatoes,12945.0,21.585,51.0,1100.835,264311,251470.29,4.8581822171608415
Egypt,2012,Potatoes,13991.0,22.015,51.0,1122.765,268531,249438.25,7.110072952471038
Egypt,2013,Potatoes,13653.0,22.175,51.0,1130.925,266276,249194.53,6.414949150505491
Egypt,2009,"Rice, paddy",9013.0,22.15,51.0,1129.6499999999999,95930,97755.15,-1.9025852183884022
Egypt,2010,"Rice, paddy",11590.0,23.09,51.0,1177.59,94217,97878.24,-3.885965377798067
Egypt,2011,"Rice, paddy",12945.0,21.585,51.0,1100.835,95670,98917.85,-3.3948468694470635
Egypt,2012,"Rice, paddy",13991.0,22.015,51.0,1122.765,95296,98461.07,-3.321304147078583
Egypt,2013,"Rice, paddy",13653.0,22.175,51.0,1130.925,95865,98522.49,-2.7721170395869246
Egypt,2009,Sorghum,9013.0,22.15,51.0,1129.6499999999999,55287,55684.56,-0.7190840523088569
Egypt,2010,Sorghum,11590.0,23.09,51.0,1177.59,50060,55774.7,-11.415701158609663
Egypt,2011,Sorghum,12945.0,21.585,51.0,1100.835,53457,56761.06,-6.180780814486405
Egypt,2012,Sorghum,13991.0,22.015,51.0,1122.765,53034,56386.51,-6.321435305652981
Egypt,2013,Sorghum,13653.0,22.175,51.0,1130.925,53777,55774.7,-3.7147851311899087
Egypt,2009,Soybeans,9013.0,22.15,51.0,1129.6499999999999,31252,32890.79,-5.243792397286576
Egypt,2010,Soybeans,11590.0,23.09,51.0,1177.59,28453,32219.42,-13.23733876919832
Egypt,2011,Soybeans,12945.0,21.585,51.0,1100.835,31195,31893.14,-2.237986856868086
Egypt,2012,Soybeans,13991.0,22.015,51.0,1122.765,36186,32014.48,11.527994251920633
Egypt,2013,Soybeans,13653.0,22.175,51.0,1130.925,34767,32219.42,7.327580751862403
Egypt,2009,Sweet potatoes,9013.0,22.15,51.0,1129.6499999999999,285425,266722.01,6.55268108960322
Egypt,2010,Sweet potatoes,11590.0,23.09,51.0,1177.59,306078,208552.1,31.863087186926208
Egypt,2011,Sweet potatoes,12945.0,21.585,51.0,1100.835,318249,188120.94,40.88875691675386
Egypt,2012,Sweet potatoes,13991.0,22.015,51.0,1122.765,323485,214954.6,33.55036555018007
Egypt,2013,Sweet potatoes,13653.0,22.175,51.0,1130.925,336781,213786.94,36.52048660702356
Egypt,2009,Wheat,9013.0,22.15,51.0,1129.6499999999999,63829,63981.47,-0.2388726127622259
Egypt,2010,Wheat,11590.0,23.09,51.0,1177.59,55741,63544.28,-13.999174754668914
Egypt,2011,Wheat,12945.0,21.585,51.0,1100.835,65428,64665.71,1.1650822277923838
Egypt,2012,Wheat,13991.0,22.015,51.0,1122.765,65823,63792.45,3.084863953329388
Egypt,2013,Wheat,13653.0,22.175,51.0,1130.925,66682,63544.28,4.705497735520832
El Salvador,2009,Cassava,3333.88,26.21,1784.0,46758.64,125022,138920.27,-11.116659467933635
El Salvador,2010,Cassava,3598.59,25.96,1784.0,46312.64,124843,135808.33,-8.783295819549345
El Salvador,2011,Cassava,3231.13,25.95,1784.0,46294.799999999996,145719,133524.78,8.368311613447801
El Salvador,2012,Cassava,2595.16,26.04,1784.0,46455.36,115775,129261.51,-11.648896566616276
El Salvador,2013,Cassava,6005.08,26.36,1784.0,47026.24,154928,137298.25,11.379318134875554
El Salvador,2009,Maize,3333.88,26.21,1784.0,46758.64,30041,27586.09,8.171865117672514
El Salvador,2010,Maize,3598.59,25.96,1784.0,46312.64,30253,27555.65,8.915975275179317
El Salvador,2011,Maize,3231.13,25.95,1784.0,46294.799999999996,28181,27525.52,2.3259643021894165
El Salvador,2012,Maize,2595.16,26.04,1784.0,46455.36,32580,28210.11,13.412799263351749
El Salvador,2013,Maize,6005.08,26.36,1784.0,47026.24,29461,24550.07,16.66925766267269
El Salvador,2009,Plantains and others,3333.88,26.21,1784.0,46758.64,312073,281318.26,9.85498264829062
El Salvador,2010,Plantains and others,3598.59,25.96,1784.0,46312.64,221778,289513.75,-30.542141240339436
El Salvador,2011,Plantains and others,3231.13,25.95,1784.0,46294.799999999996,111171,292084.37,-162.73431920195014
El Salvador,2012,Plantains and others,2595.16,26.04,1784.0,46455.36,143831,302821.74,-110.53996704465656
El Salvador,2013,Plantains and others,6005.08,26.36,1784.0,47026.24,153680,279091.11,-81.60535528370639
El Salvador,2009,Potatoes,3333.88,26.21,1784.0,46758.64,252417,259041.91,-2.624589469013578
El Salvador,2010,Potatoes,3598.59,25.96,1784.0,46312.64,252796,222357.19,12.040859032579629
El Salvador,2011,Potatoes,3231.13,25.95,1784.0,46294.799999999996,196316,221624.69,-12.891812180362274
El Salvador,2012,Potatoes,2595.16,26.04,1784.0,46455.36,295706,223660.46,24.363908747201616
El Salvador,2013,Potatoes,6005.08,26.36,1784.0,47026.24,426047,254979.79,40.15219212903741
El Salvador,2009,"Rice, paddy",3333.88,26.21,1784.0,46758.64,69016,69546.64,-0.7688651906804211
El Salvador,2010,"Rice, paddy",3598.59,25.96,1784.0,46312.64,70136,71048.12,-1.3005018820577097
El Salvador,2011,"Rice, paddy",3231.13,25.95,1784.0,46294.799999999996,54783,71253.36,-30.06472810908494
El Salvador,2012,"Rice, paddy",2595.16,26.04,1784.0,46455.36,63968,72458.11,-13.272433091545773
El Salvador,2013,"Rice, paddy",6005.08,26.36,1784.0,47026.24,61615,68582.04,-11.307376450539632
El Salvador,2009,Sorghum,3333.88,26.21,1784.0,46758.64,17133,16716.54,2.4307476799159464
El Salvador,2010,Sorghum,3598.59,25.96,1784.0,46312.64,17201,15559.37,9.543805592698094
El Salvador,2011,Sorghum,3231.13,25.95,1784.0,46294.799999999996,14534,15609.7,-7.401265996972621
El Salvador,2012,Sorghum,2595.16,26.04,1784.0,46455.36,13204,16096.81,-21.908588306573762
El Salvador,2013,Sorghum,6005.08,26.36,1784.0,47026.24,16633,16612.12,0.12553357782721708
El Salvador,2009,Soybeans,3333.88,26.21,1784.0,46758.64,19172,21871.29,-14.079334446067184
El Salvador,2010,Soybeans,3598.59,25.96,1784.0,46312.64,18000,21387.69,-18.820499999999992
El Salvador,2011,Soybeans,3231.13,25.95,1784.0,46294.799999999996,19222,21259.09,-10.597700551451462
El Salvador,2012,Soybeans,2595.16,26.04,1784.0,46455.36,19231,20908.62,-8.723519317768181
El Salvador,2013,Soybeans,6005.08,26.36,1784.0,47026.24,19231,21924.21,-14.004523945712647
El Salvador,2009,Sweet potatoes,3333.88,26.21,1784.0,46758.64,61191,65149.94,-6.469807651452014
El Salvador,2010,Sweet potatoes,3598.59,25.96,1784.0,46312.64,60767,64572.05,-6.261704543584516
El Salvador,2011,Sweet potatoes,3231.13,25.95,1784.0,46294.799999999996,60343,65065.48,-7.826061017847974
El Salvador,2012,Sweet potatoes,2595.16,26.04,1784.0,46455.36,58333,66017.63,-13.173726707009761
El Salvador,2013,Sweet potatoes,6005.08,26.36,1784.0,47026.24,58333,67297.27,-15.367407813758943
Eritrea,2009,Maize,27.63,25.3,383.0,9689.9,8689,6619.13,23.821728622396133
Eritrea,2010,Maize,27.63,25.22,383.0,9659.26,9000,6619.13,26.45411111111111
Eritrea,2011,Maize,27.63,24.78,383.0,9490.74,9524,4627.16,51.41579168416632
Eritrea,2012,Maize,27.63,25.16,383.0,9636.28,10476,6602.51,36.974894998090875
Eritrea,2013,Maize,27.63,25.87,383.0,9908.210000000001,10000,6774.72,32.2528
Eritrea,2009,Potatoes,27.63,25.3,383.0,9689.9,12000,23557.1,-96.30916666666666
Eritrea,2010,Potatoes,27.63,25.22,383.0,9659.26,15729,22854.86,-45.30396083667112
Eritrea,2011,Potatoes,27.63,24.78,383.0,9490.74,18180,21194.64,-16.58217821782178
Eritrea,2012,Potatoes,27.63,25.16,383.0,9636.28,14209,22854.86,-60.84777253853192
Eritrea,2013,Potatoes,27.63,25.87,383.0,9908.210000000001,12819,24440.82,-90.66089398549029
Eritrea,2009,Sorghum,27.63,25.3,383.0,9689.9,2358,6338.37,-168.80279898218828
Eritrea,2010,Sorghum,27.63,25.22,383.0,9659.26,1320,6345.3,-380.70454545454544
Eritrea,2011,Sorghum,27.63,24.78,383.0,9490.74,1124,6071.87,-440.20195729537363
Eritrea,2012,Sorghum,27.63,25.16,383.0,9636.28,1269,6343.89,-399.91252955082746
Eritrea,2013,Sorghum,27.63,25.87,383.0,9908.210000000001,1200,7289.36,-507.4466666666666
Eritrea,2009,Wheat,27.63,25.3,383.0,9689.9,10706,9049.51,15.472538763310292
Eritrea,2010,Wheat,27.63,25.22,383.0,9659.26,11786,9049.51,23.218140166298998
Eritrea,2011,Wheat,27.63,24.78,383.0,9490.74,11154,6616.96,40.67634929173391
Eritrea,2012,Wheat,27.63,25.16,383.0,9636.28,12692,9049.51,28.699101796407184
Eritrea,2013,Wheat,27.63,25.87,383.0,9908.210000000001,12000,10740.58,10.495166666666668
Estonia,2009,Potatoes,402.0,6.14,626.0,3843.64,152752,147880.05,3.189450874620307
Estonia,2010,Potatoes,514.0,5.06,626.0,3167.56,174562,147010.76,15.783068479966996
Estonia,2011,Potatoes,460.0,6.98,626.0,4369.4800000000005,178361,161226.4,9.60669653119236
Estonia,2012,Potatoes,553.0,5.57,626.0,3486.82,182175,146613.99,19.520247015232613
Estonia,2013,Potatoes,567.0,7.28,626.0,4557.28,193558,149838.16,22.587462156046247
Estonia,2009,Wheat,402.0,6.14,626.0,3843.64,30146,29947.91,0.6571021030982557
Estonia,2010,Wheat,514.0,5.06,626.0,3167.56,27440,32698.02,-19.161880466472304
Estonia,2011,Wheat,460.0,6.98,626.0,4369.4800000000005,28065,31977.38,-13.940424015677893
Estonia,2012,Wheat,553.0,5.57,626.0,3486.82,38994,31533.21,19.133174334513004
Estonia,2013,Wheat,567.0,7.28,626.0,4557.28,32754,31564.01,3.633113512853397
Finland,2009,Potatoes,1693.8,5.49,536.0,2942.6400000000003,286098,224702.77,21.45951037756294
Finland,2010,Potatoes,1746.71,4.36,536.0,2336.96,261548,217945.34,16.670997293039903
Finland,2011,Potatoes,1707.54,6.38,536.0,3419.68,275943,226531.15,17.906542293154747
Finland,2012,Potatoes,1545.25,5.12,536.0,2744.32,236522,241284.72,-2.01364777906495
Finland,2013,Potatoes,1475.39,6.17,536.0,3307.12,281312,252640.7,10.19199323171425
Finland,2009,Wheat,1693.8,5.49,536.0,2942.6400000000003,41027,35995.13,12.264776854266708
Finland,2010,Wheat,1746.71,4.36,536.0,2336.96,34299,36658.46,-6.879092684917926
Finland,2011,Wheat,1707.54,6.38,536.0,3419.68,38469,37134.7,3.4685071096207407
Finland,2012,Wheat,1545.25,5.12,536.0,2744.32,39028,36573.49,6.289100133237681
Finland,2013,Wheat,1475.39,6.17,536.0,3307.12,38215,37931.94,0.7407039120764036
France,2009,Maize,63676.0,11.46,867.0,9935.820000000002,88934,92612.15,-4.135819821440612
France,2010,Maize,61903.0,10.41,867.0,9025.47,88299,93752.53,-6.176208111077134
France,2011,Maize,61039.0,12.33,867.0,10690.11,99668,93776.63,5.910994501745791
France,2012,Maize,63547.59,11.22,867.0,9727.74,90024,93432.63,-3.7863569714742784
France,2013,Maize,66497.29,11.01,867.0,9545.67,81592,93569.83,-14.680152465928034
France,2009,Potatoes,63676.0,11.46,867.0,9935.820000000002,437856,432708.22,1.1756787619674112
France,2010,Potatoes,61903.0,10.41,867.0,9025.47,421566,432986.35,-2.7090301400017975
France,2011,Potatoes,61039.0,12.33,867.0,10690.11,468991,425113.67,9.355686996125728
France,2012,Potatoes,63547.59,11.22,867.0,9727.74,413769,435076.64,-5.149646300230326
France,2013,Potatoes,66497.29,11.01,867.0,9545.67,431560,434506.33,-0.6827161924182075
France,2009,"Rice, paddy",63676.0,11.46,867.0,9935.820000000002,57406,54426.15,5.190833710761939
France,2010,"Rice, paddy",61903.0,10.41,867.0,9025.47,50432,57923.79,-14.855230805837566
France,2011,"Rice, paddy",61039.0,12.33,867.0,10690.11,56263,52783.98,6.183495369958937
France,2012,"Rice, paddy",63547.59,11.22,867.0,9727.74,55947,55927.63,0.0346220530144648
France,2013,"Rice, paddy",66497.29,11.01,867.0,9545.67,39400,56318.65,-42.94073604060914
France,2009,Sorghum,63676.0,11.46,867.0,9935.820000000002,53928,56415.2,-4.612075359738905
France,2010,Sorghum,61903.0,10.41,867.0,9025.47,55112,58212.67,-5.626124981855128
France,2011,Sorghum,61039.0,12.33,867.0,10690.11,64627,55591.56,13.980905813359746
France,2012,Sorghum,63547.59,11.22,867.0,9727.74,56861,57279.69,-0.7363394945569061
France,2013,Sorghum,66497.29,11.01,867.0,9545.67,54344,57524.35,-5.852255998822314
France,2009,Soybeans,63676.0,11.46,867.0,9935.820000000002,25109,28509.2,-13.541757935401652
France,2010,Soybeans,61903.0,10.41,867.0,9025.47,27495,28210.8,-2.6033824331696644
France,2011,Soybeans,61039.0,12.33,867.0,10690.11,29473,28303.67,3.96746174464765
France,2012,Soybeans,63547.59,11.22,867.0,9727.74,27815,28168.56,-1.271112708969985
France,2013,Soybeans,66497.29,11.01,867.0,9545.67,25599,27773.01,-8.492558303058708
France,2009,Wheat,63676.0,11.46,867.0,9935.820000000002,74478,67946.82,8.769274148070561
France,2010,Wheat,61903.0,10.41,867.0,9025.47,70405,67030.88,4.792443718485896
France,2011,Wheat,61039.0,12.33,867.0,10690.11,66563,67610.04,-1.5730060243678825
France,2012,Wheat,63547.59,11.22,867.0,9727.74,71512,69666.47,2.580727710034678
France,2013,Wheat,66497.29,11.01,867.0,9545.67,72656,68080.89,6.296947258313147
Germany,2009,Maize,39289.43,8.52,700.0,5964.0,97500,94640.09,2.933241025641029
Germany,2010,Maize,40832.42,7.1433333333333335,700.0,5000.333333333333,90261,92548.24,-2.5340290934069034
Germany,2011,Maize,43754.35,8.950000000000001,700.0,6265.000000000001,106243,96002.86,9.638413824910817
Germany,2012,Maize,45522.5,8.346666666666666,700.0,5842.666666666666,104802,95423.22,8.949046773916528
Germany,2013,Maize,43756.1,8.43,700.0,5901.0,88276,95747.7,-8.46402193121573
Germany,2009,Potatoes,39289.43,8.52,700.0,5964.0,443045,413495.58,6.66962046744687
Germany,2010,Potatoes,40832.42,7.1433333333333335,700.0,5000.333333333333,398758,416147.7,-4.360965798805293
Germany,2011,Potatoes,43754.35,8.950000000000001,700.0,6265.000000000001,457565,424091.39,7.315596691180485
Germany,2012,Potatoes,45522.5,8.346666666666666,700.0,5842.666666666666,447570,424222.21,5.216567240878517
Germany,2013,Potatoes,43756.1,8.43,700.0,5901.0,398258,424222.21,-6.519444681588323
Germany,2009,Soybeans,39289.43,8.52,700.0,5964.0,10000,14771.38,-47.71379999999999
Germany,2010,Soybeans,40832.42,7.1433333333333335,700.0,5000.333333333333,20000,14355.35,28.22325
Germany,2011,Soybeans,43754.35,8.950000000000001,700.0,6265.000000000001,15000,11568.53,22.876466666666662
Germany,2012,Soybeans,45522.5,8.346666666666666,700.0,5842.666666666666,20000,14398.89,28.00555
Germany,2013,Soybeans,43756.1,8.43,700.0,5901.0,20000,14344.19,28.27905
Germany,2009,Wheat,39289.43,8.52,700.0,5964.0,78091,78579.94,-0.6261156855463528
Germany,2010,Wheat,40832.42,7.1433333333333335,700.0,5000.333333333333,72120,77739.6,-7.792013311148096
Germany,2011,Wheat,43754.35,8.950000000000001,700.0,6265.000000000001,70139,78936.06,-12.54232310127033
Germany,2012,Wheat,45522.5,8.346666666666666,700.0,5842.666666666666,73312,79269.69,-8.126486796158886
Germany,2013,Wheat,43756.1,8.43,700.0,5901.0,79979,79269.69,0.886870303454654
Ghana,2009,Cassava,378.97,27.14,1187.0,32215.18,138074,127941.63,7.3383620377478715
Ghana,2010,Cassava,378.97,27.57,1187.0,32725.59,154330,127101.28,17.64318019827642
Ghana,2011,Cassava,378.97,27.11,1187.0,32179.57,160124,127827.23,20.16984961654718
Ghana,2012,Cassava,378.97,26.86,1187.0,31882.82,167489,128628.4,23.201881914633205
Ghana,2013,Cassava,378.97,27.24,1187.0,32333.879999999997,182704,127941.63,29.97327371048253
Ghana,2009,Maize,378.97,27.14,1187.0,32215.18,16969,16025.28,5.561435558960453
Ghana,2010,Maize,378.97,27.57,1187.0,32725.59,18874,15581.56,17.444314930592352
Ghana,2011,Maize,378.97,27.11,1187.0,32179.57,16458,16025.51,2.62784056385952
Ghana,2012,Maize,378.97,26.86,1187.0,31882.82,18712,16451.46,12.080696879008128
Ghana,2013,Maize,378.97,27.24,1187.0,32333.879999999997,17240,16029.24,7.0229698375870075
Ghana,2009,Plantains and others,378.97,27.14,1187.0,32215.18,109659,102481.11,6.545646048203977
Ghana,2010,Plantains and others,378.97,27.57,1187.0,32725.59,107868,101718.5,5.700949308413987
Ghana,2011,Plantains and others,378.97,27.11,1187.0,32179.57,107574,102123.75,5.066512354286352
Ghana,2012,Plantains and others,378.97,26.86,1187.0,31882.82,105443,101374.33,3.8586440067145267
Ghana,2013,Plantains and others,378.97,27.24,1187.0,32333.879999999997,108397,102167.0,5.747391532976005
Ghana,2009,"Rice, paddy",378.97,27.14,1187.0,32215.18,24109,19292.75,19.97697955120494
Ghana,2010,"Rice, paddy",378.97,27.57,1187.0,32725.59,27126,18603.23,31.41919191919192
Ghana,2011,"Rice, paddy",378.97,27.11,1187.0,32179.57,23495,20402.57,13.162077037667592
Ghana,2012,"Rice, paddy",378.97,26.86,1187.0,31882.82,25386,21902.5,13.722130308043804
Ghana,2013,"Rice, paddy",378.97,27.24,1187.0,32333.879999999997,26378,18492.56,29.894002577905827
Ghana,2009,Sorghum,378.97,27.14,1187.0,32215.18,13119,10256.73,21.817745254973705
Ghana,2010,Sorghum,378.97,27.57,1187.0,32725.59,12846,10565.18,17.75509886345944
Ghana,2011,Sorghum,378.97,27.11,1187.0,32179.57,11790,10532.81,10.66318914334182
Ghana,2012,Sorghum,378.97,26.86,1187.0,31882.82,12129,10629.55,12.362519581169105
Ghana,2013,Sorghum,378.97,27.24,1187.0,32333.879999999997,11369,10572.94,7.002023045122698
Ghana,2009,Sweet potatoes,378.97,27.14,1187.0,32215.18,16326,15236.78,6.671689329903217
Ghana,2010,Sweet potatoes,378.97,27.57,1187.0,32725.59,16904,15236.78,9.862872692853758
Ghana,2011,Sweet potatoes,378.97,27.11,1187.0,32179.57,17687,15127.07,14.473511618703002
Ghana,2012,Sweet potatoes,378.97,26.86,1187.0,31882.82,18243,15256.44,16.370991613221506
Ghana,2013,Sweet potatoes,378.97,27.24,1187.0,32333.879999999997,18243,15236.78,16.4787589760456
Ghana,2009,Yams,378.97,27.14,1187.0,32215.18,152555,135156.21,11.40492936973551
Ghana,2010,Yams,378.97,27.57,1187.0,32725.59,154841,134866.21,12.900194392957943
Ghana,2011,Yams,378.97,27.11,1187.0,32179.57,155906,134793.76,13.541646889792561
Ghana,2012,Yams,378.97,26.86,1187.0,31882.82,155717,134888.72,13.375726478162306
Ghana,2013,Yams,378.97,27.24,1187.0,32333.879999999997,167820,134938.71,19.593189131212018
Greece,2009,Maize,3404.4,18.52,652.0,12075.039999999999,104326,95040.96,8.900024921879487
Greece,2010,Maize,5607.7,19.3,652.0,12583.6,103818,76834.78,25.99088789997881
Greece,2011,Maize,8189.8,17.67,652.0,11520.840000000002,107069,101552.03,5.152723944372322
Greece,2012,Maize,8002.2,18.82,652.0,12270.64,104559,98509.71,5.785527788138748
Greece,2013,Maize,8081.72,19.36,652.0,12622.72,106689,76554.16,28.24549859873089
Greece,2009,Potatoes,3404.4,18.52,652.0,12075.039999999999,207007,201343.42,2.7359364659166054
Greece,2010,Potatoes,5607.7,19.3,652.0,12583.6,206835,204728.46,1.018463993037933
Greece,2011,Potatoes,8189.8,17.67,652.0,11520.840000000002,202160,202056.11,0.05138998812822219
Greece,2012,Potatoes,8002.2,18.82,652.0,12270.64,199165,203428.44,-2.140657243993675
Greece,2013,Potatoes,8081.72,19.36,652.0,12622.72,206787,205374.7,0.6829733010295562
Greece,2009,"Rice, paddy",3404.4,18.52,652.0,12075.039999999999,76682,73215.09,4.521152291280879
Greece,2010,"Rice, paddy",5607.7,19.3,652.0,12583.6,69283,50115.36,27.665718863213197
Greece,2011,"Rice, paddy",8189.8,17.67,652.0,11520.840000000002,81086,75107.49,7.373048368398977
Greece,2012,"Rice, paddy",8002.2,18.82,652.0,12270.64,74926,74267.59,0.878747030403336
Greece,2013,"Rice, paddy",8081.72,19.36,652.0,12622.72,83964,50533.85,39.814861130960885
Greece,2009,Sorghum,3404.4,18.52,652.0,12075.039999999999,21040,14399.65,31.56059885931559
Greece,2010,Sorghum,5607.7,19.3,652.0,12583.6,16082,12655.97,21.303507026489246
Greece,2011,Sorghum,8189.8,17.67,652.0,11520.840000000002,7930,23075.59,-190.99104665825976
Greece,2012,Sorghum,8002.2,18.82,652.0,12270.64,14311,16436.72,-14.853748864509825
Greece,2013,Sorghum,8081.72,19.36,652.0,12622.72,26357,13541.37,48.62324999051485
Greece,2009,Soybeans,3404.4,18.52,652.0,12075.039999999999,19920,9470.07,52.459487951807226
Greece,2010,Soybeans,5607.7,19.3,652.0,12583.6,27089,13199.59,51.2732474436118
Greece,2011,Soybeans,8189.8,17.67,652.0,11520.840000000002,25449,22046.3,13.370662894416284
Greece,2012,Soybeans,8002.2,18.82,652.0,12270.64,25983,14340.54,44.80798983951045
Greece,2013,Soybeans,8081.72,19.36,652.0,12622.72,27376,15401.6,43.740502630040915
Greece,2009,Sweet potatoes,3404.4,18.52,652.0,12075.039999999999,204975,173248.7,15.478131479448706
Greece,2010,Sweet potatoes,5607.7,19.3,652.0,12583.6,215419,116525.34,45.90758475343401
Greece,2011,Sweet potatoes,8189.8,17.67,652.0,11520.840000000002,197379,191254.82,3.102751559183091
Greece,2012,Sweet potatoes,8002.2,18.82,652.0,12270.64,199034,205377.08,-3.186932885838594
Greece,2013,Sweet potatoes,8081.72,19.36,652.0,12622.72,221642,119197.19,46.220847131861284
Greece,2009,Wheat,3404.4,18.52,652.0,12075.039999999999,27436,25048.47,8.702179618020116
Greece,2010,Wheat,5607.7,19.3,652.0,12583.6,26044,26272.81,-0.8785516817693184
Greece,2011,Wheat,8189.8,17.67,652.0,11520.840000000002,27004,25892.17,4.117278921641245
Greece,2012,Wheat,8002.2,18.82,652.0,12270.64,26650,23930.17,10.205741088180119
Greece,2013,Wheat,8081.72,19.36,652.0,12622.72,27777,25400.72,8.554847535730996
Guatemala,2009,Cassava,13276.7,19.99,1996.0,39900.03999999999,12531,17881.73,-42.69994413853643
Guatemala,2010,Cassava,14898.25,19.85,1996.0,39620.600000000006,12511,15408.68,-23.161058268723526
Guatemala,2011,Cassava,16540.71,19.85,1996.0,39620.600000000006,12491,17529.93,-40.340485149307504
Guatemala,2012,Cassava,19726.3,19.88,1996.0,39680.479999999996,12470,32470.15,-160.38612670408983
Guatemala,2013,Cassava,20489.4,20.37,1996.0,40658.520000000004,12450,48466.67,-289.2905220883534
Guatemala,2009,Maize,13276.7,19.99,1996.0,39900.03999999999,19798,23034.02,-16.345186382462877
Guatemala,2010,Maize,14898.25,19.85,1996.0,39620.600000000006,19944,23249.23,-16.572553148816684
Guatemala,2011,Maize,16540.71,19.85,1996.0,39620.600000000006,19976,23413.08,-17.20604725670806
Guatemala,2012,Maize,19726.3,19.88,1996.0,39680.479999999996,20348,23317.11,-14.591655199528212
Guatemala,2013,Maize,20489.4,20.37,1996.0,40658.520000000004,20827,22157.38,-6.387765880827777
Guatemala,2009,Plantains and others,13276.7,19.99,1996.0,39900.03999999999,194704,193734.58,0.49789423946093186
Guatemala,2010,Plantains and others,14898.25,19.85,1996.0,39620.600000000006,162205,179174.86,-10.461983292746824
Guatemala,2011,Plantains and others,16540.71,19.85,1996.0,39620.600000000006,164167,174846.99,-6.505564455706684
Guatemala,2012,Plantains and others,19726.3,19.88,1996.0,39680.479999999996,171753,172499.49,-0.4346299627954043
Guatemala,2013,Plantains and others,20489.4,20.37,1996.0,40658.520000000004,179551,178827.77,0.4027992046827979
Guatemala,2009,Potatoes,13276.7,19.99,1996.0,39900.03999999999,252535,263157.68,-4.206418912229985
Guatemala,2010,Potatoes,14898.25,19.85,1996.0,39620.600000000006,252547,252702.13,-0.061426189976521064
Guatemala,2011,Potatoes,16540.71,19.85,1996.0,39620.600000000006,255064,252085.71,1.1676638020261614
Guatemala,2012,Potatoes,19726.3,19.88,1996.0,39680.479999999996,249536,249588.8,-0.021159271608099977
Guatemala,2013,Potatoes,20489.4,20.37,1996.0,40658.520000000004,247554,259714.54,-4.912277725263986
Guatemala,2009,"Rice, paddy",13276.7,19.99,1996.0,39900.03999999999,28922,27936.81,3.4063688541594592
Guatemala,2010,"Rice, paddy",14898.25,19.85,1996.0,39620.600000000006,28258,26898.73,4.810213037016068
Guatemala,2011,"Rice, paddy",16540.71,19.85,1996.0,39620.600000000006,28621,26988.92,5.702386359665986
Guatemala,2012,"Rice, paddy",19726.3,19.88,1996.0,39680.479999999996,28928,27740.16,4.106194690265487
Guatemala,2013,"Rice, paddy",20489.4,20.37,1996.0,40658.520000000004,29387,29008.23,1.2889032565420098
Guatemala,2009,Sorghum,13276.7,19.99,1996.0,39900.03999999999,17523,16058.88,8.355418592706734
Guatemala,2010,Sorghum,14898.25,19.85,1996.0,39620.600000000006,17398,15839.71,8.956719163122202
Guatemala,2011,Sorghum,16540.71,19.85,1996.0,39620.600000000006,17482,15542.37,11.09501201235556
Guatemala,2012,Sorghum,19726.3,19.88,1996.0,39680.479999999996,17558,15928.29,9.281865816152177
Guatemala,2013,Sorghum,20489.4,20.37,1996.0,40658.520000000004,17290,16350.51,5.43371891266628
Guatemala,2009,Soybeans,13276.7,19.99,1996.0,39900.03999999999,25714,26832.93,-4.351442793808821
Guatemala,2010,Soybeans,14898.25,19.85,1996.0,39620.600000000006,31313,26841.79,14.279085363906363
Guatemala,2011,Soybeans,16540.71,19.85,1996.0,39620.600000000006,26429,26854.54,-1.610125241212308
Guatemala,2012,Soybeans,19726.3,19.88,1996.0,39680.479999999996,26429,26573.11,-0.5452722388285617
Guatemala,2013,Soybeans,20489.4,20.37,1996.0,40658.520000000004,25333,26365.33,-4.075040461058705
Guatemala,2009,Sweet potatoes,13276.7,19.99,1996.0,39900.03999999999,65000,65232.85,-0.35823076923076697
Guatemala,2010,Sweet potatoes,14898.25,19.85,1996.0,39620.600000000006,58333,64555.76,-10.667649529425887
Guatemala,2011,Sweet potatoes,16540.71,19.85,1996.0,39620.600000000006,64286,64493.67,-0.32304078648539064
Guatemala,2012,Sweet potatoes,19726.3,19.88,1996.0,39680.479999999996,65000,63924.07,1.6552769230769235
Guatemala,2013,Sweet potatoes,20489.4,20.37,1996.0,40658.520000000004,63636,64879.88,-1.9546797410270873
Guatemala,2009,Wheat,13276.7,19.99,1996.0,39900.03999999999,22131,21898.9,1.0487551398490738
Guatemala,2010,Wheat,14898.25,19.85,1996.0,39620.600000000006,20574,22502.39,-9.372946437250897
Guatemala,2011,Wheat,16540.71,19.85,1996.0,39620.600000000006,20509,22494.47,-9.680969330537819
Guatemala,2012,Wheat,19726.3,19.88,1996.0,39680.479999999996,21677,22474.56,-3.679291414863686
Guatemala,2013,Wheat,20489.4,20.37,1996.0,40658.520000000004,20240,20825.83,-2.8944169960474393
Guinea,2009,Cassava,449.26,27.37,1651.0,45187.87,84899,80403.22,5.295445176032696
Guinea,2010,Cassava,556.24,27.8,1651.0,45897.8,84900,81074.04,4.506431095406368
Guinea,2011,Cassava,663.23,27.51,1651.0,45419.01,84900,83065.83,2.1603886925795033
Guinea,2012,Cassava,770.21,27.28,1651.0,45039.28,69200,83188.12,-20.21404624277456
Guinea,2013,Cassava,877.19,27.29,1651.0,45055.79,69000,83621.77,-21.19097101449276
Guinea,2009,Maize,449.26,27.37,1651.0,45187.87,16318,13700.57,16.04013972300527
Guinea,2010,Maize,556.24,27.8,1651.0,45897.8,16313,12891.28,20.97541837798075
Guinea,2011,Maize,663.23,27.51,1651.0,45419.01,16584,13321.32,19.673661360347324
Guinea,2012,Maize,770.21,27.28,1651.0,45039.28,12200,14555.18,-19.304754098360657
Guinea,2013,Maize,877.19,27.29,1651.0,45055.79,12500,14660.66,-17.28528
Guinea,2009,Plantains and others,449.26,27.37,1651.0,45187.87,52202,54146.72,-3.7253745067238824
Guinea,2010,Plantains and others,556.24,27.8,1651.0,45897.8,52256,63166.73,-20.87938227189223
Guinea,2011,Plantains and others,663.23,27.51,1651.0,45419.01,52614,66775.96,-26.91671418253698
Guinea,2012,Plantains and others,770.21,27.28,1651.0,45039.28,52222,69400.22,-32.89460380682471
Guinea,2013,Plantains and others,877.19,27.29,1651.0,45055.79,52200,106230.87,-103.50741379310344
Guinea,2009,Potatoes,449.26,27.37,1651.0,45187.87,89880,68594.5,23.68213173119715
Guinea,2010,Potatoes,556.24,27.8,1651.0,45897.8,59840,120042.23,-100.60533088235293
Guinea,2011,Potatoes,663.23,27.51,1651.0,45419.01,56960,124460.17,-118.50451193820224
Guinea,2012,Potatoes,770.21,27.28,1651.0,45039.28,68229,127794.44,-87.30223218865878
Guinea,2013,Potatoes,877.19,27.29,1651.0,45055.79,75236,132951.54,-76.7126641501409
Guinea,2009,"Rice, paddy",449.26,27.37,1651.0,45187.87,16705,19391.48,-16.081891649206824
Guinea,2010,"Rice, paddy",556.24,27.8,1651.0,45897.8,11008,20044.07,-82.08639171511628
Guinea,2011,"Rice, paddy",663.23,27.51,1651.0,45419.01,11567,18728.11,-61.90982968790525
Guinea,2012,"Rice, paddy",770.21,27.28,1651.0,45039.28,12000,18826.73,-56.88941666666666
Guinea,2013,"Rice, paddy",877.19,27.29,1651.0,45055.79,12500,18608.96,-48.87168
Guinea,2009,Sorghum,449.26,27.37,1651.0,45187.87,9602,10535.1,-9.717767131847536
Guinea,2010,Sorghum,556.24,27.8,1651.0,45897.8,9799,10508.79,-7.24349423410553
Guinea,2011,Sorghum,663.23,27.51,1651.0,45419.01,9730,10750.52,-10.488386433710179
Guinea,2012,Sorghum,770.21,27.28,1651.0,45039.28,9661,11027.55,-14.14501604388779
Guinea,2013,Sorghum,877.19,27.29,1651.0,45055.79,9592,11284.85,-17.64856130108424
Guinea,2009,Sweet potatoes,449.26,27.37,1651.0,45187.87,32878,38420.11,-16.856591033517855
Guinea,2010,Sweet potatoes,556.24,27.8,1651.0,45897.8,31033,43574.67,-40.413978667869685
Guinea,2011,Sweet potatoes,663.23,27.51,1651.0,45419.01,34726,42245.34,-21.65334331624718
Guinea,2012,Sweet potatoes,770.21,27.28,1651.0,45039.28,34799,42395.73,-21.830311215839547
Guinea,2013,Sweet potatoes,877.19,27.29,1651.0,45055.79,34607,42818.6,-23.728147484612936
Guinea,2009,Yams,449.26,27.37,1651.0,45187.87,133141,101638.27,23.66117875034737
Guinea,2010,Yams,556.24,27.8,1651.0,45897.8,109240,102159.76,6.481362138410843
Guinea,2011,Yams,663.23,27.51,1651.0,45419.01,111221,104997.21,5.595876677965486
Guinea,2012,Yams,770.21,27.28,1651.0,45039.28,111594,104355.5,6.486459845511408
Guinea,2013,Yams,877.19,27.29,1651.0,45055.79,113722,105692.97,7.060225813826699
Guyana,2009,Cassava,264.47,27.67,2387.0,66048.29000000001,109231,108637.66,0.5431974439490589
Guyana,2010,Cassava,211.83,27.87,2387.0,66525.69,106800,110027.63,-3.0221254681647984
Guyana,2011,Cassava,400.76,27.43,2387.0,65475.409999999996,95857,109847.17,-14.594833971436616
Guyana,2012,Cassava,427.73,27.42,2387.0,65451.54,110944,109537.5,1.2677567060859534
Guyana,2013,Cassava,358.72,27.3,2387.0,65165.1,109286,108264.97,0.9342733744486931
Guyana,2009,Maize,264.47,27.67,2387.0,66048.29000000001,13476,13950.15,-3.5184772929652692
Guyana,2010,Maize,211.83,27.87,2387.0,66525.69,13773,13701.04,0.5224715022144713
Guyana,2011,Maize,400.76,27.43,2387.0,65475.409999999996,13868,11719.19,15.494736083068933
Guyana,2012,Maize,427.73,27.42,2387.0,65451.54,13854,11602.11,16.25443915114768
Guyana,2013,Maize,358.72,27.3,2387.0,65165.1,13841,13627.97,1.539122895744532
Guyana,2009,Plantains and others,264.47,27.67,2387.0,66048.29000000001,33056,28849.38,12.725738141335913
Guyana,2010,Plantains and others,211.83,27.87,2387.0,66525.69,46653,25517.33,45.303989025357424
Guyana,2011,Plantains and others,400.76,27.43,2387.0,65475.409999999996,26306,36081.51,-37.16076180339087
Guyana,2012,Plantains and others,427.73,27.42,2387.0,65451.54,32736,36081.51,-10.219666422287396
Guyana,2013,Plantains and others,358.72,27.3,2387.0,65165.1,33143,36075.15,-8.846966176869932
Guyana,2009,"Rice, paddy",264.47,27.67,2387.0,66048.29000000001,44353,41691.82,6.000000000000001
Guyana,2010,"Rice, paddy",211.83,27.87,2387.0,66525.69,42328,41887.17,1.0414619164619205
Guyana,2011,"Rice, paddy",400.76,27.43,2387.0,65475.409999999996,44102,44387.24,-0.6467733889619472
Guyana,2012,"Rice, paddy",427.73,27.42,2387.0,65451.54,45280,44387.24,1.9716431095406404
Guyana,2013,"Rice, paddy",358.72,27.3,2387.0,65165.1,49996,43811.7,12.369589567165379
Guyana,2009,Sweet potatoes,264.47,27.67,2387.0,66048.29000000001,329827,151979.09,53.92157403729835
Guyana,2010,Sweet potatoes,211.83,27.87,2387.0,66525.69,321208,159713.24,50.277315633483596
Guyana,2011,Sweet potatoes,400.76,27.43,2387.0,65475.409999999996,314369,150740.7,52.04975681444417
Guyana,2012,Sweet potatoes,427.73,27.42,2387.0,65451.54,293877,150719.25,48.71349237946488
Guyana,2013,Sweet potatoes,358.72,27.3,2387.0,65165.1,254655,145131.74,43.00848599085037
Guyana,2009,Yams,264.47,27.67,2387.0,66048.29000000001,122139,98244.09,19.563702011642476
Guyana,2010,Yams,211.83,27.87,2387.0,66525.69,123760,107668.77,13.00196347769877
Guyana,2011,Yams,400.76,27.43,2387.0,65475.409999999996,57333,99724.44,-73.9389880173722
Guyana,2012,Yams,427.73,27.42,2387.0,65451.54,58600,99724.44,-70.1782252559727
Guyana,2013,Yams,358.72,27.3,2387.0,65165.1,55067,101154.16,-83.69288321499265
Haiti,2009,Cassava,27.85,27.35,1440.0,39384.0,44173,44063.24,0.2484775768003125
Haiti,2010,Cassava,27.85,27.19,1440.0,39153.6,44629,44010.7,1.3854220349996704
Haiti,2011,Cassava,27.85,27.1,1440.0,39024.0,44502,43973.19,1.1882836726439208
Haiti,2012,Cassava,27.85,27.2,1440.0,39168.0,44590,44010.7,1.299170217537571
Haiti,2013,Cassava,27.85,27.2,1440.0,39168.0,44678,44010.7,1.4935762567706767
Haiti,2009,Maize,27.85,27.35,1440.0,39384.0,8013,7830.21,2.2811681018345182
Haiti,2010,Maize,27.85,27.19,1440.0,39153.6,8045,7683.87,4.488875077688006
Haiti,2011,Maize,27.85,27.1,1440.0,39024.0,8103,7736.91,4.517956312476863
Haiti,2012,Maize,27.85,27.2,1440.0,39168.0,8168,7683.87,5.927154750244859
Haiti,2013,Maize,27.85,27.2,1440.0,39168.0,8545,7683.87,10.077589233469867
Haiti,2009,Plantains and others,27.85,27.35,1440.0,39384.0,95921,64840.65,32.402028752827846
Haiti,2010,Plantains and others,27.85,27.19,1440.0,39153.6,66250,64891.5,2.050566037735849
Haiti,2011,Plantains and others,27.85,27.1,1440.0,39024.0,66250,64854.58,2.106294339622639
Haiti,2012,Plantains and others,27.85,27.2,1440.0,39168.0,66750,64891.5,2.784269662921348
Haiti,2013,Plantains and others,27.85,27.2,1440.0,39168.0,51436,64891.5,-26.15969359981336
Haiti,2009,Potatoes,27.85,27.35,1440.0,39384.0,125000,130401.17,-4.320935999999999
Haiti,2010,Potatoes,27.85,27.19,1440.0,39153.6,121373,130619.28,-7.618069916703055
Haiti,2011,Potatoes,27.85,27.1,1440.0,39024.0,126448,129159.18,-2.144106668353784
Haiti,2012,Potatoes,27.85,27.2,1440.0,39168.0,127191,130619.28,-2.695379390051182
Haiti,2013,Potatoes,27.85,27.2,1440.0,39168.0,127142,130619.28,-2.734957763760204
Haiti,2009,"Rice, paddy",27.85,27.35,1440.0,39384.0,22313,21488.56,3.6948863891005184
Haiti,2010,"Rice, paddy",27.85,27.19,1440.0,39153.6,23321,21285.3,8.72904249388963
Haiti,2011,"Rice, paddy",27.85,27.1,1440.0,39024.0,24043,21093.56,12.267354323503717
Haiti,2012,"Rice, paddy",27.85,27.2,1440.0,39168.0,24722,21258.46,14.009950651241812
Haiti,2013,"Rice, paddy",27.85,27.2,1440.0,39168.0,28789,21258.46,26.157699121192124
Haiti,2009,Sorghum,27.85,27.35,1440.0,39384.0,10125,8693.62,14.137086419753079
Haiti,2010,Sorghum,27.85,27.19,1440.0,39153.6,9161,8482.93,7.401702870865623
Haiti,2011,Sorghum,27.85,27.1,1440.0,39024.0,9035,8591.2,4.91200885445489
Haiti,2012,Sorghum,27.85,27.2,1440.0,39168.0,8939,8482.93,5.102024834992725
Haiti,2013,Sorghum,27.85,27.2,1440.0,39168.0,8529,8482.93,0.5401571110329431
Haiti,2009,Sweet potatoes,27.85,27.35,1440.0,39384.0,39258,31131.02,20.70146212236996
Haiti,2010,Sweet potatoes,27.85,27.19,1440.0,39153.6,45841,30712.99,33.001047097576404
Haiti,2011,Sweet potatoes,27.85,27.1,1440.0,39024.0,51166,30741.48,39.91814877066802
Haiti,2012,Sweet potatoes,27.85,27.2,1440.0,39168.0,56801,30712.99,45.928786465027024
Haiti,2013,Sweet potatoes,27.85,27.2,1440.0,39168.0,90938,30712.99,66.22645098858563
Haiti,2009,Yams,27.85,27.35,1440.0,39384.0,64220,56164.19,12.544082840236683
Haiti,2010,Yams,27.85,27.19,1440.0,39153.6,69948,56061.5,19.8526047921313
Haiti,2011,Yams,27.85,27.1,1440.0,39024.0,74540,55915.25,24.986248993828816
Haiti,2012,Yams,27.85,27.2,1440.0,39168.0,79363,56061.5,29.36065924927233
Haiti,2013,Yams,27.85,27.2,1440.0,39168.0,110560,56061.5,49.293143994211285
Honduras,2009,Cassava,4344.36,24.77,1976.0,48945.52,65876,46368.49,29.612468880927807
Honduras,2010,Cassava,5736.63,24.49,1976.0,48392.24,63483,51469.83,18.923444071641224
Honduras,2011,Cassava,6324.41,24.63,1976.0,48668.88,77259,52802.25,31.655535277443402
Honduras,2012,Cassava,7194.91,24.47,1976.0,48352.72,70134,51886.16,26.018535945475797
Honduras,2013,Cassava,7194.91,24.86,1976.0,49123.36,76637,51613.51,32.65196967522215
Honduras,2009,Maize,4344.36,24.77,1976.0,48945.52,17503,15869.84,9.330743301148374
Honduras,2010,Maize,5736.63,24.49,1976.0,48392.24,16504,16487.34,0.10094522539990218
Honduras,2011,Maize,6324.41,24.63,1976.0,48668.88,16593,16135.33,2.758211293919123
Honduras,2012,Maize,7194.91,24.47,1976.0,48352.72,15795,16807.91,-6.412852168407723
Honduras,2013,Maize,7194.91,24.86,1976.0,49123.36,16214,16130.65,0.5140619217959811
Honduras,2009,Plantains and others,4344.36,24.77,1976.0,48945.52,98922,89381.84,9.644123652979118
Honduras,2010,Plantains and others,5736.63,24.49,1976.0,48392.24,108014,90773.7,15.96117169996482
Honduras,2011,Plantains and others,6324.41,24.63,1976.0,48668.88,119975,104051.75,13.272140029172744
Honduras,2012,Plantains and others,7194.91,24.47,1976.0,48352.72,119965,106506.31,11.218847163756097
Honduras,2013,Plantains and others,7194.91,24.86,1976.0,49123.36,121433,112677.73,7.2099594014806545
Honduras,2009,Potatoes,4344.36,24.77,1976.0,48945.52,166654,171740.63,-3.0522099679575674
Honduras,2010,Potatoes,5736.63,24.49,1976.0,48392.24,146252,184135.53,-25.90291414818259
Honduras,2011,Potatoes,6324.41,24.63,1976.0,48668.88,159629,177328.24,-11.087734684800376
Honduras,2012,Potatoes,7194.91,24.47,1976.0,48352.72,142073,183564.55,-29.204387885101312
Honduras,2013,Potatoes,7194.91,24.86,1976.0,49123.36,163465,173327.49,-6.033395528094694
Honduras,2009,"Rice, paddy",4344.36,24.77,1976.0,48945.52,49376,48428.15,1.919657323395979
Honduras,2010,"Rice, paddy",5736.63,24.49,1976.0,48392.24,57287,48674.43,15.03407404821338
Honduras,2011,"Rice, paddy",6324.41,24.63,1976.0,48668.88,57761,48852.06,15.423798064437946
Honduras,2012,"Rice, paddy",7194.91,24.47,1976.0,48352.72,59734,48366.72,19.029832256336423
Honduras,2013,"Rice, paddy",7194.91,24.86,1976.0,49123.36,61214,48409.1,20.918253994184337
Honduras,2009,Sorghum,4344.36,24.77,1976.0,48945.52,11492,11701.54,-1.8233553776540279
Honduras,2010,Sorghum,5736.63,24.49,1976.0,48392.24,10442,11697.92,-12.02758092319479
Honduras,2011,Sorghum,6324.41,24.63,1976.0,48668.88,12477,11853.45,4.997595575859576
Honduras,2012,Sorghum,7194.91,24.47,1976.0,48352.72,12333,12249.16,0.6798021568150503
Honduras,2013,Sorghum,7194.91,24.86,1976.0,49123.36,11980,12240.49,-2.174373956594322
Honduras,2009,Soybeans,4344.36,24.77,1976.0,48945.52,20687,20616.14,0.34253395852468016
Honduras,2010,Soybeans,5736.63,24.49,1976.0,48392.24,20753,20466.23,1.3818243145569338
Honduras,2011,Soybeans,6324.41,24.63,1976.0,48668.88,20819,20337.21,2.314184158701191
Honduras,2012,Soybeans,7194.91,24.47,1976.0,48352.72,20884,20096.93,3.7687703505075643
Honduras,2013,Soybeans,7194.91,24.86,1976.0,49123.36,20950,20357.07,2.8302147971360396
Honduras,2009,Sweet potatoes,4344.36,24.77,1976.0,48945.52,64220,71108.67,-10.726673933354093
Honduras,2010,Sweet potatoes,5736.63,24.49,1976.0,48392.24,63916,65659.51,-2.7278146317041037
Honduras,2011,Sweet potatoes,6324.41,24.63,1976.0,48668.88,64000,70673.24,-10.426937500000008
Honduras,2012,Sweet potatoes,7194.91,24.47,1976.0,48352.72,62500,65623.66,-4.997856000000005
Honduras,2013,Sweet potatoes,7194.91,24.86,1976.0,49123.36,62500,73089.59,-16.943343999999993
Honduras,2009,Wheat,4344.36,24.77,1976.0,48945.52,5750,5868.35,-2.0582608695652236
Honduras,2010,Wheat,5736.63,24.49,1976.0,48392.24,5524,5647.21,-2.2304489500362066
Honduras,2011,Wheat,6324.41,24.63,1976.0,48668.88,5445,6003.11,-10.249954086317716
Honduras,2012,Wheat,7194.91,24.47,1976.0,48352.72,5517,5846.54,-5.973173826354902
Honduras,2013,Wheat,7194.91,24.86,1976.0,49123.36,5528,5967.87,-7.957127351664253
Hungary,2009,Maize,11144.0,11.48,589.0,6761.72,63945,62635.69,2.047556493861909
Hungary,2010,Maize,10299.5,10.35,589.0,6096.15,64745,63661.99,1.6727314850567645
Hungary,2011,Maize,8473.26,10.92,589.0,6431.88,64976,61166.54,5.862872445210538
Hungary,2012,Maize,8141.17,11.31,589.0,6661.59,39979,59630.32,-49.15410590560044
Hungary,2013,Maize,7744.5,12.44,589.0,7327.16,54373,48777.74,10.290511834918071
Hungary,2009,Potatoes,11144.0,11.48,589.0,6761.72,251082,243680.31,2.9479174134346557
Hungary,2010,Potatoes,10299.5,10.35,589.0,6096.15,217319,252143.23,-16.024475540564797
Hungary,2011,Potatoes,8473.26,10.92,589.0,6431.88,285714,245579.04,14.047250047250046
Hungary,2012,Potatoes,8141.17,11.31,589.0,6661.59,218385,236202.45,-8.15873342949379
Hungary,2013,Potatoes,7744.5,12.44,589.0,7327.16,232630,230340.58,0.9841464987318974
Hungary,2009,"Rice, paddy",11144.0,11.48,589.0,6761.72,43223,40044.88,7.35284455035514
Hungary,2010,"Rice, paddy",10299.5,10.35,589.0,6096.15,29465,37724.99,-28.033225861191234
Hungary,2011,"Rice, paddy",8473.26,10.92,589.0,6431.88,32411,39573.23,-22.09814569127766
Hungary,2012,"Rice, paddy",8141.17,11.31,589.0,6661.59,38074,41613.25,-9.295713610337764
Hungary,2013,"Rice, paddy",7744.5,12.44,589.0,7327.16,32727,40076.65,-22.45745103431418
Hungary,2009,Sorghum,11144.0,11.48,589.0,6761.72,27160,29005.02,-6.79315169366716
Hungary,2010,Sorghum,10299.5,10.35,589.0,6096.15,10263,26778.9,-160.92662964045604
Hungary,2011,Sorghum,8473.26,10.92,589.0,6431.88,21952,27219.32,-23.99471574344023
Hungary,2012,Sorghum,8141.17,11.31,589.0,6661.59,28081,27108.26,3.464050425554651
Hungary,2013,Sorghum,7744.5,12.44,589.0,7327.16,27111,24657.88,9.048430526354613
Hungary,2009,Soybeans,11144.0,11.48,589.0,6761.72,23990,22959.75,4.294497707378074
Hungary,2010,Soybeans,10299.5,10.35,589.0,6096.15,22670,22082.44,2.5917953242170326
Hungary,2011,Soybeans,8473.26,10.92,589.0,6431.88,23155,22509.66,2.787043835024833
Hungary,2012,Soybeans,8141.17,11.31,589.0,6661.59,16556,22654.35,-36.8346822904083
Hungary,2013,Soybeans,7744.5,12.44,589.0,7327.16,18597,19731.8,-6.102059471957839
Hungary,2009,Wheat,11144.0,11.48,589.0,6761.72,38546,41429.03,-7.479453120946398
Hungary,2010,Wheat,10299.5,10.35,589.0,6096.15,37038,44302.33,-19.613181057292515
Hungary,2011,Wheat,8473.26,10.92,589.0,6431.88,41994,41264.79,1.7364623517645357
Hungary,2012,Wheat,8141.17,11.31,589.0,6661.59,37485,39857.25,-6.3285314125650265
Hungary,2013,Wheat,7744.5,12.44,589.0,7327.16,46386,37309.8,19.566679601603926
India,2009,Cassava,28707.01,26.612727272727273,1083.0,28821.583636363637,343433,319854.36,6.865572032972957
India,2010,Cassava,40093.69,26.579090909090908,1083.0,28785.155454545453,347555,311936.99,10.248165038626983
India,2011,Cassava,55540.0,25.79909090909091,1083.0,27940.415454545455,364770,304170.66,16.613027387120656
India,2012,Cassava,52980.0,26.017272727272726,1083.0,28176.706363636364,385818,302147.84,21.686432462974764
India,2013,Cassava,45620.0,26.75181818181818,1083.0,28972.21909090909,349594,304227.96,12.976778777667802
India,2009,Maize,28707.01,26.612727272727273,1083.0,28821.583636363637,20238,20318.21,-0.39633362980531245
India,2010,Maize,40093.69,26.579090909090908,1083.0,28785.155454545453,25401,21705.61,14.548206763513244
India,2011,Maize,55540.0,25.79909090909091,1083.0,27940.415454545455,24784,25240.38,-1.8414299548095587
India,2012,Maize,52980.0,26.017272727272726,1083.0,28176.706363636364,25557,24805.82,2.939233869389992
India,2013,Maize,45620.0,26.75181818181818,1083.0,28972.21909090909,25726,24127.59,6.213208427272019
India,2009,Potatoes,28707.01,26.612727272727273,1083.0,28821.583636363637,188103,180470.03,4.057867232314211
India,2010,Potatoes,40093.69,26.579090909090908,1083.0,28785.155454545453,199299,183392.07,7.981439947014282
India,2011,Potatoes,55540.0,25.79909090909091,1083.0,27940.415454545455,227240,185372.3,18.424441119521216
India,2012,Potatoes,52980.0,26.017272727272726,1083.0,28176.706363636364,217530,181533.9,16.547648600193078
India,2013,Potatoes,45620.0,26.75181818181818,1083.0,28972.21909090909,227606,183627.93,19.322016994279593
India,2009,"Rice, paddy",28707.01,26.612727272727273,1083.0,28821.583636363637,32366,31611.24,2.3319532843106914
India,2010,"Rice, paddy",40093.69,26.579090909090908,1083.0,28785.155454545453,33587,31329.05,6.722690326614467
India,2011,"Rice, paddy",55540.0,25.79909090909091,1083.0,27940.415454545455,35878,32227.08,10.17592953899325
India,2012,"Rice, paddy",52980.0,26.017272727272726,1083.0,28176.706363636364,36909,32251.1,12.619957192012793
India,2013,"Rice, paddy",45620.0,26.75181818181818,1083.0,28972.21909090909,36070,31347.82,13.091710562794567
India,2009,Sorghum,28707.01,26.612727272727273,1083.0,28821.583636363637,9621,9274.23,3.604303086997198
India,2010,Sorghum,40093.69,26.579090909090908,1083.0,28785.155454545453,8602,9242.8,-7.44943036503138
India,2011,Sorghum,55540.0,25.79909090909091,1083.0,27940.415454545455,9487,9739.63,-2.6629071360809444
India,2012,Sorghum,52980.0,26.017272727272726,1083.0,28176.706363636364,9568,9352.62,2.251045150501664
India,2013,Sorghum,45620.0,26.75181818181818,1083.0,28972.21909090909,8502,9636.31,-13.341684309574212
India,2009,Soybeans,28707.01,26.612727272727273,1083.0,28821.583636363637,10236,10763.24,-5.150840171942163
India,2010,Soybeans,40093.69,26.579090909090908,1083.0,28785.155454545453,13330,9869.43,25.960765191297824
India,2011,Soybeans,55540.0,25.79909090909091,1083.0,27940.415454545455,11998,10729.53,10.572345390898477
India,2012,Soybeans,52980.0,26.017272727272726,1083.0,28176.706363636364,13530,10449.26,22.769696969696966
India,2013,Soybeans,45620.0,26.75181818181818,1083.0,28972.21909090909,10123,10049.91,0.7220191642793652
India,2009,Sweet potatoes,28707.01,26.612727272727273,1083.0,28821.583636363637,90080,87746.67,2.5902864120781546
India,2010,Sweet potatoes,40093.69,26.579090909090908,1083.0,28785.155454545453,92069,90349.18,1.867968588775817
India,2011,Sweet potatoes,55540.0,25.79909090909091,1083.0,27940.415454545455,92456,88048.71,4.766905338755725
India,2012,Sweet potatoes,52980.0,26.017272727272726,1083.0,28176.706363636364,97174,92629.77,4.6763846296334375
India,2013,Sweet potatoes,45620.0,26.75181818181818,1083.0,28972.21909090909,101288,92047.39,9.123104415133087
India,2009,Wheat,28707.01,26.612727272727273,1083.0,28821.583636363637,29071,25351.95,12.792989577241922
India,2010,Wheat,40093.69,26.579090909090908,1083.0,28785.155454545453,28395,25560.03,9.984046487057585
India,2011,Wheat,55540.0,25.79909090909091,1083.0,27940.415454545455,29886,26138.19,12.540353342702273
India,2012,Wheat,52980.0,26.017272727272726,1083.0,28176.706363636364,31775,26339.07,17.10756884343037
India,2013,Wheat,45620.0,26.75181818181818,1083.0,28972.21909090909,31538,24875.3,21.125943306487414
Indonesia,2009,Cassava,1597.0,27.075,2702.0,73156.65,187461,166141.8,11.37260550194441
Indonesia,2010,Cassava,1597.0,27.076666666666668,2702.0,73161.15333333334,202174,166141.8,17.822370829087824
Indonesia,2011,Cassava,1597.0,26.83666666666667,2702.0,72512.67333333334,202955,161001.28,20.671439481658496
Indonesia,2012,Cassava,1597.0,27.026666666666667,2702.0,73026.05333333333,214018,164762.14,23.014821183264953
Indonesia,2013,Cassava,1597.0,27.015,2702.0,72994.53,224601,164979.4,26.545563020645503
Indonesia,2009,Maize,1597.0,27.075,2702.0,73156.65,42372,36783.1,13.190078353629758
Indonesia,2010,Maize,1597.0,27.076666666666668,2702.0,73161.15333333334,44359,36783.1,17.078608625081724
Indonesia,2011,Maize,1597.0,26.83666666666667,2702.0,72512.67333333334,45652,36625.5,19.77240865679488
Indonesia,2012,Maize,1597.0,27.026666666666667,2702.0,73026.05333333333,48987,36733.48,25.01381999305938
Indonesia,2013,Maize,1597.0,27.015,2702.0,72994.53,48441,36577.57,24.490472946470966
Indonesia,2009,Potatoes,1597.0,27.075,2702.0,73156.65,165123,165836.38,-0.43202945682915445
Indonesia,2010,Potatoes,1597.0,27.076666666666668,2702.0,73161.15333333334,159445,165836.38,-4.008517043494625
Indonesia,2011,Potatoes,1597.0,26.83666666666667,2702.0,72512.67333333334,159562,162200.1,-1.6533385141825785
Indonesia,2012,Potatoes,1597.0,27.026666666666667,2702.0,73026.05333333333,165820,165836.38,-0.009878181160297103
Indonesia,2013,Potatoes,1597.0,27.015,2702.0,72994.53,160184,165836.38,-3.5286795185536666
Indonesia,2009,"Rice, paddy",1597.0,27.075,2702.0,73156.65,49985,47217.94,5.535780734220261
Indonesia,2010,"Rice, paddy",1597.0,27.076666666666668,2702.0,73161.15333333334,50153,47217.94,5.8522122305744375
Indonesia,2011,"Rice, paddy",1597.0,26.83666666666667,2702.0,72512.67333333334,49802,47568.12,4.485522669772293
Indonesia,2012,"Rice, paddy",1597.0,27.026666666666667,2702.0,73026.05333333333,51360,47165.5,8.16686137071651
Indonesia,2013,"Rice, paddy",1597.0,27.015,2702.0,72994.53,51520,47165.5,8.452057453416149
Indonesia,2009,Soybeans,1597.0,27.075,2702.0,73156.65,13483,13674.74,-1.4220870726099517
Indonesia,2010,Soybeans,1597.0,27.076666666666668,2702.0,73161.15333333334,13726,13674.74,0.3734518432172535
Indonesia,2011,Soybeans,1597.0,26.83666666666667,2702.0,72512.67333333334,13681,13065.68,4.497624442657698
Indonesia,2012,Soybeans,1597.0,27.026666666666667,2702.0,73026.05333333333,14854,13685.34,7.86764507876666
Indonesia,2013,Soybeans,1597.0,27.015,2702.0,72994.53,14161,13384.64,5.48238118776923
Indonesia,2009,Sweet potatoes,1597.0,27.075,2702.0,73156.65,111920,119147.7,-6.457916368834879
Indonesia,2010,Sweet potatoes,1597.0,27.076666666666668,2702.0,73161.15333333334,113272,119147.7,-5.187248393248108
Indonesia,2011,Sweet potatoes,1597.0,26.83666666666667,2702.0,72512.67333333334,123289,110989.08,9.976494253339713
Indonesia,2012,Sweet potatoes,1597.0,27.026666666666667,2702.0,73026.05333333333,139290,113146.06,18.769430684184076
Indonesia,2013,Sweet potatoes,1597.0,27.015,2702.0,72994.53,147465,113146.06,23.272600278032076
Iraq,2009,Maize,1429.27,22.065,216.0,4766.04,20878,22228.27,-6.467429830443532
Iraq,2010,Maize,1612.61,23.729999999999997,216.0,5125.679999999999,23586,25048.68,-6.20147545153905
Iraq,2011,Maize,1795.94,21.61,216.0,4667.76,26077,23921.66,8.265291252828163
Iraq,2012,Maize,1979.27,22.52,216.0,4864.32,33444,23876.8,28.606626001674446
Iraq,2013,Maize,2162.6,23.455,216.0,5066.28,42214,25375.08,39.88942057137442
Iraq,2009,Potatoes,1429.27,22.065,216.0,4766.04,113307,155052.28,-36.842631081927856
Iraq,2010,Potatoes,1612.61,23.729999999999997,216.0,5125.679999999999,157177,153546.18,2.310019913855085
Iraq,2011,Potatoes,1795.94,21.61,216.0,4667.76,137820,166489.59,-20.802198519808442
Iraq,2012,Potatoes,1979.27,22.52,216.0,4864.32,134713,165020.14,-22.497561482559227
Iraq,2013,Potatoes,2162.6,23.455,216.0,5066.28,170599,167531.79,1.7979062010914437
Iraq,2009,"Rice, paddy",1429.27,22.065,216.0,4766.04,31511,29994.36,4.8130494113166815
Iraq,2010,"Rice, paddy",1612.61,23.729999999999997,216.0,5125.679999999999,32482,30987.49,4.601040576319187
Iraq,2011,"Rice, paddy",1795.94,21.61,216.0,4667.76,35762,30413.29,14.956406241261671
Iraq,2012,"Rice, paddy",1979.27,22.52,216.0,4864.32,45468,33214.85,26.948953109879483
Iraq,2013,"Rice, paddy",2162.6,23.455,216.0,5066.28,47162,33709.44,28.52415079937237
Iraq,2009,Sorghum,1429.27,22.065,216.0,4766.04,14279,9322.74,34.71013376286855
Iraq,2010,Sorghum,1612.61,23.729999999999997,216.0,5125.679999999999,29960,10023.36,66.54419225634179
Iraq,2011,Sorghum,1795.94,21.61,216.0,4667.76,31873,10631.21,66.64509145671886
Iraq,2012,Sorghum,1979.27,22.52,216.0,4864.32,7314,10584.4,-44.71424665025977
Iraq,2013,Sorghum,2162.6,23.455,216.0,5066.28,19215,10286.57,46.46593806921676
Iraq,2009,Soybeans,1429.27,22.065,216.0,4766.04,8846,9907.34,-11.997965182003167
Iraq,2010,Soybeans,1612.61,23.729999999999997,216.0,5125.679999999999,8675,11691.18,-34.76864553314121
Iraq,2011,Soybeans,1795.94,21.61,216.0,4667.76,8504,13746.43,-61.646636876763885
Iraq,2012,Soybeans,1979.27,22.52,216.0,4864.32,8334,13158.16,-57.885289176865854
Iraq,2013,Soybeans,2162.6,23.455,216.0,5066.28,8163,12320.61,-50.93237780227858
Iraq,2009,Wheat,1429.27,22.065,216.0,4766.04,18756,14589.16,22.216037534655577
Iraq,2010,Wheat,1612.61,23.729999999999997,216.0,5125.679999999999,19872,21000.77,-5.680203301127216
Iraq,2011,Wheat,1795.94,21.61,216.0,4667.76,19552,21111.69,-7.9771378887070306
Iraq,2012,Wheat,1979.27,22.52,216.0,4864.32,24181,20018.24,17.21500351515652
Iraq,2013,Wheat,2162.6,23.455,216.0,5066.28,23068,19964.17,13.45513265129184
Ireland,2009,Potatoes,2268.1,9.47,1118.0,10587.460000000001,275492,324494.45,-17.787249720500057
Ireland,2010,Potatoes,2529.2,8.38,1118.0,9368.84,343934,324415.21,5.6751556984770275
Ireland,2011,Potatoes,3664.3,9.76,1118.0,10911.68,342404,356052.86,-3.986185909043115
Ireland,2012,Potatoes,2925.1,9.28,1118.0,10375.039999999999,257778,359713.01,-39.543719789896734
Ireland,2013,Potatoes,2950.8,9.28,1118.0,10375.039999999999,383271,359713.01,6.146562093140361
Ireland,2009,Wheat,2268.1,9.47,1118.0,10587.460000000001,81669,89914.55,-10.0963033709241
Ireland,2010,Wheat,2529.2,8.38,1118.0,9368.84,86015,87096.95,-1.2578620008138082
Ireland,2011,Wheat,3664.3,9.76,1118.0,10911.68,98641,91925.07,6.808456929674267
Ireland,2012,Wheat,2925.1,9.28,1118.0,10375.039999999999,72235,92804.39,-28.475655845504257
Ireland,2013,Wheat,2950.8,9.28,1118.0,10375.039999999999,89983,92551.49,-2.85441694542303
Italy,2009,Maize,74172.0,10.695,832.0,8898.24,86048,94032.75,-9.279413815544812
Italy,2010,Maize,71613.0,9.84,832.0,8186.88,91672,94895.13,-3.5159372545597396
Italy,2011,Maize,70690.0,11.07,832.0,9210.24,98033,93921.6,4.1938938928728025
Italy,2012,Maize,61889.0,10.75,832.0,8944.0,80325,94006.69,-17.032916277622164
Italy,2013,Maize,55633.0,10.82,832.0,9002.24,86989,93909.95,-7.9561208888480115
Italy,2009,Potatoes,74172.0,10.695,832.0,8898.24,248352,236489.16,4.776623502126013
Italy,2010,Potatoes,71613.0,9.84,832.0,8186.88,249684,235432.66,5.7077505967542965
Italy,2011,Potatoes,70690.0,11.07,832.0,9210.24,249158,240630.99,3.422330408816899
Italy,2012,Potatoes,61889.0,10.75,832.0,8944.0,254511,237245.13,6.783938611690651
Italy,2013,Potatoes,55633.0,10.82,832.0,9002.24,252483,238296.3,5.618873349888908
Italy,2009,"Rice, paddy",74172.0,10.695,832.0,8898.24,67941,60776.37,10.545370247714924
Italy,2010,"Rice, paddy",71613.0,9.84,832.0,8186.88,61219,62108.78,-1.453437658243354
Italy,2011,"Rice, paddy",70690.0,11.07,832.0,9210.24,60452,59895.52,0.9205319923244942
Italy,2012,"Rice, paddy",61889.0,10.75,832.0,8944.0,68133,60837.85,10.707219702640426
Italy,2013,"Rice, paddy",55633.0,10.82,832.0,9002.24,66342,61545.38,7.230140785626002
Italy,2009,Sorghum,74172.0,10.695,832.0,8898.24,61003,58370.47,4.315410717505695
Italy,2010,Sorghum,71613.0,9.84,832.0,8186.88,66683,59266.47,11.122070092827256
Italy,2011,Sorghum,70690.0,11.07,832.0,9210.24,70972,58315.27,17.833413177027566
Italy,2012,Sorghum,61889.0,10.75,832.0,8944.0,41979,59117.25,-40.82577002787108
Italy,2013,Sorghum,55633.0,10.82,832.0,9002.24,62061,59018.01,4.90322424711171
Italy,2009,Soybeans,74172.0,10.695,832.0,8898.24,34759,32686.36,5.962887309761499
Italy,2010,Soybeans,71613.0,9.84,832.0,8186.88,34639,32374.31,6.537977424290537
Italy,2011,Soybeans,70690.0,11.07,832.0,9210.24,34024,32197.61,5.36794615565483
Italy,2012,Soybeans,61889.0,10.75,832.0,8944.0,27591,32560.54,-18.011453010039506
Italy,2013,Soybeans,55633.0,10.82,832.0,9002.24,33906,32175.47,5.103904913584613
Italy,2009,Sweet potatoes,74172.0,10.695,832.0,8898.24,177016,164290.33,7.188994215212191
Italy,2010,Sweet potatoes,71613.0,9.84,832.0,8186.88,189956,175188.23,7.774310893048911
Italy,2011,Sweet potatoes,70690.0,11.07,832.0,9210.24,207114,177389.73,14.351646919088035
Italy,2012,Sweet potatoes,61889.0,10.75,832.0,8944.0,195236,171170.36,12.32643569833433
Italy,2013,Sweet potatoes,55633.0,10.82,832.0,9002.24,227753,180748.4,20.638410910064852
Italy,2009,Wheat,74172.0,10.695,832.0,8898.24,35859,35187.82,1.8717197914052268
Italy,2010,Wheat,71613.0,9.84,832.0,8186.88,37421,38486.74,-2.847973063253248
Italy,2011,Wheat,70690.0,11.07,832.0,9210.24,38335,43101.74,-12.434433285509321
Italy,2012,Wheat,61889.0,10.75,832.0,8944.0,41293,37524.66,9.12585668273072
Italy,2013,Wheat,55633.0,10.82,832.0,9002.24,38441,39262.95,-2.138211805103918
Jamaica,2009,Cassava,909.71,27.42,2051.0,56238.420000000006,186352,185085.51,0.6796224349617878
Jamaica,2010,Cassava,909.71,27.09,2051.0,55561.59,185271,183242.39,1.0949420038753968
Jamaica,2011,Cassava,909.71,27.17,2051.0,55725.670000000006,188896,187229.66,0.8821467897679128
Jamaica,2012,Cassava,909.71,27.51,2051.0,56423.01,188866,186618.66,1.1899124246820478
Jamaica,2013,Cassava,909.71,27.41,2051.0,56217.91,187795,184772.31,1.6095689448600883
Jamaica,2009,Maize,909.71,27.42,2051.0,56238.420000000006,12615,12432.09,1.449940546967894
Jamaica,2010,Maize,909.71,27.09,2051.0,55561.59,11710,13127.44,-12.104526046114437
Jamaica,2011,Maize,909.71,27.17,2051.0,55725.670000000006,12747,13025.66,-2.186082999921549
Jamaica,2012,Maize,909.71,27.51,2051.0,56423.01,11891,12472.54,-4.890589521486846
Jamaica,2013,Maize,909.71,27.41,2051.0,56217.91,11883,12457.47,-4.834385256248416
Jamaica,2009,Plantains and others,909.71,27.42,2051.0,56238.420000000006,185819,171797.87,7.545584681867841
Jamaica,2010,Plantains and others,909.71,27.09,2051.0,55561.59,188295,169942.15,9.746859980349985
Jamaica,2011,Plantains and others,909.71,27.17,2051.0,55725.670000000006,204013,170557.26,16.398827525696888
Jamaica,2012,Plantains and others,909.71,27.51,2051.0,56423.01,180025,173015.98,3.8933592556589307
Jamaica,2013,Plantains and others,909.71,27.41,2051.0,56217.91,184149,171797.87,6.707139327392494
Jamaica,2009,Potatoes,909.71,27.42,2051.0,56238.420000000006,169416,161687.42,4.5618949804032605
Jamaica,2010,Potatoes,909.71,27.09,2051.0,55561.59,142411,161652.44,-13.51120348849457
Jamaica,2011,Potatoes,909.71,27.17,2051.0,55725.670000000006,190236,162041.05,14.821038079017649
Jamaica,2012,Potatoes,909.71,27.51,2051.0,56423.01,165440,161840.03,2.1759973404255324
Jamaica,2013,Potatoes,909.71,27.41,2051.0,56217.91,165914,161687.42,2.5474522945622353
Jamaica,2009,"Rice, paddy",909.71,27.42,2051.0,56238.420000000006,40541,27059.62,33.25369379147037
Jamaica,2010,"Rice, paddy",909.71,27.09,2051.0,55561.59,47397,26518.87,44.04947570521342
Jamaica,2011,"Rice, paddy",909.71,27.17,2051.0,55725.670000000006,53341,29304.63,45.06171612830656
Jamaica,2012,"Rice, paddy",909.71,27.51,2051.0,56423.01,49023,24791.05,49.42975746078371
Jamaica,2013,"Rice, paddy",909.71,27.41,2051.0,56217.91,42000,27059.62,35.57233333333333
Jamaica,2009,Sweet potatoes,909.71,27.42,2051.0,56238.420000000006,170803,168997.09,1.0573057850271972
Jamaica,2010,Sweet potatoes,909.71,27.09,2051.0,55561.59,162639,164328.2,-1.0386192733600255
Jamaica,2011,Sweet potatoes,909.71,27.17,2051.0,55725.670000000006,182528,168054.25,7.929605320827489
Jamaica,2012,Sweet potatoes,909.71,27.51,2051.0,56423.01,170818,168979.14,1.0765024763198177
Jamaica,2013,Sweet potatoes,909.71,27.41,2051.0,56217.91,172683,169256.05,1.9845323511868636
Jamaica,2009,Yams,909.71,27.42,2051.0,56238.420000000006,167203,157598.01,5.744508172700245
Jamaica,2010,Yams,909.71,27.09,2051.0,55561.59,168102,156003.53,7.19710056989209
Jamaica,2011,Yams,909.71,27.17,2051.0,55725.670000000006,161745,155431.92,3.903106742094029
Jamaica,2012,Yams,909.71,27.51,2051.0,56423.01,171042,159978.22,6.468458039545842
Jamaica,2013,Yams,909.71,27.41,2051.0,56217.91,165476,157261.08,4.964417800768699
Japan,2009,Maize,60970.8,15.055,1668.0,25111.739999999998,25385,26096.73,-2.803742367539884
Japan,2010,Maize,55576.0,15.24,1668.0,25420.32,25642,25809.61,-0.6536541611418789
Japan,2011,Maize,51796.3,14.796666666666667,1668.0,24680.84,25797,26210.33,-1.6022405706089922
Japan,2012,Maize,54716.4,14.606666666666667,1668.0,24363.920000000002,26154,26338.31,-0.7047105605261196
Japan,2013,Maize,52794.3,15.446666666666667,1668.0,25765.04,27273,26032.35,4.549004509954906
Japan,2009,Potatoes,60970.8,15.055,1668.0,25111.739999999998,295909,329199.85,-11.250367511633637
Japan,2010,Potatoes,55576.0,15.24,1668.0,25420.32,277576,332317.58,-19.72129434821455
Japan,2011,Potatoes,51796.3,14.796666666666667,1668.0,24680.84,294691,320478.37,-8.750647288176427
Japan,2012,Potatoes,54716.4,14.606666666666667,1668.0,24363.920000000002,307882,321773.77,-4.512043575135935
Japan,2013,Potatoes,52794.3,15.446666666666667,1668.0,25765.04,302133,332751.63,-10.1341561497751
Japan,2009,"Rice, paddy",60970.8,15.055,1668.0,25111.739999999998,65222,67210.15,-3.0482812547913194
Japan,2010,"Rice, paddy",55576.0,15.24,1668.0,25420.32,65135,67640.59,-3.846764412374294
Japan,2011,"Rice, paddy",51796.3,14.796666666666667,1668.0,24680.84,66624,67632.66,-1.5139589337175845
Japan,2012,"Rice, paddy",54716.4,14.606666666666667,1668.0,24363.920000000002,67388,67686.52,-0.44298688193744296
Japan,2013,"Rice, paddy",52794.3,15.446666666666667,1668.0,25765.04,67280,67793.28,-0.7629013079667046
Japan,2009,Soybeans,60970.8,15.055,1668.0,25111.739999999998,15812,17468.3,-10.474955729825444
Japan,2010,Soybeans,55576.0,15.24,1668.0,25420.32,16158,17104.71,-5.8590790939472654
Japan,2011,Soybeans,51796.3,14.796666666666667,1668.0,24680.84,16006,17442.98,-8.977758340622263
Japan,2012,Soybeans,54716.4,14.606666666666667,1668.0,24363.920000000002,17994,17108.82,4.919306435478495
Japan,2013,Soybeans,52794.3,15.446666666666667,1668.0,25765.04,15520,15960.61,-2.8389819587628904
Japan,2009,Sweet potatoes,60970.8,15.055,1668.0,25111.739999999998,253333,244605.32,3.445141375186017
Japan,2010,Sweet potatoes,55576.0,15.24,1668.0,25420.32,217531,241242.93,-10.90048314952811
Japan,2011,Sweet potatoes,51796.3,14.796666666666667,1668.0,24680.84,227738,245219.78,-7.676268343447294
Japan,2012,Sweet potatoes,54716.4,14.606666666666667,1668.0,24363.920000000002,225747,243448.81,-7.841437538483345
Japan,2013,Sweet potatoes,52794.3,15.446666666666667,1668.0,25765.04,244119,243381.82,0.30197567579745654
Japan,2009,Wheat,60970.8,15.055,1668.0,25111.739999999998,32367,42257.9,-30.558593629313812
Japan,2010,Wheat,55576.0,15.24,1668.0,25420.32,27612,42225.86,-52.92575691728234
Japan,2011,Wheat,51796.3,14.796666666666667,1668.0,24680.84,35286,41131.03,-16.564728220824122
Japan,2012,Wheat,54716.4,14.606666666666667,1668.0,24363.920000000002,41004,40250.08,1.8386498878158186
Japan,2013,Wheat,52794.3,15.446666666666667,1668.0,25765.04,38616,41925.82,-8.571110420551067
Japan,2009,Yams,60970.8,15.055,1668.0,25111.739999999998,211519,225946.42,-6.820862428434331
Japan,2010,Yams,55576.0,15.24,1668.0,25420.32,226963,227741.91,-0.3431880967382364
Japan,2011,Yams,51796.3,14.796666666666667,1668.0,24680.84,220905,225294.08,-1.986863131210243
Japan,2012,Yams,54716.4,14.606666666666667,1668.0,24363.920000000002,222059,221501.91,0.2508747675167395
Japan,2013,Yams,52794.3,15.446666666666667,1668.0,25765.04,217415,227708.0,-4.7342639652277905
Kazakhstan,2009,Maize,8716.14,4.8999999999999995,250.0,1224.9999999999998,47500,44103.89,7.149705263157896
Kazakhstan,2010,Maize,6283.85,4.955,250.0,1238.75,48331,43457.64,10.083300573131119
Kazakhstan,2011,Maize,10656.6,4.605,250.0,1151.25,49864,43705.06,12.351476014760152
Kazakhstan,2012,Maize,8674.58,4.285,250.0,1071.25,51877,44004.04,15.176205254737166
Kazakhstan,2013,Maize,8738.38,7.1000000000000005,250.0,1775.0000000000002,52779,44757.85,15.197616476250026
Kazakhstan,2009,Potatoes,8716.14,4.8999999999999995,250.0,1224.9999999999998,162092,143940.35,11.198362658243463
Kazakhstan,2010,Potatoes,6283.85,4.955,250.0,1238.75,143194,147360.53,-2.909709904046258
Kazakhstan,2011,Potatoes,10656.6,4.605,250.0,1151.25,167176,143741.02,14.01814853806767
Kazakhstan,2012,Potatoes,8674.58,4.285,250.0,1071.25,165927,143940.35,13.250797037251319
Kazakhstan,2013,Potatoes,8738.38,7.1000000000000005,250.0,1775.0000000000002,181522,140879.03,22.390106984277388
Kazakhstan,2009,"Rice, paddy",8716.14,4.8999999999999995,250.0,1224.9999999999998,35323,35005.12,0.8999235625513047
Kazakhstan,2010,"Rice, paddy",6283.85,4.955,250.0,1238.75,39697,34208.04,13.827140589969014
Kazakhstan,2011,"Rice, paddy",10656.6,4.605,250.0,1151.25,37152,34467.11,7.226771102497845
Kazakhstan,2012,"Rice, paddy",8674.58,4.285,250.0,1071.25,37712,35034.78,7.099119643614768
Kazakhstan,2013,"Rice, paddy",8738.38,7.1000000000000005,250.0,1775.0000000000002,38500,34809.53,9.585636363636366
Kazakhstan,2009,Sorghum,8716.14,4.8999999999999995,250.0,1224.9999999999998,5000,26872.79,-437.45580000000007
Kazakhstan,2010,Sorghum,6283.85,4.955,250.0,1238.75,4500,26893.05,-497.62333333333333
Kazakhstan,2011,Sorghum,10656.6,4.605,250.0,1151.25,13000,27251.01,-109.62315384615384
Kazakhstan,2012,Sorghum,8674.58,4.285,250.0,1071.25,2750,27045.41,-883.4694545454546
Kazakhstan,2013,Sorghum,8738.38,7.1000000000000005,250.0,1775.0000000000002,2258,13038.17,-477.42116917626214
Kazakhstan,2009,Soybeans,8716.14,4.8999999999999995,250.0,1224.9999999999998,18002,16654.5,7.485279413398511
Kazakhstan,2010,Soybeans,6283.85,4.955,250.0,1238.75,18489,16930.7,8.428254637892797
Kazakhstan,2011,Soybeans,10656.6,4.605,250.0,1151.25,19001,16692.56,12.14904478711646
Kazakhstan,2012,Soybeans,8674.58,4.285,250.0,1071.25,20128,16656.18,17.248708267090617
Kazakhstan,2013,Soybeans,8738.38,7.1000000000000005,250.0,1775.0000000000002,19727,15925.36,19.271252597962178
Kazakhstan,2009,Wheat,8716.14,4.8999999999999995,250.0,1224.9999999999998,11941,11338.04,5.0494933422661346
Kazakhstan,2010,Wheat,6283.85,4.955,250.0,1238.75,7336,11519.03,-57.02058342420939
Kazakhstan,2011,Wheat,10656.6,4.605,250.0,1151.25,16609,11360.26,31.60178216629538
Kazakhstan,2012,Wheat,8674.58,4.285,250.0,1071.25,7929,11675.66,-47.252616975658974
Kazakhstan,2013,Wheat,8738.38,7.1000000000000005,250.0,1775.0000000000002,10762,12632.43,-17.379947965062257
Kenya,2009,Cassava,1578.0,17.3,630.0,10899.0,116431,114011.53,2.078029047246868
Kenya,2010,Cassava,1578.0,16.82,630.0,10596.6,52521,113425.37,-115.96193903391023
Kenya,2011,Cassava,1578.0,16.9,630.0,10647.0,112309,117585.56,-4.698252143639421
Kenya,2012,Cassava,1578.0,16.84,630.0,10609.2,127273,117030.99,8.047276327265008
Kenya,2013,Cassava,1578.0,16.91,630.0,10653.3,142470,117585.56,17.46644205797712
Kenya,2009,Maize,1578.0,17.3,630.0,10899.0,12943,18047.59,-39.439001777022334
Kenya,2010,Maize,1578.0,16.82,630.0,10596.6,17251,17263.75,-0.07390875891252681
Kenya,2011,Maize,1578.0,16.9,630.0,10647.0,15840,17310.46,-9.283207070707066
Kenya,2012,Maize,1578.0,16.84,630.0,10609.2,17366,17557.93,-1.1052055741103324
Kenya,2013,Maize,1578.0,16.91,630.0,10653.3,16922,17310.46,-2.295591537643299
Kenya,2009,Plantains and others,1578.0,17.3,630.0,10899.0,123077,122570.42,0.4115959927525059
Kenya,2010,Plantains and others,1578.0,16.82,630.0,10596.6,125000,122775.11,1.7799119999999995
Kenya,2011,Plantains and others,1578.0,16.9,630.0,10647.0,124000,122638.47,1.098008064516128
Kenya,2012,Plantains and others,1578.0,16.84,630.0,10609.2,120000,122638.47,-2.198725000000001
Kenya,2013,Plantains and others,1578.0,16.91,630.0,10653.3,119231,122638.47,-2.857872533149937
Kenya,2009,Potatoes,1578.0,17.3,630.0,10899.0,191199,200642.88,-4.939293615552385
Kenya,2010,Potatoes,1578.0,16.82,630.0,10596.6,224279,191329.64,14.691237253599304
Kenya,2011,Potatoes,1578.0,16.9,630.0,10647.0,191690,201030.15,-4.872528561740307
Kenya,2012,Potatoes,1578.0,16.84,630.0,10609.2,203389,195840.47,3.711375738117597
Kenya,2013,Potatoes,1578.0,16.91,630.0,10653.3,144262,201030.15,-39.35072992194756
Kenya,2009,"Rice, paddy",1578.0,17.3,630.0,10899.0,19333,22493.95,-16.350023276263386
Kenya,2010,"Rice, paddy",1578.0,16.82,630.0,10596.6,42384,21768.07,48.64083144582862
Kenya,2011,"Rice, paddy",1578.0,16.9,630.0,10647.0,39676,21784.85,45.09312934771651
Kenya,2012,"Rice, paddy",1578.0,16.84,630.0,10609.2,46643,21763.77,53.339686555324484
Kenya,2013,"Rice, paddy",1578.0,16.91,630.0,10653.3,39955,21627.68,45.86990364159679
Kenya,2009,Sorghum,1578.0,17.3,630.0,10899.0,5717,11070.62,-93.643869162148
Kenya,2010,Sorghum,1578.0,16.82,630.0,10596.6,7267,7195.03,0.9903674143387954
Kenya,2011,Sorghum,1578.0,16.9,630.0,10647.0,6291,7141.95,-13.526466380543631
Kenya,2012,Sorghum,1578.0,16.84,630.0,10609.2,7445,7198.41,3.312155809267967
Kenya,2013,Sorghum,1578.0,16.91,630.0,10653.3,7550,7141.95,5.4046357615894065
Kenya,2009,Soybeans,1578.0,17.3,630.0,10899.0,7153,8306.57,-16.127079547043195
Kenya,2010,Soybeans,1578.0,16.82,630.0,10596.6,9500,8294.99,12.684315789473684
Kenya,2011,Soybeans,1578.0,16.9,630.0,10647.0,12578,8295.9,34.04436317379552
Kenya,2012,Soybeans,1578.0,16.84,630.0,10609.2,14997,8295.03,44.6887377475495
Kenya,2013,Soybeans,1578.0,16.91,630.0,10653.3,12231,8295.9,32.173166544027474
Kenya,2009,Sweet potatoes,1578.0,17.3,630.0,10899.0,132895,127266.26,4.235479137665077
Kenya,2010,Sweet potatoes,1578.0,16.82,630.0,10596.6,99739,129362.23,-29.70074895477195
Kenya,2011,Sweet potatoes,1578.0,16.9,630.0,10647.0,122689,128477.78,-4.71825510029424
Kenya,2012,Sweet potatoes,1578.0,16.84,630.0,10609.2,128346,129703.17,-1.0574306951521655
Kenya,2013,Sweet potatoes,1578.0,16.91,630.0,10653.3,124706,128477.78,-3.02453771270027
Kenya,2009,Wheat,1578.0,17.3,630.0,10899.0,16665,24962.1,-49.78757875787578
Kenya,2010,Wheat,1578.0,16.82,630.0,10596.6,31991,24302.26,24.034072082773285
Kenya,2011,Wheat,1578.0,16.9,630.0,10647.0,20415,24695.05,-20.965221650746997
Kenya,2012,Wheat,1578.0,16.84,630.0,10609.2,29720,24547.82,17.403028263795424
Kenya,2013,Wheat,1578.0,16.91,630.0,10653.3,27602,24695.05,10.531664372146949
Kenya,2009,Yams,1578.0,17.3,630.0,10899.0,45170,86977.32,-92.5555014390082
Kenya,2010,Yams,1578.0,16.82,630.0,10596.6,65645,74263.39,-13.128783608804934
Kenya,2011,Yams,1578.0,16.9,630.0,10647.0,91154,87671.75,3.820183425850758
Kenya,2012,Yams,1578.0,16.84,630.0,10609.2,116053,82262.53,29.11641232884975
Kenya,2013,Yams,1578.0,16.91,630.0,10653.3,135962,87671.75,35.51746076109501
Latvia,2009,Potatoes,881.2,6.51,641.0,4172.91,175133,140787.44,19.61112982704573
Latvia,2010,Potatoes,1027.5,5.67,641.0,3634.47,160797,153245.61,4.69622567585217
Latvia,2011,Potatoes,1070.5,7.25,641.0,4647.25,168013,161719.09,3.7460851243653788
Latvia,2012,Potatoes,1396.96,5.96,641.0,3820.36,191099,141857.86,25.767345721327693
Latvia,2013,Potatoes,1250.0,7.25,641.0,4647.25,181648,139170.59,23.384463357702813
Latvia,2009,Wheat,881.2,6.51,641.0,4172.91,36276,34835.09,3.9720752012349863
Latvia,2010,Wheat,1027.5,5.67,641.0,3634.47,32849,35500.68,-8.072330968979271
Latvia,2011,Wheat,1070.5,7.25,641.0,4647.25,30613,36569.01,-19.455819423120904
Latvia,2012,Wheat,1396.96,5.96,641.0,3820.36,43695,35955.44,17.712690239157794
Latvia,2013,Wheat,1250.0,7.25,641.0,4647.25,38857,36425.87,6.256607561057203
Lebanon,2009,Maize,1816.0,20.19,661.0,13345.59,36210,37977.03,-4.879950289975142
Lebanon,2010,Maize,1816.0,21.26,661.0,14052.86,37199,34406.81,7.506088873356817
Lebanon,2011,Maize,1816.0,19.67,661.0,13001.87,36468,37007.31,-1.478858177031912
Lebanon,2012,Maize,1816.0,20.19,661.0,13345.59,36025,37977.03,-5.418542678695347
Lebanon,2013,Maize,1816.0,20.08,661.0,13272.88,35621,35671.24,-0.14104039751831213
Lebanon,2009,Potatoes,1816.0,20.19,661.0,13345.59,224868,250707.5,-11.490963587526904
Lebanon,2010,Potatoes,1816.0,21.26,661.0,14052.86,238514,222751.05,6.608815415447316
Lebanon,2011,Potatoes,1816.0,19.67,661.0,13001.87,239130,253775.62,-6.124543135532972
Lebanon,2012,Potatoes,1816.0,20.19,661.0,13345.59,233333,250707.5,-7.446224923178462
Lebanon,2013,Potatoes,1816.0,20.08,661.0,13272.88,260759,255120.42,2.162372152063778
Lebanon,2009,Sorghum,1816.0,20.19,661.0,13345.59,20000,18644.11,6.779449999999996
Lebanon,2010,Sorghum,1816.0,21.26,661.0,14052.86,19298,14448.98,25.127059798942895
Lebanon,2011,Sorghum,1816.0,19.67,661.0,13001.87,19565,18254.16,6.699923332481472
Lebanon,2012,Sorghum,1816.0,20.19,661.0,13345.59,19167,18644.11,2.7280742943600953
Lebanon,2013,Sorghum,1816.0,20.08,661.0,13272.88,20000,18526.4,7.367999999999992
Lebanon,2009,Wheat,1816.0,20.19,661.0,13345.59,27990,28873.72,-3.15727045373348
Lebanon,2010,Wheat,1816.0,21.26,661.0,14052.86,27815,45675.39,-64.21136077655942
Lebanon,2011,Wheat,1816.0,19.67,661.0,13001.87,29667,27502.41,7.296288805743756
Lebanon,2012,Wheat,1816.0,20.19,661.0,13345.59,31012,28873.72,6.895008383851408
Lebanon,2013,Wheat,1816.0,20.08,661.0,13272.88,32122,24835.4,22.68414170973164
Lesotho,2009,Maize,77.7,14.62,788.0,11520.56,4159,9990.68,-140.21832171194998
Lesotho,2010,Maize,80.07,15.23,788.0,12001.24,9071,10530.22,-16.08664976298092
Lesotho,2011,Maize,175.27,14.32,788.0,11284.16,6344,18388.55,-189.85734552332912
Lesotho,2012,Maize,271.84,14.62,788.0,11520.56,6712,26478.73,-294.4983611442193
Lesotho,2013,Maize,62.32,14.03,788.0,11055.64,8227,13668.92,-66.14707669867511
Lesotho,2009,Potatoes,77.7,14.62,788.0,11520.56,159649,169298.29,-6.044065418511865
Lesotho,2010,Potatoes,80.07,15.23,788.0,12001.24,165000,167696.82,-1.6344363636363677
Lesotho,2011,Potatoes,175.27,14.32,788.0,11284.16,164706,170756.01,-3.67321773341591
Lesotho,2012,Potatoes,271.84,14.62,788.0,11520.56,164286,170018.59,-3.489396540179928
Lesotho,2013,Potatoes,62.32,14.03,788.0,11055.64,173611,168931.41,2.69544556508516
Lesotho,2009,Sorghum,77.7,14.62,788.0,11520.56,5773,4560.82,20.9974016975576
Lesotho,2010,Sorghum,80.07,15.23,788.0,12001.24,7189,5345.89,25.637919042982332
Lesotho,2011,Sorghum,175.27,14.32,788.0,11284.16,5092,14924.71,-193.10113904163393
Lesotho,2012,Sorghum,271.84,14.62,788.0,11520.56,1343,23596.5,-1656.9992553983618
Lesotho,2013,Sorghum,62.32,14.03,788.0,11055.64,3051,6429.47,-110.73320222877744
Lesotho,2009,Wheat,77.7,14.62,788.0,11520.56,3473,6623.42,-90.7117765620501
Lesotho,2010,Wheat,80.07,15.23,788.0,12001.24,14693,7431.31,49.42278636085211
Lesotho,2011,Wheat,175.27,14.32,788.0,11284.16,9965,13544.92,-35.924937280481686
Lesotho,2012,Wheat,271.84,14.62,788.0,11520.56,8641,16624.41,-92.38988542992709
Lesotho,2013,Wheat,62.32,14.03,788.0,11055.64,12345,8275.02,32.968651275820164
Libya,2009,Maize,6046.0,20.235,56.0,1133.1599999999999,24790,21460.38,13.431302944735776
Libya,2010,Maize,3548.0,20.840000000000003,56.0,1167.0400000000002,19333,23775.94,-22.981120364144203
Libya,2011,Maize,3548.0,19.865000000000002,56.0,1112.44,21419,25159.59,-17.46388720295065
Libya,2012,Maize,3548.0,20.41,56.0,1142.96,21613,21800.78,-0.8688289455420295
Libya,2013,Maize,3548.0,20.355,56.0,1139.88,20000,21659.37,-8.296849999999994
Libya,2009,Potatoes,6046.0,20.235,56.0,1133.1599999999999,194380,194531.45,-0.07791439448503532
Libya,2010,Potatoes,3548.0,20.840000000000003,56.0,1167.0400000000002,193849,218159.61,-12.541003564630197
Libya,2011,Potatoes,3548.0,19.865000000000002,56.0,1112.44,189247,179668.77,5.061232146348429
Libya,2012,Potatoes,3548.0,20.41,56.0,1142.96,189474,194489.64,-2.647138921435138
Libya,2013,Potatoes,3548.0,20.355,56.0,1139.88,196667,194531.78,1.0857032445707726
Libya,2009,Wheat,6046.0,20.235,56.0,1133.1599999999999,7895,7994.14,-1.2557314756174836
Libya,2010,Wheat,3548.0,20.840000000000003,56.0,1167.0400000000002,7717,10822.56,-40.2430996501231
Libya,2011,Wheat,3548.0,19.865000000000002,56.0,1112.44,7784,8699.27,-11.75835046248716
Libya,2012,Wheat,3548.0,20.41,56.0,1142.96,7958,7955.27,0.03430510178436245
Libya,2013,Wheat,3548.0,20.355,56.0,1139.88,7955,7956.14,-0.014330609679451004
Lithuania,2009,Maize,2748.8,6.7,656.0,4395.2,43273,40170.58,7.169412797818497
Lithuania,2010,Maize,1803.77,6.14,656.0,4027.8399999999997,66901,37336.74,44.191058429619886
Lithuania,2011,Maize,2062.34,7.32,656.0,4801.92,74896,43190.7,42.332434308908354
Lithuania,2012,Maize,2559.9,6.31,656.0,4139.36,61085,39069.27,36.041139395923715
Lithuania,2013,Maize,2515.69,7.42,656.0,4867.5199999999995,73953,46426.99,37.22095114464592
Lithuania,2009,Potatoes,2748.8,6.7,656.0,4395.2,142167,116980.74,17.71596784063812
Lithuania,2010,Potatoes,1803.77,6.14,656.0,4027.8399999999997,130301,123900.26,4.912272354011101
Lithuania,2011,Potatoes,2062.34,7.32,656.0,4801.92,155889,125320.96,19.60884988677841
Lithuania,2012,Potatoes,2559.9,6.31,656.0,4139.36,170776,120503.13,29.43790111022626
Lithuania,2013,Potatoes,2515.69,7.42,656.0,4867.5199999999995,148606,124865.37,15.97555280405906
Lithuania,2009,Wheat,2748.8,6.7,656.0,4395.2,42004,37615.42,10.448004951909347
Lithuania,2010,Wheat,1803.77,6.14,656.0,4027.8399999999997,33045,36730.57,-11.153185050688453
Lithuania,2011,Wheat,2062.34,7.32,656.0,4801.92,33919,39280.13,-15.805684129838726
Lithuania,2012,Wheat,2559.9,6.31,656.0,4139.36,47829,37802.02,20.96422672437225
Lithuania,2013,Wheat,2515.69,7.42,656.0,4867.5199999999995,43022,39886.73,7.28759704337315
Madagascar,2009,Cassava,143.9,20.13,1513.0,30456.69,75058,74737.37,0.4271763169815405
Madagascar,2010,Cassava,241.89,20.31,1513.0,30729.03,74144,74624.5,-0.648063228312473
Madagascar,2011,Cassava,310.36,20.33,1513.0,30759.289999999997,73945,79245.87,-7.168665900331321
Madagascar,2012,Cassava,377.71,19.78,1513.0,29927.140000000003,76214,79112.56,-3.8031857663946225
Madagascar,2013,Cassava,507.94,19.34,1513.0,29261.42,77707,80980.35,-4.212426164952972
Madagascar,2009,Maize,143.9,20.13,1513.0,30456.69,16225,14847.55,8.48967642526965
Madagascar,2010,Maize,241.89,20.31,1513.0,30729.03,15577,13286.48,14.70450022469025
Madagascar,2011,Maize,310.36,20.33,1513.0,30759.289999999997,15490,13274.01,14.305939315687539
Madagascar,2012,Maize,377.71,19.78,1513.0,29927.140000000003,16290,13251.26,18.65402087170043
Madagascar,2013,Maize,507.94,19.34,1513.0,29261.42,16288,14633.26,10.159258349705304
Madagascar,2009,Potatoes,143.9,20.13,1513.0,30456.69,59915,58693.36,2.0389551865142277
Madagascar,2010,Potatoes,241.89,20.31,1513.0,30729.03,58940,60686.26,-2.9627757041058738
Madagascar,2011,Potatoes,310.36,20.33,1513.0,30759.289999999997,58963,60483.59,-2.57888845547207
Madagascar,2012,Potatoes,377.71,19.78,1513.0,29927.140000000003,59267,63409.73,-6.989943813589355
Madagascar,2013,Potatoes,507.94,19.34,1513.0,29261.42,59375,104215.89,-75.52149894736841
Madagascar,2009,"Rice, paddy",143.9,20.13,1513.0,30456.69,35056,26894.91,23.2801517571885
Madagascar,2010,"Rice, paddy",241.89,20.31,1513.0,30729.03,36249,28035.53,22.658473337195513
Madagascar,2011,"Rice, paddy",310.36,20.33,1513.0,30759.289999999997,37806,28439.75,24.77450669205946
Madagascar,2012,"Rice, paddy",377.71,19.78,1513.0,29927.140000000003,37661,30029.33,20.264119380791794
Madagascar,2013,"Rice, paddy",507.94,19.34,1513.0,29261.42,39449,30190.36,23.469897842784356
Madagascar,2009,Sorghum,143.9,20.13,1513.0,30456.69,5961,6309.96,-5.854051333668848
Madagascar,2010,Sorghum,241.89,20.31,1513.0,30729.03,5972,6865.45,-14.960649698593434
Madagascar,2011,Sorghum,310.36,20.33,1513.0,30759.289999999997,5886,7411.96,-25.925246347264697
Madagascar,2012,Sorghum,377.71,19.78,1513.0,29927.140000000003,5870,7459.52,-27.078705281090297
Madagascar,2013,Sorghum,507.94,19.34,1513.0,29261.42,5652,8033.61,-42.137473460721864
Madagascar,2009,Soybeans,143.9,20.13,1513.0,30456.69,5880,6272.61,-6.677040816326525
Madagascar,2010,Soybeans,241.89,20.31,1513.0,30729.03,5960,6451.34,-8.243959731543626
Madagascar,2011,Soybeans,310.36,20.33,1513.0,30759.289999999997,5962,6980.75,-17.08738678295874
Madagascar,2012,Soybeans,377.71,19.78,1513.0,29927.140000000003,6000,6985.51,-16.425166666666673
Madagascar,2013,Soybeans,507.94,19.34,1513.0,29261.42,5867,8155.58,-39.00767001874893
Madagascar,2009,Sweet potatoes,143.9,20.13,1513.0,30456.69,71721,68341.4,4.7121484641876235
Madagascar,2010,Sweet potatoes,241.89,20.31,1513.0,30729.03,72205,68133.74,5.638473789903739
Madagascar,2011,Sweet potatoes,310.36,20.33,1513.0,30759.289999999997,74011,67727.67,8.489724500412104
Madagascar,2012,Sweet potatoes,377.71,19.78,1513.0,29927.140000000003,75760,65541.32,13.488225976768733
Madagascar,2013,Sweet potatoes,507.94,19.34,1513.0,29261.42,77058,63727.06,17.29987801396351
Madagascar,2009,Wheat,143.9,20.13,1513.0,30456.69,23859,23723.96,0.5659918688964369
Madagascar,2010,Wheat,241.89,20.31,1513.0,30729.03,23982,23226.92,3.148528062713709
Madagascar,2011,Wheat,310.36,20.33,1513.0,30759.289999999997,23968,23226.92,3.091955941255014
Madagascar,2012,Wheat,377.71,19.78,1513.0,29927.140000000003,24045,23484.16,2.332459970887919
Madagascar,2013,Wheat,507.94,19.34,1513.0,29261.42,24122,22264.26,7.7014343752591055
Malawi,2009,Cassava,736.25,20.68,1181.0,24423.079999999998,202912,177306.09,12.619219168900806
Malawi,2010,Cassava,584.12,21.34,1181.0,25202.54,204311,148674.15,27.231451072140022
Malawi,2011,Cassava,553.57,20.92,1181.0,24706.52,215408,156748.87,27.231639493426428
Malawi,2012,Cassava,775.83,20.42,1181.0,24116.02,223883,161812.08,27.72471335474333
Malawi,2013,Cassava,1500.27,19.68,1181.0,23242.079999999998,228041,114281.8,49.88541534197798
Malawi,2009,Maize,736.25,20.68,1181.0,24423.079999999998,22265,20116.61,9.64918032786885
Malawi,2010,Maize,584.12,21.34,1181.0,25202.54,20158,17864.48,11.377716043258262
Malawi,2011,Maize,553.57,20.92,1181.0,24706.52,22079,19543.41,11.48417047873545
Malawi,2012,Maize,775.83,20.42,1181.0,24116.02,21932,17626.44,19.631406164508487
Malawi,2013,Maize,1500.27,19.68,1181.0,23242.079999999998,21708,19530.87,10.029159756771703
Malawi,2009,Plantains and others,736.25,20.68,1181.0,24423.079999999998,96524,94178.62,2.4298412829969798
Malawi,2010,Plantains and others,584.12,21.34,1181.0,25202.54,97581,89954.73,7.81532265502506
Malawi,2011,Plantains and others,553.57,20.92,1181.0,24706.52,98694,87175.88,11.670537216041497
Malawi,2012,Plantains and others,775.83,20.42,1181.0,24116.02,100000,93091.02,6.908979999999996
Malawi,2013,Plantains and others,1500.27,19.68,1181.0,23242.079999999998,100966,110515.2,-9.45783729176158
Malawi,2009,Potatoes,736.25,20.68,1181.0,24423.079999999998,161923,148230.66,8.456080976760557
Malawi,2010,Potatoes,584.12,21.34,1181.0,25202.54,160600,133353.36,16.965529265255302
Malawi,2011,Potatoes,553.57,20.92,1181.0,24706.52,159930,142883.97,10.658431813918588
Malawi,2012,Potatoes,775.83,20.42,1181.0,24116.02,172009,147341.18,14.34100541250749
Malawi,2013,Potatoes,1500.27,19.68,1181.0,23242.079999999998,175414,149818.12,14.59169735596931
Malawi,2009,"Rice, paddy",736.25,20.68,1181.0,24423.079999999998,21259,18106.94,14.826943882590909
Malawi,2010,"Rice, paddy",584.12,21.34,1181.0,25202.54,18631,13284.11,28.698888948526648
Malawi,2011,"Rice, paddy",553.57,20.92,1181.0,24706.52,19125,14295.05,25.25464052287582
Malawi,2012,"Rice, paddy",775.83,20.42,1181.0,24116.02,18453,18479.27,-0.14236167560830454
Malawi,2013,"Rice, paddy",1500.27,19.68,1181.0,23242.079999999998,19174,21734.47,-13.353864608323779
Malawi,2009,Sorghum,736.25,20.68,1181.0,24423.079999999998,7968,8375.04,-5.10843373493977
Malawi,2010,Sorghum,584.12,21.34,1181.0,25202.54,6094,5734.46,5.89990154250082
Malawi,2011,Sorghum,553.57,20.92,1181.0,24706.52,8184,6994.14,14.538856304985334
Malawi,2012,Sorghum,775.83,20.42,1181.0,24116.02,8335,8075.46,3.1138572285542887
Malawi,2013,Sorghum,1500.27,19.68,1181.0,23242.079999999998,9647,11319.91,-17.341245983207212
Malawi,2009,Soybeans,736.25,20.68,1181.0,24423.079999999998,9804,9209.36,6.065279477764172
Malawi,2010,Soybeans,584.12,21.34,1181.0,25202.54,9757,8435.1,13.548221789484469
Malawi,2011,Soybeans,553.57,20.92,1181.0,24706.52,9977,8389.9,15.90758745113762
Malawi,2012,Soybeans,775.83,20.42,1181.0,24116.02,10433,9370.22,10.186715230518553
Malawi,2013,Soybeans,1500.27,19.68,1181.0,23242.079999999998,9791,14178.66,-44.813195792053925
Malawi,2009,Wheat,736.25,20.68,1181.0,24423.079999999998,15006,17470.24,-16.42169798747169
Malawi,2010,Wheat,584.12,21.34,1181.0,25202.54,15123,15676.62,-3.660781590954181
Malawi,2011,Wheat,553.57,20.92,1181.0,24706.52,15214,17153.2,-12.74615485736822
Malawi,2012,Wheat,775.83,20.42,1181.0,24116.02,15104,15831.19,-4.814552436440681
Malawi,2013,Wheat,1500.27,19.68,1181.0,23242.079999999998,14058,26923.89,-91.52005975245412
Malaysia,2009,Cassava,52464.19,27.47,2875.0,78976.25,222790,200438.58,10.032505947304642
Malaysia,2010,Cassava,60194.83,27.69,2875.0,79608.75,134298,206086.95,-53.454965822275845
Malaysia,2011,Cassava,41562.16,27.27,2875.0,78401.25,127912,204596.05,-59.950630120707984
Malaysia,2012,Cassava,49810.48,27.36,2875.0,78660.0,275589,198698.17,27.900543925918665
Malaysia,2013,Cassava,61445.6,27.8,2875.0,79925.0,155321,201789.09,-29.91745481937407
Malaysia,2009,Maize,52464.19,27.47,2875.0,78976.25,50719,36374.44,28.282418817405702
Malaysia,2010,Maize,60194.83,27.69,2875.0,79608.75,55351,35263.89,36.29041932395079
Malaysia,2011,Maize,41562.16,27.27,2875.0,78401.25,61320,37539.44,38.78108284409654
Malaysia,2012,Maize,49810.48,27.36,2875.0,78660.0,89681,36919.85,58.83202685072646
Malaysia,2013,Maize,61445.6,27.8,2875.0,79925.0,88991,35291.44,60.342686339067996
Malaysia,2009,"Rice, paddy",52464.19,27.47,2875.0,78976.25,37205,35611.84,4.282112619271613
Malaysia,2010,"Rice, paddy",60194.83,27.69,2875.0,79608.75,36361,36843.86,-1.3279612771925982
Malaysia,2011,"Rice, paddy",41562.16,27.27,2875.0,78401.25,37468,35390.16,5.545638945233256
Malaysia,2012,"Rice, paddy",49810.48,27.36,2875.0,78660.0,37972,35624.2,6.182976930369754
Malaysia,2013,"Rice, paddy",61445.6,27.8,2875.0,79925.0,38763,36806.06,5.048474060315255
Malaysia,2009,Sweet potatoes,52464.19,27.47,2875.0,78976.25,103094,143966.37,-39.645731080373245
Malaysia,2010,Sweet potatoes,60194.83,27.69,2875.0,79608.75,106534,144891.08,-36.004543150543476
Malaysia,2011,Sweet potatoes,41562.16,27.27,2875.0,78401.25,119255,146651.35,-22.97291518175339
Malaysia,2012,Sweet potatoes,49810.48,27.36,2875.0,78660.0,215175,148428.54,31.019616591146736
Malaysia,2013,Sweet potatoes,61445.6,27.8,2875.0,79925.0,166824,144891.08,13.147340910180796
Mali,2009,Cassava,4.12,27.89,282.0,7864.9800000000005,180749,157724.65,12.738300073582707
Mali,2010,Cassava,3.84,28.18,282.0,7946.76,153919,147507.21,4.16569104529006
Mali,2011,Cassava,3.25,27.79,282.0,7836.78,155504,157480.67,-1.2711377199300422
Mali,2012,Cassava,1.52,27.39,282.0,7723.9800000000005,156860,140950.26,10.142636746143053
Mali,2013,Cassava,1.52,28.53,282.0,8045.46,155621,146302.19,5.9881442735877535
Mali,2009,Maize,4.12,27.89,282.0,7864.9800000000005,33349,17400.18,47.823982728117784
Mali,2010,Maize,3.84,28.18,282.0,7946.76,26886,16967.39,36.891356096109504
Mali,2011,Maize,3.25,27.79,282.0,7836.78,14037,17408.6,-24.019377359834714
Mali,2012,Maize,1.52,27.39,282.0,7723.9800000000005,24427,16688.91,31.67842960658288
Mali,2013,Maize,1.52,28.53,282.0,8045.46,25927,16886.09,34.8706367879045
Mali,2009,Potatoes,4.12,27.89,282.0,7864.9800000000005,237913,232916.63,2.100082803377703
Mali,2010,Potatoes,3.84,28.18,282.0,7946.76,220473,229376.15,-4.038204224553571
Mali,2011,Potatoes,3.25,27.79,282.0,7836.78,204721,235457.44,-15.013818807059366
Mali,2012,Potatoes,1.52,27.39,282.0,7723.9800000000005,198983,232294.29,-16.74077182472875
Mali,2013,Potatoes,1.52,28.53,282.0,8045.46,193555,229366.24,-18.501841853736657
Mali,2009,"Rice, paddy",4.12,27.89,282.0,7864.9800000000005,30646,29360.05,4.196143052926975
Mali,2010,"Rice, paddy",3.84,28.18,282.0,7946.76,21044,27915.39,-32.65249002090857
Mali,2011,"Rice, paddy",3.25,27.79,282.0,7836.78,30210,29738.19,1.5617676266137084
Mali,2012,"Rice, paddy",1.52,27.39,282.0,7723.9800000000005,34486,29889.16,13.329583019196194
Mali,2013,"Rice, paddy",1.52,28.53,282.0,8045.46,30009,27916.21,6.973874504315375
Mali,2009,Sorghum,4.12,27.89,282.0,7864.9800000000005,15941,10015.38,37.17219747820087
Mali,2010,Sorghum,3.84,28.18,282.0,7946.76,9951,9791.97,1.598130841121502
Mali,2011,Sorghum,3.25,27.79,282.0,7836.78,7067,9925.73,-40.45181831045705
Mali,2012,Sorghum,1.52,27.39,282.0,7723.9800000000005,10612,9991.79,5.8444214097248315
Mali,2013,Sorghum,1.52,28.53,282.0,8045.46,11052,9873.46,10.663590300398127
Mali,2009,Soybeans,4.12,27.89,282.0,7864.9800000000005,6274,14134.3,-125.28371055148229
Mali,2010,Soybeans,3.84,28.18,282.0,7946.76,6881,14287.14,-107.6317395727365
Mali,2011,Soybeans,3.25,27.79,282.0,7836.78,8715,14333.96,-64.47458405048766
Mali,2012,Soybeans,1.52,27.39,282.0,7723.9800000000005,8611,13813.81,-60.42050865172454
Mali,2013,Soybeans,1.52,28.53,282.0,8045.46,7219,14545.19,-101.48483169414047
Mali,2009,Sweet potatoes,4.12,27.89,282.0,7864.9800000000005,191228,183345.24,4.122178760432577
Mali,2010,Sweet potatoes,3.84,28.18,282.0,7946.76,188048,173365.36,7.807921381774873
Mali,2011,Sweet potatoes,3.25,27.79,282.0,7836.78,181391,188135.06,-3.717968366677508
Mali,2012,Sweet potatoes,1.52,27.39,282.0,7723.9800000000005,176736,183085.54,-3.5926692920514256
Mali,2013,Sweet potatoes,1.52,28.53,282.0,8045.46,174581,173365.36,0.6963186142822037
Mali,2009,Wheat,4.12,27.89,282.0,7864.9800000000005,29665,24597.11,17.083735041294453
Mali,2010,Wheat,3.84,28.18,282.0,7946.76,25543,24125.87,5.548017069255769
Mali,2011,Wheat,3.25,27.79,282.0,7836.78,34378,24638.42,28.330851125719942
Mali,2012,Wheat,1.52,27.39,282.0,7723.9800000000005,40285,17401.38,56.804319225518185
Mali,2013,Wheat,1.52,28.53,282.0,8045.46,39754,23882.82,39.92347939829954
Mali,2009,Yams,4.12,27.89,282.0,7864.9800000000005,203082,224516.07,-10.554391822022636
Mali,2010,Yams,3.84,28.18,282.0,7946.76,234857,209794.62,10.671336174778698
Mali,2011,Yams,3.25,27.79,282.0,7836.78,223344,225242.87,-0.850199691955009
Mali,2012,Yams,1.52,27.39,282.0,7723.9800000000005,211794,220340.2,-4.035147360170738
Mali,2013,Yams,1.52,28.53,282.0,8045.46,206300,209794.62,-1.6939505574406182
Mauritania,2009,Maize,4.29,27.57,92.0,2536.44,5542,6481.59,-16.95398773006135
Mauritania,2010,Maize,67.59,28.7,92.0,2640.4,8592,15806.08,-83.96275605214153
Mauritania,2011,Maize,13.35,27.87,92.0,2564.04,6611,6935.09,-4.902284072001213
Mauritania,2012,Maize,26.41,27.77,92.0,2554.84,6904,7017.63,-1.645857473928159
Mauritania,2013,Maize,26.41,28.24,92.0,2598.08,4731,8508.16,-79.83851194250687
Mauritania,2009,Potatoes,4.29,27.57,92.0,2536.44,54030,52807.05,2.2634647418101004
Mauritania,2010,Potatoes,67.59,28.7,92.0,2640.4,51163,52329.54,-2.2800461270840273
Mauritania,2011,Potatoes,13.35,27.87,92.0,2564.04,55446,53280.11,3.9063052339212914
Mauritania,2012,Potatoes,26.41,27.77,92.0,2554.84,57143,53092.36,7.088602278494303
Mauritania,2013,Potatoes,26.41,28.24,92.0,2598.08,62857,53270.05,15.25200057272857
Mauritania,2009,"Rice, paddy",4.29,27.57,92.0,2536.44,39894,45257.42,-13.444177069233465
Mauritania,2010,"Rice, paddy",67.59,28.7,92.0,2640.4,52310,44721.37,14.50703498375071
Mauritania,2011,"Rice, paddy",13.35,27.87,92.0,2564.04,50958,46866.83,8.028513677930842
Mauritania,2012,"Rice, paddy",26.41,27.77,92.0,2554.84,49788,46242.7,7.120792158753118
Mauritania,2013,"Rice, paddy",26.41,28.24,92.0,2598.08,49522,45850.75,7.413371834740115
Mauritania,2009,Sorghum,4.29,27.57,92.0,2536.44,4902,4743.03,3.2429620563035546
Mauritania,2010,Sorghum,67.59,28.7,92.0,2640.4,5094,4521.01,11.248331370239493
Mauritania,2011,Sorghum,13.35,27.87,92.0,2564.04,2793,4150.55,-48.60544217687075
Mauritania,2012,Sorghum,26.41,27.77,92.0,2554.84,5074,3600.77,29.03488372093023
Mauritania,2013,Sorghum,26.41,28.24,92.0,2598.08,4843,4193.82,13.404501342143305
Mauritania,2009,Sweet potatoes,4.29,27.57,92.0,2536.44,10005,15656.45,-56.48625687156422
Mauritania,2010,Sweet potatoes,67.59,28.7,92.0,2640.4,10005,19488.35,-94.78610694652673
Mauritania,2011,Sweet potatoes,13.35,27.87,92.0,2564.04,10004,14934.62,-49.286485405837674
Mauritania,2012,Sweet potatoes,26.41,27.77,92.0,2554.84,10000,11769.94,-17.699400000000004
Mauritania,2013,Sweet potatoes,26.41,28.24,92.0,2598.08,10000,13097.06,-30.970599999999994
Mauritania,2009,Wheat,4.29,27.57,92.0,2536.44,19780,19223.63,2.8127906976744135
Mauritania,2010,Wheat,67.59,28.7,92.0,2640.4,20820,20631.42,0.9057636887608153
Mauritania,2011,Wheat,13.35,27.87,92.0,2564.04,16018,19695.84,-22.96066924709702
Mauritania,2012,Wheat,26.41,27.77,92.0,2554.84,21278,19553.53,8.104474104709094
Mauritania,2013,Wheat,26.41,28.24,92.0,2598.08,21172,18292.57,13.600179482335161
Mauritania,2009,Yams,4.29,27.57,92.0,2536.44,62705,69774.48,-11.274188661191287
Mauritania,2010,Yams,67.59,28.7,92.0,2640.4,62706,70167.03,-11.89843077217491
Mauritania,2011,Yams,13.35,27.87,92.0,2564.04,62703,67914.25,-8.31100585298949
Mauritania,2012,Yams,26.41,27.77,92.0,2554.84,63830,60049.62,5.922575591414691
Mauritania,2013,Yams,26.41,28.24,92.0,2598.08,61224,60606.88,1.0079707304325143
Mauritius,2009,Cassava,749.41,24.58,2041.0,50167.78,146667,143615.23,2.080747543755575
Mauritius,2010,Cassava,731.46,24.67,2041.0,50351.47,132059,145836.6,-10.432912561809498
Mauritius,2011,Cassava,685.98,24.52,2041.0,50045.32,125000,148095.22,-18.476176
Mauritius,2012,Cassava,636.91,24.37,2041.0,49739.170000000006,125000,140042.51,-12.034008000000007
Mauritius,2013,Cassava,671.77,24.31,2041.0,49616.71,137027,160582.78,-17.190612069154255
Mauritius,2009,Maize,749.41,24.58,2041.0,50167.78,80000,78023.27,2.470912499999995
Mauritius,2010,Maize,731.46,24.67,2041.0,50351.47,68333,77916.02,-14.024000117073749
Mauritius,2011,Maize,685.98,24.52,2041.0,50045.32,74419,77834.82,-4.589983740711387
Mauritius,2012,Maize,636.91,24.37,2041.0,49739.170000000006,71207,81792.28,-14.865504795876808
Mauritius,2013,Maize,671.77,24.31,2041.0,49616.71,67957,79226.34,-16.58304516091057
Mauritius,2009,Potatoes,749.41,24.58,2041.0,50167.78,231096,225976.46,2.2153304254508988
Mauritius,2010,Potatoes,731.46,24.67,2041.0,50351.47,203649,225536.82,-10.747816095340516
Mauritius,2011,Potatoes,685.98,24.52,2041.0,50045.32,213264,228168.56,-6.988783854752794
Mauritius,2012,Potatoes,636.91,24.37,2041.0,49739.170000000006,233356,238124.38,-2.043392927544183
Mauritius,2013,Potatoes,671.77,24.31,2041.0,49616.71,236026,232833.09,1.352778931134707
Mauritius,2009,"Rice, paddy",749.41,24.58,2041.0,50167.78,29513,39026.45,-32.234777894487166
Mauritius,2010,"Rice, paddy",731.46,24.67,2041.0,50351.47,28354,38856.25,-37.039747478309934
Mauritius,2011,"Rice, paddy",685.98,24.52,2041.0,50045.32,26333,39183.18,-48.79876960467854
Mauritius,2012,"Rice, paddy",636.91,24.37,2041.0,49739.170000000006,26893,39411.06,-46.547651805302486
Mauritius,2013,"Rice, paddy",671.77,24.31,2041.0,49616.71,21250,39394.55,-85.38611764705884
Mauritius,2009,Sweet potatoes,749.41,24.58,2041.0,50167.78,123377,107597.07,12.790009483128943
Mauritius,2010,Sweet potatoes,731.46,24.67,2041.0,50351.47,114143,107237.82,6.0495869216684275
Mauritius,2011,Sweet potatoes,685.98,24.52,2041.0,50045.32,174769,106509.14,39.05718977621889
Mauritius,2012,Sweet potatoes,636.91,24.37,2041.0,49739.170000000006,152500,105155.88,31.04532459016393
Mauritius,2013,Sweet potatoes,671.77,24.31,2041.0,49616.71,133049,104557.76,21.4140955587791
Mexico,2009,Cassava,61690.08,20.785,758.0,15755.03,143440,134927.95,5.934223368655876
Mexico,2010,Cassava,63402.29,19.98625,758.0,15149.5775,131579,118990.64,9.567149773140091
Mexico,2011,Cassava,65961.1,20.5225,758.0,15556.055,127352,131952.8,-3.612664112067332
Mexico,2012,Cassava,64512.22,20.74875,758.0,15727.552500000002,122330,134474.95,-9.928022561922678
Mexico,2013,Cassava,59920.18,21.345,758.0,16179.509999999998,146398,133008.1,9.146231505894885
Mexico,2009,Maize,61690.08,20.785,758.0,15755.03,32368,30820.2,4.781883341571921
Mexico,2010,Maize,63402.29,19.98625,758.0,15149.5775,32599,32471.96,0.3897052056811586
Mexico,2011,Maize,65961.1,20.5225,758.0,15556.055,29058,32821.89,-12.953024984513728
Mexico,2012,Maize,64512.22,20.74875,758.0,15727.552500000002,31874,30966.1,2.84840308715568
Mexico,2013,Maize,59920.18,21.345,758.0,16179.509999999998,31941,30503.86,4.499358191665882
Mexico,2009,Potatoes,61690.08,20.785,758.0,15755.03,277374,247683.06,10.70429816781674
Mexico,2010,Potatoes,63402.29,19.98625,758.0,15149.5775,277578,266109.93,4.1314765579404735
Mexico,2011,Potatoes,65961.1,20.5225,758.0,15556.055,262734,263773.43,-0.39562066576841715
Mexico,2012,Potatoes,64512.22,20.74875,758.0,15727.552500000002,268098,248983.03,7.12984431066252
Mexico,2013,Potatoes,59920.18,21.345,758.0,16179.509999999998,267752,247638.76,7.511891601183181
Mexico,2009,"Rice, paddy",61690.08,20.785,758.0,15755.03,48502,48140.62,0.7450826770030048
Mexico,2010,"Rice, paddy",63402.29,19.98625,758.0,15149.5775,51901,45487.39,12.357391957765747
Mexico,2011,"Rice, paddy",65961.1,20.5225,758.0,15556.055,50962,46035.73,9.666555472705147
Mexico,2012,"Rice, paddy",64512.22,20.74875,758.0,15727.552500000002,56231,48023.2,14.596574843058105
Mexico,2013,"Rice, paddy",59920.18,21.345,758.0,16179.509999999998,54252,48140.62,11.264801297648008
Mexico,2009,Sorghum,61690.08,20.785,758.0,15755.03,36131,31357.94,13.210428717721628
Mexico,2010,Sorghum,63402.29,19.98625,758.0,15149.5775,39246,37225.0,5.149569382867044
Mexico,2011,Sorghum,65961.1,20.5225,758.0,15556.055,37202,35767.04,3.857211977850651
Mexico,2012,Sorghum,64512.22,20.74875,758.0,15727.552500000002,38295,31396.09,18.015171693432563
Mexico,2013,Sorghum,59920.18,21.345,758.0,16179.509999999998,37350,30205.42,19.128728246318612
Mexico,2009,Soybeans,61690.08,20.785,758.0,15755.03,18675,17901.98,4.139330655957164
Mexico,2010,Soybeans,63402.29,19.98625,758.0,15149.5775,10925,18367.42,-68.12283752860411
Mexico,2011,Soybeans,65961.1,20.5225,758.0,15556.055,13197,18265.35,-38.40531939077062
Mexico,2012,Soybeans,64512.22,20.74875,758.0,15727.552500000002,17389,17769.81,-2.189947668066026
Mexico,2013,Soybeans,59920.18,21.345,758.0,16179.509999999998,15198,17596.42,-15.781155415186197
Mexico,2009,Sweet potatoes,61690.08,20.785,758.0,15755.03,190454,200213.0,-5.124071954382686
Mexico,2010,Sweet potatoes,63402.29,19.98625,758.0,15149.5775,206653,198194.59,4.093049701673822
Mexico,2011,Sweet potatoes,65961.1,20.5225,758.0,15556.055,201465,206470.87,-2.484734321097955
Mexico,2012,Sweet potatoes,64512.22,20.74875,758.0,15727.552500000002,175168,201253.01,-14.891424232736577
Mexico,2013,Sweet potatoes,59920.18,21.345,758.0,16179.509999999998,183965,196362.97,-6.739309107710706
Mexico,2009,Wheat,61690.08,20.785,758.0,15755.03,49688,47001.19,5.407361938496211
Mexico,2010,Wheat,63402.29,19.98625,758.0,15149.5775,54185,48604.85,10.298329796069025
Mexico,2011,Wheat,65961.1,20.5225,758.0,15556.055,54778,49367.92,9.876373726678597
Mexico,2012,Wheat,64512.22,20.74875,758.0,15727.552500000002,56568,46983.73,16.942918257672176
Mexico,2013,Wheat,59920.18,21.345,758.0,16179.509999999998,52934,46857.58,11.479238296746889
Montenegro,2009,Maize,0.55,11.46,241.0,2761.86,38009,32284.24,15.061590675892548
Montenegro,2010,Maize,66.0,11.25,241.0,2711.25,37950,32743.06,13.720527009222657
Montenegro,2011,Maize,75.0,11.25,241.0,2711.25,42007,34647.92,17.518699264408315
Montenegro,2012,Maize,71.0,11.53,241.0,2778.73,32007,32536.7,-1.6549504795825936
Montenegro,2013,Maize,82.0,12.87,241.0,3101.6699999999996,51775,37316.06,27.926489618541773
Montenegro,2009,Potatoes,0.55,11.46,241.0,2761.86,150977,119719.54,20.703458142631
Montenegro,2010,Potatoes,66.0,11.25,241.0,2711.25,145964,116290.07,20.329622372639825
Montenegro,2011,Potatoes,75.0,11.25,241.0,2711.25,165000,116290.07,29.52116969696969
Montenegro,2012,Potatoes,71.0,11.53,241.0,2778.73,118033,116514.21,1.2867503155897024
Montenegro,2013,Potatoes,82.0,12.87,241.0,3101.6699999999996,149004,123350.14,17.216893506214596
Montenegro,2009,Wheat,0.55,11.46,241.0,2761.86,35981,29640.59,17.621550262638614
Montenegro,2010,Wheat,66.0,11.25,241.0,2711.25,34029,29453.38,13.446237033118807
Montenegro,2011,Wheat,75.0,11.25,241.0,2711.25,32024,29048.96,9.29003247564327
Montenegro,2012,Wheat,71.0,11.53,241.0,2778.73,27984,29453.38,-5.250786163522016
Montenegro,2013,Wheat,82.0,12.87,241.0,3101.6699999999996,34357,29694.94,13.56946182728411
Morocco,2009,Maize,13697.0,18.645,346.0,6451.17,9151,8365.24,8.586602557097587
Morocco,2010,Maize,13697.0,18.85,346.0,6522.1,12132,9364.72,22.80975931421036
Morocco,2011,Maize,13697.0,18.560000000000002,346.0,6421.760000000001,11533,10266.54,10.98118442729558
Morocco,2012,Maize,13697.0,18.22,346.0,6304.12,7648,8874.26,-16.033734309623433
Morocco,2013,Maize,13697.0,18.705,346.0,6471.929999999999,6632,9295.45,-40.16058504221955
Morocco,2009,Potatoes,13697.0,18.645,346.0,6451.17,195328,229409.9,-17.448548083224114
Morocco,2010,Potatoes,13697.0,18.85,346.0,6522.1,283502,229409.9,19.079971217134272
Morocco,2011,Potatoes,13697.0,18.560000000000002,346.0,6421.760000000001,297584,229409.9,22.909195386848758
Morocco,2012,Potatoes,13697.0,18.22,346.0,6304.12,279800,236803.32,15.366933523945672
Morocco,2013,Potatoes,13697.0,18.705,346.0,6471.929999999999,363561,229409.9,36.899199859170814
Morocco,2009,"Rice, paddy",13697.0,18.645,346.0,6451.17,64154,63613.45,0.8425819122735961
Morocco,2010,"Rice, paddy",13697.0,18.85,346.0,6522.1,68270,63506.56,6.977354621356382
Morocco,2011,"Rice, paddy",13697.0,18.560000000000002,346.0,6421.760000000001,70236,63276.41,9.908864400022775
Morocco,2012,"Rice, paddy",13697.0,18.22,346.0,6304.12,76015,65420.04,13.937985923830823
Morocco,2013,"Rice, paddy",13697.0,18.705,346.0,6471.929999999999,75433,63613.45,15.668937997958457
Morocco,2009,Sorghum,13697.0,18.645,346.0,6451.17,8878,6311.47,28.908875872944357
Morocco,2010,Sorghum,13697.0,18.85,346.0,6522.1,6632,6707.16,-1.1332931242460775
Morocco,2011,Sorghum,13697.0,18.560000000000002,346.0,6421.760000000001,8011,6636.85,17.15328922731244
Morocco,2012,Sorghum,13697.0,18.22,346.0,6304.12,9475,7169.47,24.33277044854881
Morocco,2013,Sorghum,13697.0,18.705,346.0,6471.929999999999,10637,6614.82,37.813105198834265
Morocco,2009,Soybeans,13697.0,18.645,346.0,6451.17,10000,10103.27,-1.0327000000000044
Morocco,2010,Soybeans,13697.0,18.85,346.0,6522.1,10000,10444.0,-4.44
Morocco,2011,Soybeans,13697.0,18.560000000000002,346.0,6421.760000000001,10000,10246.03,-2.4603000000000064
Morocco,2012,Soybeans,13697.0,18.22,346.0,6304.12,10000,9921.86,0.7813999999999942
Morocco,2013,Soybeans,13697.0,18.705,346.0,6471.929999999999,10000,10274.77,-2.7477000000000045
Morocco,2009,Sweet potatoes,13697.0,18.645,346.0,6451.17,170964,170933.74,0.017699632671211083
Morocco,2010,Sweet potatoes,13697.0,18.85,346.0,6522.1,166600,171845.73,-3.148697478991603
Morocco,2011,Sweet potatoes,13697.0,18.560000000000002,346.0,6421.760000000001,213115,176873.42,17.005644839640564
Morocco,2012,Sweet potatoes,13697.0,18.22,346.0,6304.12,270783,170511.26,37.030293629954606
Morocco,2013,Sweet potatoes,13697.0,18.705,346.0,6471.929999999999,245134,171845.73,29.89722763876084
Morocco,2009,Wheat,13697.0,18.645,346.0,6451.17,21398,14656.71,31.50429946723993
Morocco,2010,Wheat,13697.0,18.85,346.0,6522.1,17095,14827.35,13.26498976308862
Morocco,2011,Wheat,13697.0,18.560000000000002,346.0,6421.760000000001,19488,14721.43,24.45900041050903
Morocco,2012,Wheat,13697.0,18.22,346.0,6304.12,12342,13610.73,-10.279776373359258
Morocco,2013,Wheat,13697.0,18.705,346.0,6471.929999999999,21640,14656.71,32.2702865064695
Mozambique,2009,Cassava,914.92,21.7,1032.0,22394.399999999998,45215,54830.34,-21.265818865420762
Mozambique,2010,Cassava,1187.1,22.1,1032.0,22807.2,77638,50987.19,34.32701769751925
Mozambique,2011,Cassava,766.93,21.69,1032.0,22384.08,78029,53913.23,30.90616309320893
Mozambique,2012,Cassava,766.93,21.92,1032.0,22621.440000000002,107501,51286.79,52.291801936726166
Mozambique,2013,Cassava,766.93,21.37,1032.0,22053.84,46115,53373.17,-15.73928222920958
Mozambique,2009,Maize,914.92,21.7,1032.0,22394.399999999998,10000,7607.12,23.9288
Mozambique,2010,Maize,1187.1,22.1,1032.0,22807.2,12024,13082.77,-8.805472388556225
Mozambique,2011,Maize,766.93,21.69,1032.0,22384.08,12020,7676.62,36.134608985024954
Mozambique,2012,Maize,766.93,21.92,1032.0,22621.440000000002,14980,7339.88,51.00213618157543
Mozambique,2013,Maize,766.93,21.37,1032.0,22053.84,6814,7551.38,-10.821543880246551
Mozambique,2009,Potatoes,914.92,21.7,1032.0,22394.399999999998,145000,140132.32,3.357020689655168
Mozambique,2010,Potatoes,1187.1,22.1,1032.0,22807.2,142467,151785.09,-6.540525174250876
Mozambique,2011,Potatoes,766.93,21.69,1032.0,22384.08,142473,136931.47,3.88952994602486
Mozambique,2012,Potatoes,766.93,21.92,1032.0,22621.440000000002,143961,137073.49,4.784288800439014
Mozambique,2013,Potatoes,766.93,21.37,1032.0,22053.84,135526,132525.71,2.213811371987669
Mozambique,2009,"Rice, paddy",914.92,21.7,1032.0,22394.399999999998,9835,3365.67,65.77864768683274
Mozambique,2010,"Rice, paddy",1187.1,22.1,1032.0,22807.2,11365,10566.74,7.023845138583372
Mozambique,2011,"Rice, paddy",766.93,21.69,1032.0,22384.08,11366,3317.56,70.81154319901461
Mozambique,2012,"Rice, paddy",766.93,21.92,1032.0,22621.440000000002,5589,3365.91,39.77616747181965
Mozambique,2013,"Rice, paddy",766.93,21.37,1032.0,22053.84,2824,4061.93,-43.836048158640224
Mozambique,2009,Sorghum,914.92,21.7,1032.0,22394.399999999998,6224,4376.47,29.683965295629815
Mozambique,2010,Sorghum,1187.1,22.1,1032.0,22807.2,6089,8369.91,-37.45951716209558
Mozambique,2011,Sorghum,766.93,21.69,1032.0,22384.08,6412,4244.78,33.79943855271367
Mozambique,2012,Sorghum,766.93,21.92,1032.0,22621.440000000002,4532,4113.08,9.243601059135042
Mozambique,2013,Sorghum,766.93,21.37,1032.0,22053.84,3572,4248.01,-18.925251959686456
Mozambique,2009,Sweet potatoes,914.92,21.7,1032.0,22394.399999999998,104287,86681.91,16.881385024020247
Mozambique,2010,Sweet potatoes,1187.1,22.1,1032.0,22807.2,111841,86105.32,23.010953049418365
Mozambique,2011,Sweet potatoes,766.93,21.69,1032.0,22384.08,118660,85149.58,28.240704533962578
Mozambique,2012,Sweet potatoes,766.93,21.92,1032.0,22621.440000000002,164573,89295.33,45.74120299198532
Mozambique,2013,Sweet potatoes,766.93,21.37,1032.0,22053.84,209796,84209.9,59.861055501534835
Mozambique,2009,Wheat,914.92,21.7,1032.0,22394.399999999998,12500,12438.84,0.48927999999999877
Mozambique,2010,Wheat,1187.1,22.1,1032.0,22807.2,13367,26813.14,-100.59205506097103
Mozambique,2011,Wheat,766.93,21.69,1032.0,22384.08,17042,12091.21,29.05052223917381
Mozambique,2012,Wheat,766.93,21.92,1032.0,22621.440000000002,9958,11927.64,-19.77947378991765
Mozambique,2013,Wheat,766.93,21.37,1032.0,22053.84,10951,12182.61,-11.246552826225921
Namibia,2009,Maize,56.0,20.02,285.0,5705.7,21130,20232.98,4.2452437292948435
Namibia,2010,Maize,56.0,20.62,285.0,5876.700000000001,19882,18622.93,6.3327130067397635
Namibia,2011,Maize,56.0,19.26,285.0,5489.1,19297,20330.66,-5.356583924962428
Namibia,2012,Maize,56.0,20.11,285.0,5731.349999999999,18999,20149.42,-6.055160797936724
Namibia,2013,Maize,56.0,20.73,285.0,5908.05,18683,18891.71,-1.1171118128780129
Namibia,2009,Potatoes,56.0,20.02,285.0,5705.7,130495,135263.19,-3.6539254377562376
Namibia,2010,Potatoes,56.0,20.62,285.0,5876.700000000001,121175,157838.2,-30.25640602434497
Namibia,2011,Potatoes,56.0,19.26,285.0,5489.1,119667,115483.15,3.496243743053645
Namibia,2012,Potatoes,56.0,20.11,285.0,5731.349999999999,120805,133346.43,-10.381548776954592
Namibia,2013,Potatoes,56.0,20.73,285.0,5908.05,120727,152096.95,-25.984204030581402
Namibia,2009,Sorghum,56.0,20.02,285.0,5705.7,2382,3754.88,-57.63560033585223
Namibia,2010,Sorghum,56.0,20.62,285.0,5876.700000000001,2901,2834.15,2.304377800758356
Namibia,2011,Sorghum,56.0,19.26,285.0,5489.1,2931,3481.69,-18.7884680996247
Namibia,2012,Sorghum,56.0,20.11,285.0,5731.349999999999,2862,3766.85,-31.61600279524808
Namibia,2013,Sorghum,56.0,20.73,285.0,5908.05,2860,2801.68,2.039160839160845
Namibia,2009,Wheat,56.0,20.02,285.0,5705.7,67214,56939.62,15.286071354182159
Namibia,2010,Wheat,56.0,20.62,285.0,5876.700000000001,61022,50842.79,16.68121333289633
Namibia,2011,Wheat,56.0,19.26,285.0,5489.1,61267,57854.57,5.569768390813978
Namibia,2012,Wheat,56.0,20.11,285.0,5731.349999999999,61692,57350.97,7.036617389612913
Namibia,2013,Wheat,56.0,20.73,285.0,5908.05,62084,55524.43,10.56563687906707
Nepal,2009,Maize,209.52,15.91,1500.0,23865.0,22054,23495.85,-6.537816269157516
Nepal,2010,Maize,332.01,15.96,1500.0,23940.0,21186,23439.85,-10.638393278580189
Nepal,2011,Maize,342.92,15.12,1500.0,22680.0,22814,21336.84,6.474796177785571
Nepal,2012,Maize,410.32,15.2,1500.0,22800.0,25011,22174.3,11.341809603774342
Nepal,2013,Maize,454.53,15.79,1500.0,23685.0,23528,24258.62,-3.1053213192791524
Nepal,2009,Potatoes,209.52,15.91,1500.0,23865.0,133263,127001.88,4.698318362936446
Nepal,2010,Potatoes,332.01,15.96,1500.0,23940.0,135841,127648.23,6.031146708283953
Nepal,2011,Potatoes,342.92,15.12,1500.0,22680.0,137352,125161.15,8.875626128487395
Nepal,2012,Potatoes,410.32,15.2,1500.0,22800.0,135837,127677.73,6.006662396843279
Nepal,2013,Potatoes,454.53,15.79,1500.0,23685.0,136408,131561.18,3.553178699196533
Nepal,2009,"Rice, paddy",209.52,15.91,1500.0,23865.0,29074,28666.93,1.400116942973102
Nepal,2010,"Rice, paddy",332.01,15.96,1500.0,23940.0,27164,28626.7,-5.384700338683555
Nepal,2011,"Rice, paddy",342.92,15.12,1500.0,22680.0,29805,27312.8,8.361684281160882
Nepal,2012,"Rice, paddy",410.32,15.2,1500.0,22800.0,33120,27731.1,16.270833333333336
Nepal,2013,"Rice, paddy",454.53,15.79,1500.0,23685.0,31709,28044.41,11.556939670125201
Nepal,2009,Soybeans,209.52,15.91,1500.0,23865.0,9139,8656.51,5.279461647882698
Nepal,2010,Soybeans,332.01,15.96,1500.0,23940.0,9206,10493.6,-13.986530523571588
Nepal,2011,Soybeans,342.92,15.12,1500.0,22680.0,9659,9591.86,0.6951030127342315
Nepal,2012,Soybeans,410.32,15.2,1500.0,22800.0,9654,10992.09,-13.860472343070231
Nepal,2013,Soybeans,454.53,15.79,1500.0,23685.0,11719,11808.24,-0.761498421367009
Nepal,2009,Wheat,209.52,15.91,1500.0,23865.0,19338,22951.65,-18.68678250077568
Nepal,2010,Wheat,332.01,15.96,1500.0,23940.0,21289,22584.58,-6.085678049697035
Nepal,2011,Wheat,342.92,15.12,1500.0,22680.0,22747,23123.34,-1.6544599287818178
Nepal,2012,Wheat,410.32,15.2,1500.0,22800.0,24123,23080.3,4.322430875098457
Nepal,2013,Wheat,454.53,15.79,1500.0,23685.0,22902,23617.48,-3.1240939655925226
Netherlands,2009,Maize,9857.2,10.33,778.0,8036.74,129954,101246.71,22.09034735367899
Netherlands,2010,Maize,9586.03,8.84,778.0,6877.5199999999995,117673,100821.72,14.320430345108903
Netherlands,2011,Maize,10953.91,10.73,778.0,8347.94,123355,107057.94,13.211511491224512
Netherlands,2012,Maize,11348.39,10.08,778.0,7842.24,123420,107832.11,12.629954626478689
Netherlands,2013,Maize,10720.17,9.54,778.0,7422.119999999999,119446,102746.47,13.98081978467257
Netherlands,2009,Potatoes,9857.2,10.33,778.0,8036.74,463376,444813.14,4.00600376368219
Netherlands,2010,Potatoes,9586.03,8.84,778.0,6877.5199999999995,435980,426843.23,2.095685581907431
Netherlands,2011,Potatoes,10953.91,10.73,778.0,8347.94,460550,449421.45,2.416360872869393
Netherlands,2012,Potatoes,11348.39,10.08,778.0,7842.24,451734,437678.18,3.1115258094365283
Netherlands,2013,Potatoes,10720.17,9.54,778.0,7422.119999999999,422075,428864.81,-1.6086738138956342
Netherlands,2009,Wheat,9857.2,10.33,778.0,8036.74,92919,83418.84,10.224130694475837
Netherlands,2010,Wheat,9586.03,8.84,778.0,6877.5199999999995,89092,83282.74,6.520518116104696
Netherlands,2011,Wheat,10953.91,10.73,778.0,8347.94,77812,84222.84,-8.238883462704976
Netherlands,2012,Wheat,11348.39,10.08,778.0,7842.24,85870,84451.09,1.6523931524397386
Netherlands,2013,Wheat,10720.17,9.54,778.0,7422.119999999999,87412,85780.81,1.8660939001510117
New Zealand,2009,Maize,5086.0,12.84,1732.0,22238.88,110327,109448.05,0.7966771506521496
New Zealand,2010,Maize,5086.0,13.54,1732.0,23451.28,107597,108633.57,-0.9633818786769213
New Zealand,2011,Maize,5086.0,13.46,1732.0,23312.72,113842,108492.5,4.699056587199803
New Zealand,2012,Maize,5086.0,12.89,1732.0,22325.48,108647,109448.05,-0.7372960136957328
New Zealand,2013,Maize,5086.0,13.57,1732.0,23503.24,108209,108500.31,-0.26921050929220086
New Zealand,2009,Potatoes,5086.0,12.84,1732.0,22238.88,478154,457021.78,4.419542657804802
New Zealand,2010,Potatoes,5086.0,13.54,1732.0,23451.28,495751,462920.13,6.622451593642776
New Zealand,2011,Potatoes,5086.0,13.46,1732.0,23312.72,490361,465283.21,5.114148555859862
New Zealand,2012,Potatoes,5086.0,12.89,1732.0,22325.48,484810,457021.78,5.731775334667184
New Zealand,2013,Potatoes,5086.0,13.57,1732.0,23503.24,482926,462920.13,4.142636760083325
New Zealand,2009,Sweet potatoes,5086.0,12.84,1732.0,22238.88,119691,151371.56,-26.468623371849176
New Zealand,2010,Sweet potatoes,5086.0,13.54,1732.0,23451.28,117803,121581.54,-3.2075074488765085
New Zealand,2011,Sweet potatoes,5086.0,13.46,1732.0,23312.72,117785,122403.73,-3.921322749076704
New Zealand,2012,Sweet potatoes,5086.0,12.89,1732.0,22325.48,116046,155214.24,-33.75233958947313
New Zealand,2013,Sweet potatoes,5086.0,13.57,1732.0,23503.24,113617,122353.11,-7.689087020428281
New Zealand,2009,Wheat,5086.0,12.84,1732.0,22238.88,74918,71474.98,4.595717984996935
New Zealand,2010,Wheat,5086.0,13.54,1732.0,23451.28,81241,80382.28,1.0570032372816696
New Zealand,2011,Wheat,5086.0,13.46,1732.0,23312.72,72858,80761.38,-10.847648851189993
New Zealand,2012,Wheat,5086.0,12.89,1732.0,22325.48,89245,71474.98,19.911502044932494
New Zealand,2013,Wheat,5086.0,13.57,1732.0,23503.24,91053,80177.26,11.944406005293626
Nicaragua,2009,Cassava,9387.95,27.23,2280.0,62084.4,87123,95601.88,-9.732079932968338
Nicaragua,2010,Cassava,12242.19,27.01,2280.0,61582.8,88492,93903.24,-6.114948243909059
Nicaragua,2011,Cassava,4932.05,26.94,2280.0,61423.200000000004,78727,100714.82,-27.929198369047477
Nicaragua,2012,Cassava,4413.82,26.91,2280.0,61354.8,76993,107446.53,-39.55363474601587
Nicaragua,2013,Cassava,4413.82,27.26,2280.0,62152.8,78931,102315.51,-29.62652189887369
Nicaragua,2009,Maize,9387.95,27.23,2280.0,62084.4,15605,14078.98,9.779045177827623
Nicaragua,2010,Maize,12242.19,27.01,2280.0,61582.8,13393,16797.79,-25.422160830284486
Nicaragua,2011,Maize,4932.05,26.94,2280.0,61423.200000000004,14101,14257.86,-1.1124033756471214
Nicaragua,2012,Maize,4413.82,26.91,2280.0,61354.8,13493,14640.31,-8.503001556362555
Nicaragua,2013,Maize,4413.82,27.26,2280.0,62152.8,11809,14774.11,-25.108899991531885
Nicaragua,2009,Plantains and others,9387.95,27.23,2280.0,62084.4,98525,100689.4,-2.1968028419182892
Nicaragua,2010,Plantains and others,12242.19,27.01,2280.0,61582.8,104461,95735.2,8.353165296139231
Nicaragua,2011,Plantains and others,4932.05,26.94,2280.0,61423.200000000004,104826,98313.65,6.212533150172673
Nicaragua,2012,Plantains and others,4413.82,26.91,2280.0,61354.8,97059,98756.74,-1.7491834863330606
Nicaragua,2013,Plantains and others,4413.82,27.26,2280.0,62152.8,110413,99546.44,9.841739650222344
Nicaragua,2009,Potatoes,9387.95,27.23,2280.0,62084.4,134615,138669.9,-3.0122200349143813
Nicaragua,2010,Potatoes,12242.19,27.01,2280.0,61582.8,134615,141262.52,-4.938171823348059
Nicaragua,2011,Potatoes,4932.05,26.94,2280.0,61423.200000000004,168339,140648.52,16.449236362340283
Nicaragua,2012,Potatoes,4413.82,26.91,2280.0,61354.8,169329,140055.4,17.288001464604413
Nicaragua,2013,Potatoes,4413.82,27.26,2280.0,62152.8,170847,140150.04,17.967514793938435
Nicaragua,2009,"Rice, paddy",9387.95,27.23,2280.0,62084.4,45355,39175.3,13.625179142321677
Nicaragua,2010,"Rice, paddy",12242.19,27.01,2280.0,61582.8,51406,39477.64,23.20421740652842
Nicaragua,2011,"Rice, paddy",4932.05,26.94,2280.0,61423.200000000004,41177,39759.31,3.4429171624936306
Nicaragua,2012,"Rice, paddy",4413.82,26.91,2280.0,61354.8,37753,39903.69,-5.696739331973625
Nicaragua,2013,"Rice, paddy",4413.82,27.26,2280.0,62152.8,49680,39041.09,21.414875201288254
Nicaragua,2009,Sorghum,9387.95,27.23,2280.0,62084.4,18059,19636.44,-8.734924414419396
Nicaragua,2010,Sorghum,12242.19,27.01,2280.0,61582.8,16630,19222.6,-15.589897775105221
Nicaragua,2011,Sorghum,4932.05,26.94,2280.0,61423.200000000004,19105,19154.17,-0.2573671813661254
Nicaragua,2012,Sorghum,4413.82,26.91,2280.0,61354.8,19866,18884.69,4.939645625692144
Nicaragua,2013,Sorghum,4413.82,27.26,2280.0,62152.8,18259,19591.32,-7.296785147050768
Nicaragua,2009,Soybeans,9387.95,27.23,2280.0,62084.4,22908,20839.33,9.030338746289498
Nicaragua,2010,Soybeans,12242.19,27.01,2280.0,61582.8,22090,19686.4,10.880941602535078
Nicaragua,2011,Soybeans,4932.05,26.94,2280.0,61423.200000000004,20144,20090.92,0.263502779984123
Nicaragua,2012,Soybeans,4413.82,26.91,2280.0,61354.8,18285,20160.0,-10.254306808859722
Nicaragua,2013,Soybeans,4413.82,27.26,2280.0,62152.8,21034,20563.5,2.236854616335457
Nicaragua,2009,Yams,9387.95,27.23,2280.0,62084.4,133205,133027.82,0.13301302503659246
Nicaragua,2010,Yams,12242.19,27.01,2280.0,61582.8,133274,133039.1,0.17625343277758165
Nicaragua,2011,Yams,4932.05,26.94,2280.0,61423.200000000004,133333,132976.25,0.2675631689079223
Nicaragua,2012,Yams,4413.82,26.91,2280.0,61354.8,133333,132971.75,0.27093817734544334
Nicaragua,2013,Yams,4413.82,27.26,2280.0,62152.8,133333,132968.05,0.2737131842829694
Niger,2009,Cassava,7.32,30.32,151.0,4578.32,159918,157959.54,1.2246651408846982
Niger,2010,Cassava,11.49,30.32,151.0,4578.32,217784,157550.66,27.657376115784444
Niger,2011,Cassava,10.59,30.1,151.0,4545.1,107514,157460.21,-46.45554067377271
Niger,2012,Cassava,21.37,29.61,151.0,4471.11,160606,168819.55,-5.114099099660031
Niger,2013,Cassava,21.37,30.42,151.0,4593.42,199719,156815.69,21.481836980958242
Niger,2009,Maize,7.32,30.32,151.0,4578.32,9014,10069.86,-11.71355668959397
Niger,2010,Maize,11.49,30.32,151.0,4578.32,7869,9990.35,-26.95831744821452
Niger,2011,Maize,10.59,30.1,151.0,4545.1,8405,10083.65,-19.972040452111834
Niger,2012,Maize,21.37,29.61,151.0,4471.11,10437,8021.61,23.142569703937916
Niger,2013,Maize,21.37,30.42,151.0,4593.42,12326,10044.74,18.50770728541295
Niger,2009,Potatoes,7.32,30.32,151.0,4578.32,172504,144957.66,15.968522469044194
Niger,2010,Potatoes,11.49,30.32,151.0,4578.32,170183,144500.39,15.091172443781097
Niger,2011,Potatoes,10.59,30.1,151.0,4545.1,161890,145152.15,10.339026499474956
Niger,2012,Potatoes,21.37,29.61,151.0,4471.11,242957,148806.6,38.751877904320516
Niger,2013,Potatoes,21.37,30.42,151.0,4593.42,256815,138275.92,46.15738177287152
Niger,2009,"Rice, paddy",7.32,30.32,151.0,4578.32,43571,36752.67,15.648780151935926
Niger,2010,"Rice, paddy",11.49,30.32,151.0,4578.32,54407,36722.48,32.50412630727663
Niger,2011,"Rice, paddy",10.59,30.1,151.0,4545.1,54739,36752.67,32.85834596905315
Niger,2012,"Rice, paddy",21.37,29.61,151.0,4471.11,57490,36632.18,36.280779265959296
Niger,2013,"Rice, paddy",21.37,30.42,151.0,4593.42,62834,36692.99,41.60328802877423
Niger,2009,Sorghum,7.32,30.32,151.0,4578.32,2903,3980.59,-37.119875990354814
Niger,2010,Sorghum,11.49,30.32,151.0,4578.32,3919,3980.59,-1.5715743812197025
Niger,2011,Sorghum,10.59,30.1,151.0,4545.1,2676,3980.59,-48.75149476831091
Niger,2012,Sorghum,21.37,29.61,151.0,4471.11,4422,3559.3,19.509271822704655
Niger,2013,Sorghum,21.37,30.42,151.0,4593.42,3703,3915.87,-5.748582230623816
Niger,2009,Sweet potatoes,7.32,30.32,151.0,4578.32,160230,167886.85,-4.778661923484994
Niger,2010,Sweet potatoes,11.49,30.32,151.0,4578.32,161324,167725.17,-3.9678969031266353
Niger,2011,Sweet potatoes,10.59,30.1,151.0,4545.1,151699,167725.17,-10.56445329237504
Niger,2012,Sweet potatoes,21.37,29.61,151.0,4471.11,200362,164850.98,17.723430590630954
Niger,2013,Sweet potatoes,21.37,30.42,151.0,4593.42,211608,166433.25,21.34831858908926
Niger,2009,Wheat,7.32,30.32,151.0,4578.32,18696,17486.82,6.467586649550708
Niger,2010,Wheat,11.49,30.32,151.0,4578.32,19868,17431.04,12.2657539762432
Niger,2011,Wheat,10.59,30.1,151.0,4545.1,19770,17502.37,11.470055639858376
Niger,2012,Wheat,21.37,29.61,151.0,4471.11,16537,17996.41,-8.825119429158855
Niger,2013,Wheat,21.37,30.42,151.0,4593.42,30090,16694.79,44.51714855433699
Norway,2009,Potatoes,534.56,3.31,1414.0,4680.34,241836,242698.96,-0.35683686465207487
Norway,2010,Potatoes,698.98,1.3,1414.0,1838.2,251662,247269.99,1.7452018977835388
Norway,2011,Potatoes,823.96,4.14,1414.0,5853.959999999999,229141,265374.63,-15.81280958012752
Norway,2012,Potatoes,813.93,3.09,1414.0,4369.26,240527,261603.89,-8.762795860755764
Norway,2013,Potatoes,761.97,3.5,1414.0,4949.0,251702,257860.63,-2.4467942249167685
Norway,2009,Wheat,534.56,3.31,1414.0,4680.34,34069,45191.03,-32.64560157327775
Norway,2010,Wheat,698.98,1.3,1414.0,1838.2,45975,44562.26,3.072843936922236
Norway,2011,Wheat,823.96,4.14,1414.0,5853.959999999999,38517,47929.73,-24.437858607887435
Norway,2012,Wheat,813.93,3.09,1414.0,4369.26,41011,46030.96,-12.2405208358733
Norway,2013,Wheat,761.97,3.5,1414.0,4949.0,38841,45297.16,-16.622023119899083
Pakistan,2009,Maize,3957.61,24.763333333333335,494.0,12233.086666666668,34879,27321.92,21.666561541328598
Pakistan,2010,Maize,2968.44,24.885555555555555,494.0,12293.464444444444,38052,26711.56,29.802480815725847
Pakistan,2011,Maize,1979.27,24.48,494.0,12093.12,39897,28153.07,29.435621725944305
Pakistan,2012,Maize,990.09,24.20777777777778,494.0,11958.642222222223,39830,20532.17,48.450489580718056
Pakistan,2013,Maize,0.92,25.242222222222225,494.0,12469.657777777778,42313,7912.77,81.2994351617706
Pakistan,2009,Potatoes,3957.61,24.763333333333335,494.0,12233.086666666668,202848,172012.25,15.201406964820949
Pakistan,2010,Potatoes,2968.44,24.885555555555555,494.0,12293.464444444444,226823,167851.32,25.998985993483902
Pakistan,2011,Potatoes,1979.27,24.48,494.0,12093.12,219196,152504.24,30.425628204894256
Pakistan,2012,Potatoes,990.09,24.20777777777778,494.0,11958.642222222223,183405,164798.86,10.144837926992183
Pakistan,2013,Potatoes,0.92,25.242222222222225,494.0,12469.657777777778,218059,171821.82,21.203976905332958
Pakistan,2009,"Rice, paddy",3957.61,24.763333333333335,494.0,12233.086666666668,35809,33471.57,6.52749308832975
Pakistan,2010,"Rice, paddy",2968.44,24.885555555555555,494.0,12293.464444444444,30588,32695.18,-6.888910683928338
Pakistan,2011,"Rice, paddy",1979.27,24.48,494.0,12093.12,35939,32837.92,8.628732018141855
Pakistan,2012,"Rice, paddy",990.09,24.20777777777778,494.0,11958.642222222223,35966,25612.24,28.787632764277372
Pakistan,2013,"Rice, paddy",0.92,25.242222222222225,494.0,12469.657777777778,37528,26723.67,28.790050095928375
Pakistan,2009,Sorghum,3957.61,24.763333333333335,494.0,12233.086666666668,6204,5872.59,5.3418762088974825
Pakistan,2010,Sorghum,2968.44,24.885555555555555,494.0,12293.464444444444,6171,5429.24,12.02009398800843
Pakistan,2011,Sorghum,1979.27,24.48,494.0,12093.12,6417,5566.8,13.24918186068256
Pakistan,2012,Sorghum,990.09,24.20777777777778,494.0,11958.642222222223,6203,6939.66,-11.875866516201835
Pakistan,2013,Sorghum,0.92,25.242222222222225,494.0,12469.657777777778,5987,7864.34,-31.356940036746284
Pakistan,2009,Soybeans,3957.61,24.763333333333335,494.0,12233.086666666668,6078,8389.3,-38.02731161566303
Pakistan,2010,Soybeans,2968.44,24.885555555555555,494.0,12293.464444444444,5730,10130.16,-76.79162303664921
Pakistan,2011,Soybeans,1979.27,24.48,494.0,12093.12,6953,9989.65,-43.673953689055075
Pakistan,2012,Soybeans,990.09,24.20777777777778,494.0,11958.642222222223,7901,9814.66,-24.220478420453105
Pakistan,2013,Soybeans,0.92,25.242222222222225,494.0,12469.657777777778,7222,9430.55,-30.580864026585424
Pakistan,2009,Sweet potatoes,3957.61,24.763333333333335,494.0,12233.086666666668,114254,112140.84,1.8495282440877374
Pakistan,2010,Sweet potatoes,2968.44,24.885555555555555,494.0,12293.464444444444,109417,95147.1,13.041757679336843
Pakistan,2011,Sweet potatoes,1979.27,24.48,494.0,12093.12,99623,97953.34,1.675978438713955
Pakistan,2012,Sweet potatoes,990.09,24.20777777777778,494.0,11958.642222222223,86553,102599.67,-18.53970399639527
Pakistan,2013,Sweet potatoes,0.92,25.242222222222225,494.0,12469.657777777778,88711,115106.18,-29.754122938530724
Pakistan,2009,Wheat,3957.61,24.763333333333335,494.0,12233.086666666668,26568,25870.19,2.6265055706112665
Pakistan,2010,Wheat,2968.44,24.885555555555555,494.0,12293.464444444444,25528,26587.4,-4.149952992792234
Pakistan,2011,Wheat,1979.27,24.48,494.0,12093.12,28328,26878.77,5.115892403275909
Pakistan,2012,Wheat,990.09,24.20777777777778,494.0,11958.642222222223,27138,14715.41,45.77562827032206
Pakistan,2013,Wheat,0.92,25.242222222222225,494.0,12469.657777777778,27957,11994.2,57.09768573165933
Papua New Guinea,2009,Cassava,105.0,25.08,3142.0,78801.36,100000,100833.02,-0.8330200000000041
Papua New Guinea,2010,Cassava,105.0,25.74,3142.0,80875.08,99665,103079.58,-3.4260572919279606
Papua New Guinea,2011,Cassava,105.0,25.17,3142.0,79084.14,99179,100634.53,-1.4675788221296835
Papua New Guinea,2012,Cassava,105.0,25.14,3142.0,78989.88,98926,100801.27,-1.8956290560621112
Papua New Guinea,2013,Cassava,105.0,25.44,3142.0,79932.48000000001,98663,103440.59,-4.842331978553253
Papua New Guinea,2009,Maize,105.0,25.08,3142.0,78801.36,47718,45253.05,5.165660756947058
Papua New Guinea,2010,Maize,105.0,25.74,3142.0,80875.08,50000,47291.3,5.417399999999994
Papua New Guinea,2011,Maize,105.0,25.17,3142.0,79084.14,57778,45790.61,20.747325971823187
Papua New Guinea,2012,Maize,105.0,25.14,3142.0,78989.88,47619,45665.22,4.102942102942101
Papua New Guinea,2013,Maize,105.0,25.44,3142.0,79932.48000000001,54545,47256.44,13.362471353927946
Papua New Guinea,2009,Potatoes,105.0,25.08,3142.0,78801.36,47512,46445.17,2.2453906381545754
Papua New Guinea,2010,Potatoes,105.0,25.74,3142.0,80875.08,48585,45573.4,6.198620973551504
Papua New Guinea,2011,Potatoes,105.0,25.17,3142.0,79084.14,50272,45980.6,8.5363621896881
Papua New Guinea,2012,Potatoes,105.0,25.14,3142.0,78989.88,52632,45966.21,12.664899680802556
Papua New Guinea,2013,Potatoes,105.0,25.44,3142.0,79932.48000000001,61538,46378.24,24.63479476096071
Papua New Guinea,2009,"Rice, paddy",105.0,25.08,3142.0,78801.36,19979,19867.01,0.5605385654937765
Papua New Guinea,2010,"Rice, paddy",105.0,25.74,3142.0,80875.08,20122,19685.0,2.171752310903489
Papua New Guinea,2011,"Rice, paddy",105.0,25.17,3142.0,79084.14,20264,19919.52,1.6999605211211979
Papua New Guinea,2012,"Rice, paddy",105.0,25.14,3142.0,78989.88,20407,19919.52,2.3887881609251704
Papua New Guinea,2013,"Rice, paddy",105.0,25.44,3142.0,79932.48000000001,20549,19754.31,3.8672928123022956
Papua New Guinea,2009,Sorghum,105.0,25.08,3142.0,78801.36,38182,34115.83,10.649442145513587
Papua New Guinea,2010,Sorghum,105.0,25.74,3142.0,80875.08,38584,33658.92,12.764565623056193
Papua New Guinea,2011,Sorghum,105.0,25.17,3142.0,79084.14,37895,34378.74,9.278955007256899
Papua New Guinea,2012,Sorghum,105.0,25.14,3142.0,78989.88,38338,34378.74,10.327247117742193
Papua New Guinea,2013,Sorghum,105.0,25.44,3142.0,79932.48000000001,39020,33612.33,13.858713480266527
Papua New Guinea,2009,Sweet potatoes,105.0,25.08,3142.0,78801.36,49583,68162.39,-37.471290563297906
Papua New Guinea,2010,Sweet potatoes,105.0,25.74,3142.0,80875.08,49994,68690.7,-37.39788774652958
Papua New Guinea,2011,Sweet potatoes,105.0,25.17,3142.0,79084.14,50469,68166.74,-35.066555707464
Papua New Guinea,2012,Sweet potatoes,105.0,25.14,3142.0,78989.88,50681,68166.74,-34.50156863518874
Papua New Guinea,2013,Sweet potatoes,105.0,25.44,3142.0,79932.48000000001,50887,67915.0,-33.46237742448955
Papua New Guinea,2009,Yams,105.0,25.08,3142.0,78801.36,165128,165641.73,-0.31111016908096173
Papua New Guinea,2010,Yams,105.0,25.74,3142.0,80875.08,171053,166560.81,2.62619772818951
Papua New Guinea,2011,Yams,105.0,25.17,3142.0,79084.14,174359,165945.38,4.825457819785612
Papua New Guinea,2012,Yams,105.0,25.14,3142.0,78989.88,172500,165945.38,3.799779710144925
Papua New Guinea,2013,Yams,105.0,25.44,3142.0,79932.48000000001,175000,166606.54,4.796262857142852
Peru,2009,Cassava,11531.33,17.4,1738.0,30241.199999999997,116481,111853.44,3.972802431297806
Peru,2010,Cassava,15590.54,16.97,1738.0,29493.859999999997,117650,112350.99,4.504045898852524
Peru,2011,Cassava,15436.91,17.03,1738.0,29598.140000000003,118328,112441.35,4.97485802176999
Peru,2012,Cassava,18885.82,17.68,1738.0,30727.84,121015,106210.65,12.233483452464574
Peru,2013,Cassava,17942.97,17.0,1738.0,29546.0,121025,114366.16,5.5020367692625465
Peru,2009,Maize,11531.33,17.4,1738.0,30241.199999999997,30290,28631.37,5.475833608451638
Peru,2010,Maize,15590.54,16.97,1738.0,29493.859999999997,30999,28643.69,7.598019290944874
Peru,2011,Maize,15436.91,17.03,1738.0,29598.140000000003,31866,28698.38,9.940438084478751
Peru,2012,Maize,18885.82,17.68,1738.0,30727.84,33084,28983.35,12.394662072300815
Peru,2013,Maize,17942.97,17.0,1738.0,29546.0,32686,28610.49,12.468671602520951
Peru,2009,Plantains and others,11531.33,17.4,1738.0,30241.199999999997,119284,121441.41,-1.8086331779618419
Peru,2010,Plantains and others,15590.54,16.97,1738.0,29493.859999999997,128578,91883.19,28.538949120378287
Peru,2011,Plantains and others,15436.91,17.03,1738.0,29598.140000000003,132389,91689.76,30.742161357816737
Peru,2012,Plantains and others,18885.82,17.68,1738.0,30727.84,137377,92126.07,32.93923291380653
Peru,2013,Plantains and others,17942.97,17.0,1738.0,29546.0,128177,91236.43,28.819967700913583
Peru,2009,Potatoes,11531.33,17.4,1738.0,30241.199999999997,133353,128585.61,3.575015185260174
Peru,2010,Potatoes,15590.54,16.97,1738.0,29493.859999999997,131588,134086.02,-1.8983645925160268
Peru,2011,Potatoes,15436.91,17.03,1738.0,29598.140000000003,137379,134934.99,1.7790273622606143
Peru,2012,Potatoes,18885.82,17.68,1738.0,30727.84,143316,132714.03,7.397617851461108
Peru,2013,Potatoes,17942.97,17.0,1738.0,29546.0,144125,136360.47,5.387358196010407
Peru,2009,"Rice, paddy",11531.33,17.4,1738.0,30241.199999999997,73926,72176.12,2.367069772475184
Peru,2010,"Rice, paddy",15590.54,16.97,1738.0,29493.859999999997,72850,70927.46,2.6390391214824898
Peru,2011,"Rice, paddy",15436.91,17.03,1738.0,29598.140000000003,72980,71697.43,1.7574266922444601
Peru,2012,"Rice, paddy",18885.82,17.68,1738.0,30727.84,77851,70973.23,8.834530063839905
Peru,2013,"Rice, paddy",17942.97,17.0,1738.0,29546.0,77112,71072.59,7.831997613860363
Peru,2009,Sorghum,11531.33,17.4,1738.0,30241.199999999997,38250,31313.19,18.13545098039216
Peru,2010,Sorghum,15590.54,16.97,1738.0,29493.859999999997,29412,28919.92,1.6730586155310818
Peru,2011,Sorghum,15436.91,17.03,1738.0,29598.140000000003,33571,29581.37,11.88415596794853
Peru,2012,Sorghum,18885.82,17.68,1738.0,30727.84,35629,40828.59,-14.5937017598024
Peru,2013,Sorghum,17942.97,17.0,1738.0,29546.0,38171,29109.33,23.739671478347432
Peru,2009,Soybeans,11531.33,17.4,1738.0,30241.199999999997,17214,16269.61,5.4861740443824765
Peru,2010,Soybeans,15590.54,16.97,1738.0,29493.859999999997,17758,15342.9,13.600067575177388
Peru,2011,Soybeans,15436.91,17.03,1738.0,29598.140000000003,18091,15916.69,12.01873859930352
Peru,2012,Soybeans,18885.82,17.68,1738.0,30727.84,18212,16612.5,8.782670766527565
Peru,2013,Soybeans,17942.97,17.0,1738.0,29546.0,17893,15841.51,11.465321634158608
Peru,2009,Sweet potatoes,11531.33,17.4,1738.0,30241.199999999997,164141,157795.32,3.865993261890687
Peru,2010,Sweet potatoes,15590.54,16.97,1738.0,29493.859999999997,167924,139362.88,17.008360925180437
Peru,2011,Sweet potatoes,15436.91,17.03,1738.0,29598.140000000003,180910,138881.72,23.231595821126525
Peru,2012,Sweet potatoes,18885.82,17.68,1738.0,30727.84,174591,145761.82,16.51240900160947
Peru,2013,Sweet potatoes,17942.97,17.0,1738.0,29546.0,183363,140219.77,23.52886351117729
Peru,2009,Wheat,11531.33,17.4,1738.0,30241.199999999997,14315,14555.43,-1.6795668878798484
Peru,2010,Wheat,15590.54,16.97,1738.0,29493.859999999997,14224,16099.02,-13.18208661417323
Peru,2011,Wheat,15436.91,17.03,1738.0,29598.140000000003,14719,16164.42,-9.820096473945242
Peru,2012,Wheat,18885.82,17.68,1738.0,30727.84,14891,16545.74,-11.11234974145458
Peru,2013,Wheat,17942.97,17.0,1738.0,29546.0,14976,16789.08,-12.106570512820525
Poland,2009,Maize,18493.03,8.5,600.0,5100.0,62262,51717.5,16.935691111753556
Poland,2010,Maize,19449.02,7.67,600.0,4602.0,59824,51298.18,14.251504412944637
Poland,2011,Maize,21779.27,8.84,600.0,5304.0,71770,51664.63,28.013612930193677
Poland,2012,Maize,21885.99,8.48,600.0,5088.0,73481,52636.2,28.367605231284283
Poland,2013,Maize,22204.46,9.32,600.0,5592.0,65761,60524.21,7.963367345387084
Poland,2009,Potatoes,18493.03,8.5,600.0,5100.0,191018,173080.83,9.390303531604358
Poland,2010,Potatoes,19449.02,7.67,600.0,4602.0,210838,183084.44,13.163452508561074
Poland,2011,Potatoes,21779.27,8.84,600.0,5304.0,230338,166048.75,27.91083103960267
Poland,2012,Potatoes,21885.99,8.48,600.0,5088.0,243751,178199.02,26.893009669703922
Poland,2013,Potatoes,22204.46,9.32,600.0,5592.0,210624,198379.76,5.813316621087811
Poland,2009,Soybeans,18493.03,8.5,600.0,5100.0,16457,13186.42,19.873488485143103
Poland,2010,Soybeans,19449.02,7.67,600.0,4602.0,13757,13869.73,-0.8194373773351717
Poland,2011,Soybeans,21779.27,8.84,600.0,5304.0,15913,13969.05,12.216112612329546
Poland,2012,Soybeans,21885.99,8.48,600.0,5088.0,17076,13406.02,21.492035605528223
Poland,2009,Wheat,18493.03,8.5,600.0,5100.0,41725,38071.63,8.75582983822649
Poland,2010,Wheat,19449.02,7.67,600.0,4602.0,44290,37897.83,14.43253556107473
Poland,2011,Wheat,21779.27,8.84,600.0,5304.0,41348,37023.57,10.45861952210506
Poland,2012,Wheat,21885.99,8.48,600.0,5088.0,41438,37791.85,8.799049181910327
Poland,2013,Wheat,22204.46,9.32,600.0,5592.0,44367,38670.02,12.840579710144933
Portugal,2009,Maize,13984.91,16.84,854.0,14381.36,66936,52097.77,22.16778713995459
Portugal,2010,Maize,13774.18,16.5,854.0,14091.0,69295,52485.28,24.258200447362725
Portugal,2011,Maize,14024.98,16.91,854.0,14441.14,81040,51946.36,35.90034550839092
Portugal,2012,Maize,12444.24,16.24,854.0,13868.96,83042,54146.52,34.796223597697555
Portugal,2013,Maize,10126.8,16.77,854.0,14321.58,83149,46982.99,43.49542387761729
Portugal,2009,Potatoes,13984.91,16.84,854.0,14381.36,164431,161901.9,1.538091965626923
Portugal,2010,Potatoes,13774.18,16.5,854.0,14091.0,150341,156259.67,-3.936830272513827
Portugal,2011,Potatoes,14024.98,16.91,854.0,14441.14,147088,160873.97,-9.372600076144893
Portugal,2012,Potatoes,12444.24,16.24,854.0,13868.96,177890,156989.92,11.748878520433967
Portugal,2013,Potatoes,10126.8,16.77,854.0,14321.58,182243,159581.51,12.43476567001201
Portugal,2009,"Rice, paddy",13984.91,16.84,854.0,14381.36,56818,60263.54,-6.064169805343378
Portugal,2010,"Rice, paddy",13774.18,16.5,854.0,14091.0,58453,59663.64,-2.0711340735291595
Portugal,2011,"Rice, paddy",14024.98,16.91,854.0,14441.14,58855,60287.84,-2.4345255288420633
Portugal,2012,"Rice, paddy",12444.24,16.24,854.0,13868.96,59995,59858.39,0.22770230852571144
Portugal,2013,"Rice, paddy",10126.8,16.77,854.0,14321.58,59699,59640.25,0.09841035863247291
Portugal,2009,Sweet potatoes,13984.91,16.84,854.0,14381.36,132882,96951.03,27.039757077708042
Portugal,2010,Sweet potatoes,13774.18,16.5,854.0,14091.0,183175,95820.49,47.689100586870474
Portugal,2011,Sweet potatoes,14024.98,16.91,854.0,14441.14,253007,96872.5,61.711533672981375
Portugal,2012,Sweet potatoes,12444.24,16.24,854.0,13868.96,213756,94603.96,55.74207975448642
Portugal,2013,Sweet potatoes,10126.8,16.77,854.0,14321.58,224367,95841.62,57.28354882848191
Portugal,2009,Wheat,13984.91,16.84,854.0,14381.36,17008,18269.14,-7.4149811853245495
Portugal,2010,Wheat,13774.18,16.5,854.0,14091.0,14305,16437.38,-14.906536176162188
Portugal,2011,Wheat,14024.98,16.91,854.0,14441.14,12002,18292.09,-52.40868188635227
Portugal,2012,Wheat,12444.24,16.24,854.0,13868.96,10766,17921.92,-66.4677689020992
Portugal,2013,Wheat,10126.8,16.77,854.0,14321.58,17635,18397.97,-4.32645307626879
Portugal,2009,Yams,13984.91,16.84,854.0,14381.36,163683,164791.79,-0.6774008296524429
Portugal,2010,Yams,13774.18,16.5,854.0,14091.0,165605,159358.46,3.771951329971926
Portugal,2011,Yams,14024.98,16.91,854.0,14441.14,167204,164791.79,1.4426748163919474
Portugal,2012,Yams,12444.24,16.24,854.0,13868.96,165217,118042.69,28.55293946748821
Portugal,2013,Yams,10126.8,16.77,854.0,14321.58,169492,106820.7,36.97596346730229
Qatar,2009,Maize,68.0,28.17,74.0,2084.58,192857,172260.8,10.679519021865948
Qatar,2010,Maize,68.0,28.93,74.0,2140.82,207556,164160.04,20.908073001985002
Qatar,2011,Maize,68.0,28.23,74.0,2089.02,125556,172260.8,-37.1983815986492
Qatar,2012,Maize,68.0,28.54,74.0,2111.96,124894,170654.25,-36.63927010104568
Qatar,2013,Maize,68.0,28.68,74.0,2122.32,124845,164160.04,-31.49108094036606
Qatar,2009,Potatoes,68.0,28.17,74.0,2084.58,110000,95903.21,12.81526363636363
Qatar,2010,Potatoes,68.0,28.93,74.0,2140.82,92000,100085.31,-8.788380434782606
Qatar,2011,Potatoes,68.0,28.23,74.0,2089.02,180000,94936.59,47.25745
Qatar,2012,Potatoes,68.0,28.54,74.0,2111.96,120000,93984.85,21.67929166666666
Qatar,2013,Potatoes,68.0,28.68,74.0,2122.32,109298,93684.85,14.28493659536313
Qatar,2009,Wheat,68.0,28.17,74.0,2084.58,23333,26903.75,-15.303432906184375
Qatar,2010,Wheat,68.0,28.93,74.0,2140.82,22500,27017.91,-20.0796
Qatar,2011,Wheat,68.0,28.23,74.0,2089.02,23636,27133.67,-14.798062277881192
Qatar,2012,Wheat,68.0,28.54,74.0,2111.96,22857,27132.35,-18.70477315483221
Qatar,2013,Wheat,68.0,28.68,74.0,2122.32,22632,27017.91,-19.379241781548252
Romania,2009,Maize,6548.7,12.47,637.0,7943.39,34169,32853.24,3.850741900553139
Romania,2010,Maize,7249.2,11.94,637.0,7605.78,43176,36473.85,15.522859922178991
Romania,2011,Maize,6582.9,11.26,637.0,7172.62,45292,41831.75,7.639870175748477
Romania,2012,Maize,6418.7,12.33,637.0,7854.21,21870,34433.79,-57.447599451303155
Romania,2013,Maize,6947.9,13.94,637.0,8879.779999999999,44941,32530.32,27.61549587236599
Romania,2009,Potatoes,6548.7,12.47,637.0,7943.39,153812,141082.68,8.275895248745226
Romania,2010,Potatoes,7249.2,11.94,637.0,7605.78,132960,142206.42,-6.954287003610118
Romania,2011,Potatoes,6582.9,11.26,637.0,7172.62,164154,140688.09,14.295058298914437
Romania,2012,Potatoes,6418.7,12.33,637.0,7854.21,107623,141070.48,-31.078375440194023
Romania,2013,Potatoes,6947.9,13.94,637.0,8879.779999999999,158462,259251.54,-63.60486425767693
Romania,2009,"Rice, paddy",6548.7,12.47,637.0,7943.39,54262,39643.73,26.940160701780247
Romania,2010,"Rice, paddy",7249.2,11.94,637.0,7605.78,49656,39467.49,20.518185113581445
Romania,2011,"Rice, paddy",6582.9,11.26,637.0,7172.62,51504,41640.84,19.15027958993477
Romania,2012,"Rice, paddy",6418.7,12.33,637.0,7854.21,44995,38175.59,15.155928436492951
Romania,2013,"Rice, paddy",6947.9,13.94,637.0,8879.779999999999,47194,48310.83,-2.3664660761961303
Romania,2009,Sorghum,6548.7,12.47,637.0,7943.39,23758,20469.85,13.840180149844269
Romania,2010,Sorghum,7249.2,11.94,637.0,7605.78,19918,23692.59,-18.950647655387087
Romania,2011,Sorghum,6582.9,11.26,637.0,7172.62,31313,22304.1,28.770478714910748
Romania,2012,Sorghum,6418.7,12.33,637.0,7854.21,19335,19812.98,-2.472097232997153
Romania,2013,Sorghum,6947.9,13.94,637.0,8879.779999999999,23726,23801.65,-0.3188485206103071
Romania,2009,Soybeans,6548.7,12.47,637.0,7943.39,17465,17311.3,0.8800458058975135
Romania,2010,Soybeans,7249.2,11.94,637.0,7605.78,23641,19718.09,16.59367201049025
Romania,2011,Soybeans,6582.9,11.26,637.0,7172.62,19849,20139.03,-1.4611819235225898
Romania,2012,Soybeans,6418.7,12.33,637.0,7854.21,13388,17702.59,-32.22729309829698
Romania,2013,Soybeans,6947.9,13.94,637.0,8879.779999999999,22242,23832.35,-7.150211311932374
Romania,2009,Wheat,6548.7,12.47,637.0,7943.39,24305,30605.49,-25.922608516766104
Romania,2010,Wheat,7249.2,11.94,637.0,7605.78,27000,32579.55,-20.664999999999996
Romania,2011,Wheat,6582.9,11.26,637.0,7172.62,36650,32944.36,10.11088676671214
Romania,2012,Wheat,6418.7,12.33,637.0,7854.21,26593,30649.6,-15.254390253074114
Romania,2013,Wheat,6947.9,13.94,637.0,8879.779999999999,34786,25408.08,26.958891508077958
Rwanda,2009,Cassava,1187.6,19.84,1212.0,24046.079999999998,112077,70229.0,37.33861541618709
Rwanda,2010,Cassava,953.85,20.12,1212.0,24385.440000000002,120430,91419.13,24.089404633396992
Rwanda,2011,Cassava,181.6,19.59,1212.0,23743.079999999998,122765,71859.85,41.4655235612756
Rwanda,2012,Cassava,925.52,19.79,1212.0,23985.48,149026,71533.99,51.99898675398923
Rwanda,2013,Cassava,1841.5,19.93,1212.0,24155.16,157657,76712.65,51.3420590268748
Rwanda,2009,Maize,1187.6,19.84,1212.0,24046.079999999998,19503,18732.21,3.9521612059683173
Rwanda,2010,Maize,953.85,20.12,1212.0,24385.440000000002,23416,16397.86,29.971557909121966
Rwanda,2011,Maize,181.6,19.59,1212.0,23743.079999999998,23529,10638.06,54.78745378044116
Rwanda,2012,Maize,925.52,19.79,1212.0,23985.48,22587,14647.59,35.15035197237349
Rwanda,2013,Maize,1841.5,19.93,1212.0,24155.16,22845,21599.63,5.451389800831687
Rwanda,2009,Potatoes,1187.6,19.84,1212.0,24046.079999999998,102216,146120.09,-42.95226774673241
Rwanda,2010,Potatoes,953.85,20.12,1212.0,24385.440000000002,118679,151618.81,-27.755382165336744
Rwanda,2011,Potatoes,181.6,19.59,1212.0,23743.079999999998,128118,84534.63,34.018147332927455
Rwanda,2012,Potatoes,925.52,19.79,1212.0,23985.48,141869,144171.05,-1.6226589318314701
Rwanda,2013,Potatoes,1841.5,19.93,1212.0,24155.16,136056,155418.15,-14.23101517022402
Rwanda,2009,"Rice, paddy",1187.6,19.84,1212.0,24046.079999999998,56178,36017.64,35.88657481576418
Rwanda,2010,"Rice, paddy",953.85,20.12,1212.0,24385.440000000002,51833,38512.59,25.69870545791292
Rwanda,2011,"Rice, paddy",181.6,19.59,1212.0,23743.079999999998,55195,38226.33,30.743128906603857
Rwanda,2012,"Rice, paddy",925.52,19.79,1212.0,23985.48,57193,37791.65,33.922595422516736
Rwanda,2013,"Rice, paddy",1841.5,19.93,1212.0,24155.16,53362,27796.93,47.90875529402946
Rwanda,2009,Sorghum,1187.6,19.84,1212.0,24046.079999999998,11928,12490.43,-4.715207914151579
Rwanda,2010,Sorghum,953.85,20.12,1212.0,24385.440000000002,12088,11036.27,8.70061217736598
Rwanda,2011,Sorghum,181.6,19.59,1212.0,23743.079999999998,12714,9613.88,24.383514236274976
Rwanda,2012,Sorghum,925.52,19.79,1212.0,23985.48,14277,10785.91,24.452546053092387
Rwanda,2013,Sorghum,1841.5,19.93,1212.0,24155.16,14433,14619.4,-1.2914847917965746
Rwanda,2009,Soybeans,1187.6,19.84,1212.0,24046.079999999998,8215,15148.58,-84.40146074254412
Rwanda,2010,Soybeans,953.85,20.12,1212.0,24385.440000000002,7890,9708.08,-23.042839036755385
Rwanda,2011,Soybeans,181.6,19.59,1212.0,23743.079999999998,7800,6797.4,12.853846153846158
Rwanda,2012,Soybeans,925.52,19.79,1212.0,23985.48,5862,9830.28,-67.69498464687821
Rwanda,2013,Soybeans,1841.5,19.93,1212.0,24155.16,6755,16902.17,-150.21717246484084
Rwanda,2009,Sweet potatoes,1187.6,19.84,1212.0,24046.079999999998,65099,61000.04,6.296502250418593
Rwanda,2010,Sweet potatoes,953.85,20.12,1212.0,24385.440000000002,74877,64461.01,13.910800379288698
Rwanda,2011,Sweet potatoes,181.6,19.59,1212.0,23743.079999999998,80541,58023.88,27.957338498404543
Rwanda,2012,Sweet potatoes,925.52,19.79,1212.0,23985.48,91903,61310.82,33.28746613277042
Rwanda,2013,Sweet potatoes,1841.5,19.93,1212.0,24155.16,96163,60553.75,37.030094734981226
Rwanda,2009,Wheat,1187.6,19.84,1212.0,24046.079999999998,17079,25974.2,-52.082674629662165
Rwanda,2010,Wheat,953.85,20.12,1212.0,24385.440000000002,15631,15307.9,2.0670462542383747
Rwanda,2011,Wheat,181.6,19.59,1212.0,23743.079999999998,20478,10154.42,50.413028616075785
Rwanda,2012,Wheat,925.52,19.79,1212.0,23985.48,21680,14328.94,33.90710332103321
Rwanda,2013,Wheat,1841.5,19.93,1212.0,24155.16,19924,36941.14,-85.41025898413973
Rwanda,2009,Yams,1187.6,19.84,1212.0,24046.079999999998,52001,58340.56,-12.191227091786692
Rwanda,2010,Yams,953.85,20.12,1212.0,24385.440000000002,71523,59579.69,16.69855850565552
Rwanda,2011,Yams,181.6,19.59,1212.0,23743.079999999998,66757,44786.47,32.91120032356157
Rwanda,2012,Yams,925.52,19.79,1212.0,23985.48,77498,58154.2,24.960386074479345
Rwanda,2013,Yams,1841.5,19.93,1212.0,24155.16,154700,58755.09,62.019980607627666
Saudi Arabia,2009,Maize,4528.51,26.805,59.0,1581.495,54742,59509.9,-8.709765810529396
Saudi Arabia,2010,Maize,4684.4,27.335,59.0,1612.765,53096,59528.83,-12.115470091909
Saudi Arabia,2011,Maize,4840.3,26.485,59.0,1562.615,59958,62318.13,-3.936305413789648
Saudi Arabia,2012,Maize,4996.2,26.924999999999997,59.0,1588.5749999999998,60135,61282.58,-1.908339569302406
Saudi Arabia,2013,Maize,5412.5,27.675,59.0,1632.825,61024,62406.54,-2.2655676455165197
Saudi Arabia,2009,Potatoes,4528.51,26.805,59.0,1581.495,251423,239268.97,4.834096323725355
Saudi Arabia,2010,Potatoes,4684.4,27.335,59.0,1612.765,260575,234206.35,10.119408999328407
Saudi Arabia,2011,Potatoes,4840.3,26.485,59.0,1562.615,248330,241512.51,2.7453348367092136
Saudi Arabia,2012,Potatoes,4996.2,26.924999999999997,59.0,1588.5749999999998,253233,235186.75,7.126342143401532
Saudi Arabia,2013,Potatoes,5412.5,27.675,59.0,1632.825,256547,235415.23,8.236997509228324
Saudi Arabia,2009,Sorghum,4528.51,26.805,59.0,1581.495,26312,24777.91,5.830381574946792
Saudi Arabia,2010,Sorghum,4684.4,27.335,59.0,1612.765,25974,26765.12,-3.045815045815042
Saudi Arabia,2011,Sorghum,4840.3,26.485,59.0,1562.615,26372,27653.24,-4.858334597300173
Saudi Arabia,2012,Sorghum,4996.2,26.924999999999997,59.0,1588.5749999999998,26056,27627.36,-6.030703101013205
Saudi Arabia,2013,Sorghum,5412.5,27.675,59.0,1632.825,26199,28914.85,-10.366235352494364
Saudi Arabia,2009,Wheat,4528.51,26.805,59.0,1581.495,58833,55862.96,5.0482552309078255
Saudi Arabia,2010,Wheat,4684.4,27.335,59.0,1612.765,61474,55030.58,10.48153690991313
Saudi Arabia,2011,Wheat,4840.3,26.485,59.0,1562.615,61429,57941.61,5.677106903905321
Saudi Arabia,2012,Wheat,4996.2,26.924999999999997,59.0,1588.5749999999998,59254,56746.16,4.232355621561408
Saudi Arabia,2013,Wheat,5412.5,27.675,59.0,1632.825,64333,55653.58,13.491396328478384
Senegal,2009,Cassava,649.88,25.01,686.0,17156.86,81909,56840.88,30.604841958759117
Senegal,2010,Cassava,695.86,26.1,686.0,17904.600000000002,71902,63935.56,11.079580540179693
Senegal,2011,Cassava,741.85,25.41,686.0,17431.26,74922,62415.69,16.69244013774325
Senegal,2012,Cassava,787.83,25.47,686.0,17472.42,80283,67570.03,15.835195495933139
Senegal,2013,Cassava,722.53,24.7,686.0,16944.2,69978,55739.28,20.347423475949586
Senegal,2009,Maize,649.88,25.01,686.0,17156.86,16300,15363.91,5.742883435582823
Senegal,2010,Maize,695.86,26.1,686.0,17904.600000000002,15384,17181.03,-11.681162246489853
Senegal,2011,Maize,741.85,25.41,686.0,17431.26,11331,17018.08,-50.1904509752008
Senegal,2012,Maize,787.83,25.47,686.0,17472.42,15465,17820.69,-15.23239573229873
Senegal,2013,Maize,722.53,24.7,686.0,16944.2,14428,15629.03,-8.324299972276135
Senegal,2009,Potatoes,649.88,25.01,686.0,17156.86,200000,154327.76,22.836119999999998
Senegal,2010,Potatoes,695.86,26.1,686.0,17904.600000000002,200000,152914.85,23.542574999999996
Senegal,2011,Potatoes,741.85,25.41,686.0,17431.26,215517,172742.25,19.847506229206978
Senegal,2012,Potatoes,787.83,25.47,686.0,17472.42,267857,154604.69,42.280884949805305
Senegal,2013,Potatoes,722.53,24.7,686.0,16944.2,225885,154814.05,31.46333311198177
Senegal,2009,"Rice, paddy",649.88,25.01,686.0,17156.86,36022,28721.2,20.267614235744823
Senegal,2010,"Rice, paddy",695.86,26.1,686.0,17904.600000000002,41033,30201.73,26.39648575536763
Senegal,2011,"Rice, paddy",741.85,25.41,686.0,17431.26,37171,29154.44,21.566705227193246
Senegal,2012,"Rice, paddy",787.83,25.47,686.0,17472.42,39892,30055.82,24.657023964704702
Senegal,2013,"Rice, paddy",722.53,24.7,686.0,16944.2,40181,26526.06,33.98357432617406
Senegal,2009,Sorghum,649.88,25.01,686.0,17156.86,9357,8285.57,11.450571764454422
Senegal,2010,Sorghum,695.86,26.1,686.0,17904.600000000002,9331,8876.52,4.870646232986813
Senegal,2011,Sorghum,741.85,25.41,686.0,17431.26,6389,8303.35,-29.963218030990774
Senegal,2012,Sorghum,787.83,25.47,686.0,17472.42,9602,9245.0,3.717975421787128
Senegal,2013,Sorghum,722.53,24.7,686.0,16944.2,8458,7189.28,15.000236462520695
Senegal,2009,Sweet potatoes,649.88,25.01,686.0,17156.86,400000,244964.43,38.7588925
Senegal,2010,Sweet potatoes,695.86,26.1,686.0,17904.600000000002,333333,231964.24,30.410658410658414
Senegal,2011,Sweet potatoes,741.85,25.41,686.0,17431.26,263979,248211.17,5.973138014766322
Senegal,2012,Sweet potatoes,787.83,25.47,686.0,17472.42,288175,247831.34,13.999708510453718
Senegal,2013,Sweet potatoes,722.53,24.7,686.0,16944.2,352871,244964.43,30.57960841213928
Slovenia,2009,Maize,1162.87,11.06,1162.0,12851.720000000001,78371,74483.8,4.959997958428496
Slovenia,2010,Maize,1134.37,10.0,1162.0,11620.0,85394,73254.89,14.21541326088484
Slovenia,2011,Maize,1121.91,11.02,1162.0,12805.24,86856,73344.48,15.55623100303952
Slovenia,2012,Maize,1016.08,11.12,1162.0,12921.439999999999,70816,71343.01,-0.7441962268413844
Slovenia,2013,Maize,917.49,11.58,1162.0,13455.960000000001,54145,64630.39,-19.365389232616124
Slovenia,2009,Potatoes,1162.87,11.06,1162.0,12851.720000000001,247725,222942.65,10.003976183267739
Slovenia,2010,Potatoes,1134.37,10.0,1162.0,11620.0,245353,204170.64,16.784942511401933
Slovenia,2011,Potatoes,1121.91,11.02,1162.0,12805.24,264228,200810.51,24.001048337042246
Slovenia,2012,Potatoes,1016.08,11.12,1162.0,12921.439999999999,234061,196322.84,16.123215742904627
Slovenia,2013,Potatoes,917.49,11.58,1162.0,13455.960000000001,187950,186750.63,0.6381324820430941
Slovenia,2009,Soybeans,1162.87,11.06,1162.0,12851.720000000001,29242,27525.13,5.871246836741669
Slovenia,2010,Soybeans,1134.37,10.0,1162.0,11620.0,26606,27687.33,-4.064233631511695
Slovenia,2011,Soybeans,1121.91,11.02,1162.0,12805.24,27290,26952.72,1.235910589959688
Slovenia,2012,Soybeans,1016.08,11.12,1162.0,12921.439999999999,24500,26958.36,-10.034122448979595
Slovenia,2013,Soybeans,917.49,11.58,1162.0,13455.960000000001,16655,20814.64,-24.975322725908132
Slovenia,2009,Wheat,1162.87,11.06,1162.0,12851.720000000001,39643,46648.11,-17.670484070327678
Slovenia,2010,Wheat,1134.37,10.0,1162.0,11620.0,48044,46032.13,4.187557239197408
Slovenia,2011,Wheat,1121.91,11.02,1162.0,12805.24,51770,45968.14,11.206992466679546
Slovenia,2012,Wheat,1016.08,11.12,1162.0,12921.439999999999,54376,45639.28,16.067235545093425
Slovenia,2013,Wheat,917.49,11.58,1162.0,13455.960000000001,43528,45754.58,-5.115282117257861
South Africa,2009,Maize,26857.0,17.565,495.0,8694.675000000001,49640,38610.02,22.21994359387591
South Africa,2010,Maize,26857.0,18.2675,495.0,9042.412499999999,46736,34401.83,26.391154570352615
South Africa,2011,Maize,26857.0,17.6125,495.0,8718.1875,43671,38315.56,12.263149458450693
South Africa,2012,Maize,26857.0,18.04,495.0,8929.8,44905,34304.49,23.606524885870176
South Africa,2013,Maize,26857.0,17.3175,495.0,8572.1625,42466,39188.13,7.718810342391566
South Africa,2009,Potatoes,26857.0,17.565,495.0,8694.675000000001,339378,337198.49,0.642207214374535
South Africa,2010,Potatoes,26857.0,18.2675,495.0,9042.412499999999,342609,335075.18,2.1989556608261918
South Africa,2011,Potatoes,26857.0,17.6125,495.0,8718.1875,349826,340797.41,2.580880209018205
South Africa,2012,Potatoes,26857.0,18.04,495.0,8929.8,351066,335282.29,4.495938085716082
South Africa,2013,Potatoes,26857.0,17.3175,495.0,8572.1625,353546,337325.15,4.588045120012665
South Africa,2009,"Rice, paddy",26857.0,17.565,495.0,8694.675000000001,25612,24847.61,2.984499453381225
South Africa,2010,"Rice, paddy",26857.0,18.2675,495.0,9042.412499999999,25885,25811.02,0.28580258837164213
South Africa,2011,"Rice, paddy",26857.0,17.6125,495.0,8718.1875,26151,25336.84,3.113303506558066
South Africa,2012,"Rice, paddy",26857.0,18.04,495.0,8929.8,27273,25125.43,7.874344589887433
South Africa,2013,"Rice, paddy",26857.0,17.3175,495.0,8572.1625,26087,26387.48,-1.1518380802698645
South Africa,2009,Sorghum,26857.0,17.565,495.0,8694.675000000001,32339,32583.44,-0.7558675283713123
South Africa,2010,Sorghum,26857.0,18.2675,495.0,9042.412499999999,22671,28157.53,-24.200652816373335
South Africa,2011,Sorghum,26857.0,17.6125,495.0,8718.1875,22399,31606.32,-41.105942229563816
South Africa,2012,Sorghum,26857.0,18.04,495.0,8929.8,27806,29864.18,-7.40192764151622
South Africa,2013,Sorghum,26857.0,17.3175,495.0,8572.1625,23507,30446.05,-29.519079423150547
South Africa,2009,Soybeans,26857.0,17.565,495.0,8694.675000000001,21703,16578.49,23.611989125927284
South Africa,2010,Soybeans,26857.0,18.2675,495.0,9042.412499999999,18173,15470.91,14.868706322566446
South Africa,2011,Soybeans,26857.0,17.6125,495.0,8718.1875,16986,16626.57,2.1160367361356425
South Africa,2012,Soybeans,26857.0,18.04,495.0,8929.8,13771,14828.79,-7.68128676203617
South Africa,2013,Soybeans,26857.0,17.3175,495.0,8572.1625,15189,16340.36,-7.580222529462115
South Africa,2009,Sweet potatoes,26857.0,17.565,495.0,8694.675000000001,30010,32057.61,-6.823092302565812
South Africa,2010,Sweet potatoes,26857.0,18.2675,495.0,9042.412499999999,30877,33019.6,-6.939145642387532
South Africa,2011,Sweet potatoes,26857.0,17.6125,495.0,8718.1875,30706,32041.05,-4.347847326255453
South Africa,2012,Sweet potatoes,26857.0,18.04,495.0,8929.8,30138,32636.52,-8.290264782002788
South Africa,2013,Sweet potatoes,26857.0,17.3175,495.0,8572.1625,29812,32081.72,-7.613444250637332
South Africa,2009,Wheat,26857.0,17.565,495.0,8694.675000000001,30475,25886.94,15.05515996718622
South Africa,2010,Wheat,26857.0,18.2675,495.0,9042.412499999999,25623,27234.97,-6.291105647270036
South Africa,2011,Wheat,26857.0,17.6125,495.0,8718.1875,33157,25568.13,22.887685858189823
South Africa,2012,Wheat,26857.0,18.04,495.0,8929.8,37476,28297.54,24.491567936812892
South Africa,2013,Wheat,26857.0,17.3175,495.0,8572.1625,36993,26085.19,29.48614602762685
Spain,2009,Maize,35199.0,16.006666666666664,636.0,10180.239999999998,100749,94992.31,5.7138929418654305
Spain,2010,Maize,39043.0,15.116666666666667,636.0,9614.2,105553,93636.11,11.289958598997659
Spain,2011,Maize,53549.0,16.386666666666667,636.0,10421.92,113738,94806.37,16.644947159260763
Spain,2012,Maize,48668.0,15.83,636.0,10067.88,109164,96275.76,11.806309772452462
Spain,2013,Maize,54197.0,15.713333333333333,636.0,9993.68,110445,95872.05,13.19475757164199
Spain,2009,Potatoes,35199.0,16.006666666666664,636.0,10180.239999999998,318545,245182.29,23.030563970553608
Spain,2010,Potatoes,39043.0,15.116666666666667,636.0,9614.2,293910,272968.98,7.124977033785859
Spain,2011,Potatoes,53549.0,16.386666666666667,636.0,10421.92,307406,263774.57,14.193421728918757
Spain,2012,Potatoes,48668.0,15.83,636.0,10067.88,304387,272024.15,10.632139348920939
Spain,2013,Potatoes,54197.0,15.713333333333333,636.0,9993.68,309367,277683.9,10.241266844880021
Spain,2009,"Rice, paddy",35199.0,16.006666666666664,636.0,10180.239999999998,76593,71710.17,6.375034272061418
Spain,2010,"Rice, paddy",39043.0,15.116666666666667,636.0,9614.2,75936,70211.97,7.53796618204804
Spain,2011,"Rice, paddy",53549.0,16.386666666666667,636.0,10421.92,75800,70212.68,7.371134564643808
Spain,2012,"Rice, paddy",48668.0,15.83,636.0,10067.88,79739,71928.94,9.794529652992887
Spain,2013,"Rice, paddy",54197.0,15.713333333333333,636.0,9993.68,77902,71284.81,8.494249184873306
Spain,2009,Sorghum,35199.0,16.006666666666664,636.0,10180.239999999998,43472,39299.83,9.597373021715123
Spain,2010,Sorghum,39043.0,15.116666666666667,636.0,9614.2,51206,36107.57,29.485665742295826
Spain,2011,Sorghum,53549.0,16.386666666666667,636.0,10421.92,43201,37009.43,14.332006203560102
Spain,2012,Sorghum,48668.0,15.83,636.0,10067.88,35584,36746.57,-3.2671144334532367
Spain,2013,Sorghum,54197.0,15.713333333333333,636.0,9993.68,50111,37328.24,25.50889026361478
Spain,2009,Soybeans,35199.0,16.006666666666664,636.0,10180.239999999998,22189,25163.69,-13.406147190049117
Spain,2010,Soybeans,39043.0,15.116666666666667,636.0,9614.2,23655,27770.69,-17.398816317903187
Spain,2011,Soybeans,53549.0,16.386666666666667,636.0,10421.92,24893,26376.91,-5.961153737998633
Spain,2012,Soybeans,48668.0,15.83,636.0,10067.88,27713,28484.55,-2.7840724569696507
Spain,2013,Soybeans,54197.0,15.713333333333333,636.0,9993.68,28000,28680.19,-2.4292499999999952
Spain,2009,Sweet potatoes,35199.0,16.006666666666664,636.0,10180.239999999998,172128,180056.56,-4.606200037181631
Spain,2010,Sweet potatoes,39043.0,15.116666666666667,636.0,9614.2,187394,170238.94,9.154540700342592
Spain,2011,Sweet potatoes,53549.0,16.386666666666667,636.0,10421.92,179410,175236.97,2.3259740259740256
Spain,2012,Sweet potatoes,48668.0,15.83,636.0,10067.88,164267,181538.52,-10.514296845988538
Spain,2013,Sweet potatoes,54197.0,15.713333333333333,636.0,9993.68,161919,173411.38,-7.0976105336618955
Spain,2009,Wheat,35199.0,16.006666666666664,636.0,10180.239999999998,27103,28267.04,-4.294875106076821
Spain,2010,Wheat,39043.0,15.116666666666667,636.0,9614.2,30498,28841.09,5.4328480556102035
Spain,2011,Wheat,53549.0,16.386666666666667,636.0,10421.92,34475,30012.02,12.945554749818708
Spain,2012,Wheat,48668.0,15.83,636.0,10067.88,23718,30175.98,-27.228181128257017
Spain,2013,Wheat,54197.0,15.713333333333333,636.0,9993.68,36447,30676.44,15.832743435673722
Sri Lanka,2009,Cassava,1170.36,26.67,1712.0,45659.04,116401,97500.11,16.23773850740114
Sri Lanka,2010,Cassava,1450.54,26.83,1712.0,45932.96,120631,97242.97,19.38807603352372
Sri Lanka,2011,Cassava,1290.31,26.65,1712.0,45624.799999999996,120967,97513.66,19.38821331437499
Sri Lanka,2012,Cassava,1112.8,26.88,1712.0,46018.56,121660,101173.71,16.838969258589508
Sri Lanka,2013,Cassava,1235.31,27.03,1712.0,46275.36,126527,101431.21,19.83433575442395
Sri Lanka,2009,Maize,1170.36,26.67,1712.0,45659.04,25515,18372.02,27.995218498922203
Sri Lanka,2010,Maize,1450.54,26.83,1712.0,45932.96,28061,16667.89,40.6012259007163
Sri Lanka,2011,Maize,1290.31,26.65,1712.0,45624.799999999996,27262,17933.63,34.21748220966913
Sri Lanka,2012,Maize,1112.8,26.88,1712.0,46018.56,34187,17554.61,48.65121244917658
Sri Lanka,2013,Maize,1235.31,27.03,1712.0,46275.36,30868,17865.95,42.12145263703512
Sri Lanka,2009,Plantains and others,1170.36,26.67,1712.0,45659.04,106511,110371.73,-3.6247242068894256
Sri Lanka,2010,Plantains and others,1450.54,26.83,1712.0,45932.96,109294,111266.11,-1.8044082932274421
Sri Lanka,2011,Plantains and others,1290.31,26.65,1712.0,45624.799999999996,112892,110144.57,2.4336799773234534
Sri Lanka,2012,Plantains and others,1112.8,26.88,1712.0,46018.56,120475,117884.6,2.1501556339489474
Sri Lanka,2013,Plantains and others,1235.31,27.03,1712.0,46275.36,114222,120627.02,-5.6075186916706095
Sri Lanka,2009,Potatoes,1170.36,26.67,1712.0,45659.04,149034,145169.8,2.592831166042656
Sri Lanka,2010,Potatoes,1450.54,26.83,1712.0,45932.96,135234,145692.25,-7.733447210021148
Sri Lanka,2011,Potatoes,1290.31,26.65,1712.0,45624.799999999996,132500,143962.6,-8.651018867924533
Sri Lanka,2012,Potatoes,1112.8,26.88,1712.0,46018.56,155269,145702.25,6.161403757350147
Sri Lanka,2013,Potatoes,1235.31,27.03,1712.0,46275.36,153210,143296.63,6.470445793355522
Sri Lanka,2009,"Rice, paddy",1170.36,26.67,1712.0,45659.04,38748,36218.31,6.528569216475695
Sri Lanka,2010,"Rice, paddy",1450.54,26.83,1712.0,45932.96,40558,36919.58,8.970905863208241
Sri Lanka,2011,"Rice, paddy",1290.31,26.65,1712.0,45624.799999999996,35699,36566.84,-2.430992464774914
Sri Lanka,2012,"Rice, paddy",1112.8,26.88,1712.0,46018.56,36057,36004.04,0.14687855340155623
Sri Lanka,2013,"Rice, paddy",1235.31,27.03,1712.0,46275.36,38897,36064.87,7.2811013702856195
Sri Lanka,2009,Sorghum,1170.36,26.67,1712.0,45659.04,12857,11675.65,9.188379870887458
Sri Lanka,2010,Sorghum,1450.54,26.83,1712.0,45932.96,12500,10838.64,13.290880000000005
Sri Lanka,2011,Sorghum,1290.31,26.65,1712.0,45624.799999999996,12857,11276.44,12.29338103756708
Sri Lanka,2012,Sorghum,1112.8,26.88,1712.0,46018.56,12857,11342.19,11.78198646651629
Sri Lanka,2013,Sorghum,1235.31,27.03,1712.0,46275.36,14227,10672.28,24.98573135587263
Sri Lanka,2009,Soybeans,1170.36,26.67,1712.0,45659.04,22831,18598.18,18.53979238754325
Sri Lanka,2010,Soybeans,1450.54,26.83,1712.0,45932.96,16711,16241.02,2.8123990186104937
Sri Lanka,2011,Soybeans,1290.31,26.65,1712.0,45624.799999999996,15673,17341.85,-10.647929560390471
Sri Lanka,2012,Soybeans,1112.8,26.88,1712.0,46018.56,10987,17013.73,-54.85328115045053
Sri Lanka,2013,Soybeans,1235.31,27.03,1712.0,46275.36,16955,17145.68,-1.124624004718374
Sri Lanka,2009,Sweet potatoes,1170.36,26.67,1712.0,45659.04,78783,74402.26,5.560514324156234
Sri Lanka,2010,Sweet potatoes,1450.54,26.83,1712.0,45932.96,79014,68110.67,13.799238109702081
Sri Lanka,2011,Sweet potatoes,1290.31,26.65,1712.0,45624.799999999996,81641,74371.94,8.903688097891987
Sri Lanka,2012,Sweet potatoes,1112.8,26.88,1712.0,46018.56,78499,68446.65,12.805704531267923
Sri Lanka,2013,Sweet potatoes,1235.31,27.03,1712.0,46275.36,93002,67988.13,26.89605599879572
Sudan,2013,Maize,2469.47,28.744999999999997,1712.0,49211.439999999995,15997,19520.32,-22.024879664937174
Sudan,2012,Potatoes,2469.47,28.19,1712.0,48261.28,166663,148737.27,10.755674624841753
Sudan,2013,Potatoes,2469.47,28.744999999999997,1712.0,49211.439999999995,166669,148943.32,10.635259106372507
Sudan,2012,"Rice, paddy",2469.47,28.19,1712.0,48261.28,31746,40154.85,-26.487903987903984
Sudan,2013,"Rice, paddy",2469.47,28.744999999999997,1712.0,49211.439999999995,33060,39775.95,-20.314428312159702
Sudan,2012,Sorghum,2469.47,28.19,1712.0,48261.28,5481,15711.02,-186.64513774858605
Sudan,2013,Sorghum,2469.47,28.744999999999997,1712.0,49211.439999999995,6390,15967.98,-149.89014084507042
Sudan,2012,Sweet potatoes,2469.47,28.19,1712.0,48261.28,214286,65808.85,69.28924428100763
Sudan,2013,Sweet potatoes,2469.47,28.744999999999997,1712.0,49211.439999999995,213626,135315.04,36.65797234419031
Sudan,2012,Wheat,2469.47,28.19,1712.0,48261.28,17297,8661.27,49.926172168584145
Sudan,2013,Wheat,2469.47,28.744999999999997,1712.0,49211.439999999995,19534,8657.16,55.68158083341865
Sudan,2012,Yams,2469.47,28.19,1712.0,48261.28,19737,119921.87,-507.599280539089
Sudan,2013,Yams,2469.47,28.744999999999997,1712.0,49211.439999999995,21053,119921.87,-469.618914169002
Suriname,2009,Cassava,2191.37,27.45,2331.0,63985.95,276831,229564.92,17.073983766268945
Suriname,2010,Cassava,1286.65,27.7,2331.0,64568.7,252560,212875.98,15.712709851124481
Suriname,2011,Cassava,936.24,27.42,2331.0,63916.020000000004,228356,211857.46,7.224920737795376
Suriname,2012,Cassava,633.92,27.4,2331.0,63869.399999999994,241965,205337.03,15.137714132209204
Suriname,2013,Cassava,537.49,27.17,2331.0,63333.270000000004,298608,204064.68,31.661348657772066
Suriname,2009,Maize,2191.37,27.45,2331.0,63985.95,24000,23302.21,2.907458333333337
Suriname,2010,Maize,1286.65,27.7,2331.0,64568.7,23333,21547.15,7.653752196459942
Suriname,2011,Maize,936.24,27.42,2331.0,63916.020000000004,22857,21084.81,7.753379708623173
Suriname,2012,Maize,633.92,27.4,2331.0,63869.399999999994,26364,20164.79,23.513920497648304
Suriname,2013,Maize,537.49,27.17,2331.0,63333.270000000004,24737,19094.27,22.810890568783602
Suriname,2009,Plantains and others,2191.37,27.45,2331.0,63985.95,341816,271230.41,20.6501714372645
Suriname,2010,Plantains and others,1286.65,27.7,2331.0,64568.7,280227,279036.12,0.4249697566615653
Suriname,2011,Plantains and others,936.24,27.42,2331.0,63916.020000000004,312350,266593.43,14.649133984312474
Suriname,2012,Plantains and others,633.92,27.4,2331.0,63869.399999999994,309336,242809.91,21.506093697468124
Suriname,2013,Plantains and others,537.49,27.17,2331.0,63333.270000000004,307428,248319.59,19.22674902741455
Suriname,2009,"Rice, paddy",2191.37,27.45,2331.0,63985.95,42092,39845.87,5.336239665494624
Suriname,2010,"Rice, paddy",1286.65,27.7,2331.0,64568.7,42329,38618.19,8.76659028089489
Suriname,2011,"Rice, paddy",936.24,27.42,2331.0,63916.020000000004,41331,37520.87,9.218576855145043
Suriname,2012,"Rice, paddy",633.92,27.4,2331.0,63869.399999999994,43622,38654.32,11.388015221677136
Suriname,2013,"Rice, paddy",537.49,27.17,2331.0,63333.270000000004,44965,39203.87,12.812476370510392
Suriname,2009,Soybeans,2191.37,27.45,2331.0,63985.95,13750,10763.09,21.722981818181815
Suriname,2010,Soybeans,1286.65,27.7,2331.0,64568.7,14000,12978.76,7.294571428571427
Suriname,2011,Soybeans,936.24,27.42,2331.0,63916.020000000004,8462,12451.53,-47.146419286220755
Suriname,2012,Soybeans,633.92,27.4,2331.0,63869.399999999994,10000,11771.63,-17.716299999999993
Suriname,2013,Soybeans,537.49,27.17,2331.0,63333.270000000004,10000,11430.02,-14.300200000000004
Suriname,2009,Sweet potatoes,2191.37,27.45,2331.0,63985.95,140000,173711.39,-24.079564285714294
Suriname,2010,Sweet potatoes,1286.65,27.7,2331.0,64568.7,190417,164337.29,13.696103814260278
Suriname,2011,Sweet potatoes,936.24,27.42,2331.0,63916.020000000004,179630,165727.14,7.73972053665868
Suriname,2012,Sweet potatoes,633.92,27.4,2331.0,63869.399999999994,185926,165748.36,10.852511214138966
Suriname,2013,Sweet potatoes,537.49,27.17,2331.0,63333.270000000004,169487,153706.77,9.310584292600618
Sweden,2009,Potatoes,1935.0,7.54,624.0,4704.96,318212,300931.94,5.43036089148115
Sweden,2010,Potatoes,1982.0,6.01,624.0,3750.24,301218,318485.44,-5.732539224083554
Sweden,2011,Potatoes,1781.0,8.18,624.0,5104.32,319681,295219.4,7.651877965847197
Sweden,2012,Potatoes,1814.0,7.21,624.0,4499.04,325809,304274.54,6.6095350343299355
Sweden,2013,Potatoes,1620.0,7.1,624.0,4430.4,337563,313216.13,7.212541066408343
Sweden,2009,Wheat,1935.0,7.54,624.0,4704.96,60776,58850.46,3.1682572067921564
Sweden,2010,Wheat,1982.0,6.01,624.0,3750.24,53966,58462.01,-8.331190008523889
Sweden,2011,Wheat,1781.0,8.18,624.0,5104.32,53786,59441.71,-10.515208418547575
Sweden,2012,Wheat,1814.0,7.21,624.0,4499.04,62379,59109.1,5.241988489716093
Sweden,2013,Wheat,1620.0,7.1,624.0,4430.4,57792,59100.55,-2.2642407253599166
Switzerland,2009,Maize,2170.4,8.15,1537.0,12526.550000000001,104132,97421.25,6.444464717858104
Switzerland,2010,Maize,2059.6,7.06,1537.0,10851.22,84922,97611.97,-14.943088952214975
Switzerland,2011,Maize,2132.14,8.68,1537.0,13341.16,114447,98852.61,13.62586175260164
Switzerland,2012,Maize,2077.9,7.96,1537.0,12234.52,108279,97660.26,9.806832349763116
Switzerland,2013,Maize,2098.5,7.94,1537.0,12203.78,100837,97660.26,3.1503713914535396
Switzerland,2009,Potatoes,2170.4,8.15,1537.0,12526.550000000001,465002,419119.75,9.867108098459791
Switzerland,2010,Potatoes,2059.6,7.06,1537.0,10851.22,386978,427493.65,-10.46975538661113
Switzerland,2011,Potatoes,2132.14,8.68,1537.0,13341.16,457778,414747.54,9.399853203954759
Switzerland,2012,Potatoes,2077.9,7.96,1537.0,12234.52,411034,425940.81,-3.626661054803252
Switzerland,2013,Potatoes,2098.5,7.94,1537.0,12203.78,325935,426390.25,-30.820639084480035
Switzerland,2009,Soybeans,2170.4,8.15,1537.0,12526.550000000001,27076,28445.5,-5.057984931304476
Switzerland,2010,Soybeans,2059.6,7.06,1537.0,10851.22,28298,28322.62,-0.08700261502579328
Switzerland,2011,Soybeans,2132.14,8.68,1537.0,13341.16,29386,29422.19,-0.12315388280132952
Switzerland,2012,Soybeans,2077.9,7.96,1537.0,12234.52,28111,28658.66,-1.9482053288748171
Switzerland,2013,Soybeans,2098.5,7.94,1537.0,12203.78,25252,28658.66,-13.490654205607477
Switzerland,2009,Wheat,2170.4,8.15,1537.0,12526.550000000001,60214,59414.05,1.3285116418108696
Switzerland,2010,Wheat,2059.6,7.06,1537.0,10851.22,57490,61869.23,-7.6173769351191565
Switzerland,2011,Wheat,2132.14,8.68,1537.0,13341.16,62952,59082.41,6.146889693734903
Switzerland,2012,Wheat,2077.9,7.96,1537.0,12234.52,57763,59725.08,-3.396776483215903
Switzerland,2013,Wheat,2098.5,7.94,1537.0,12203.78,53834,59725.08,-10.943047144927002
Tajikistan,2009,Maize,258.1,8.42,691.0,5818.22,98893,68448.85,30.7849392778053
Tajikistan,2010,Maize,262.1,8.98,691.0,6205.18,120521,54267.67,54.97243633889531
Tajikistan,2011,Maize,264.6,8.45,691.0,5838.95,121228,67711.41,44.14540370211502
Tajikistan,2012,Maize,264.6,7.71,691.0,5327.61,125670,70340.44,44.02765974377337
Tajikistan,2013,Maize,264.6,10.1,691.0,6979.099999999999,124827,53971.55,56.76291988111546
Tajikistan,2009,Potatoes,258.1,8.42,691.0,5818.22,231535,211659.83,8.584088798669754
Tajikistan,2010,Potatoes,262.1,8.98,691.0,6205.18,239308,196996.69,17.680691828104365
Tajikistan,2011,Potatoes,264.6,8.45,691.0,5838.95,235049,207367.94,11.776718896910856
Tajikistan,2012,Potatoes,264.6,7.71,691.0,5327.61,237444,190256.32,19.873182729401456
Tajikistan,2013,Potatoes,264.6,10.1,691.0,6979.099999999999,251396,195423.04,22.26485703829814
Tajikistan,2009,"Rice, paddy",258.1,8.42,691.0,5818.22,43558,45711.45,-4.943867946186687
Tajikistan,2010,"Rice, paddy",262.1,8.98,691.0,6205.18,51740,40927.58,20.8976034016235
Tajikistan,2011,"Rice, paddy",264.6,8.45,691.0,5838.95,58186,44711.17,23.15819956690613
Tajikistan,2012,"Rice, paddy",264.6,7.71,691.0,5327.61,62517,44968.65,28.069725034790533
Tajikistan,2013,"Rice, paddy",264.6,10.1,691.0,6979.099999999999,66592,41859.36,37.14055742431523
Tajikistan,2009,Sorghum,258.1,8.42,691.0,5818.22,8889,14337.68,-61.29688378895264
Tajikistan,2010,Sorghum,262.1,8.98,691.0,6205.18,17840,15025.91,15.774047085201795
Tajikistan,2011,Sorghum,264.6,8.45,691.0,5838.95,7981,14337.68,-79.64766320010024
Tajikistan,2012,Sorghum,264.6,7.71,691.0,5327.61,29444,13035.88,55.72653172123354
Tajikistan,2013,Sorghum,264.6,10.1,691.0,6979.099999999999,34000,15166.08,55.39388235294117
Tajikistan,2009,Soybeans,258.1,8.42,691.0,5818.22,2459,393.03,84.01667344448964
Tajikistan,2010,Soybeans,262.1,8.98,691.0,6205.18,2156,751.22,65.15677179962894
Tajikistan,2011,Soybeans,264.6,8.45,691.0,5838.95,2688,393.03,85.37834821428572
Tajikistan,2012,Soybeans,264.6,7.71,691.0,5327.61,4000,429.69,89.25775
Tajikistan,2013,Soybeans,264.6,10.1,691.0,6979.099999999999,3273,839.54,74.3495264283532
Tajikistan,2009,Wheat,258.1,8.42,691.0,5818.22,30343,22285.1,26.556042579837197
Tajikistan,2010,Wheat,262.1,8.98,691.0,6205.18,30159,22924.85,23.986703803176503
Tajikistan,2011,Wheat,264.6,8.45,691.0,5838.95,23359,22358.95,4.281219230275266
Tajikistan,2012,Wheat,264.6,7.71,691.0,5327.61,26758,23639.21,11.655542267733018
Tajikistan,2013,Wheat,264.6,10.1,691.0,6979.099999999999,29735,23189.74,22.01197242307045
Thailand,2009,Cassava,67933.0,27.79,1622.0,45075.38,226781,218562.68,3.623901473227478
Thailand,2010,Cassava,68986.0,28.54,1622.0,46291.88,185730,211884.92,-14.082226888494057
Thailand,2011,Cassava,87191.0,27.56,1622.0,44702.32,192995,205592.77,-6.527511075416456
Thailand,2012,Cassava,69921.0,28.48,1622.0,46194.56,219133,211884.92,3.3076168354378335
Thailand,2013,Cassava,8136.0,28.98,1622.0,47005.56,218232,144706.34,33.69151178562264
Thailand,2009,Maize,67933.0,27.79,1622.0,45075.38,41780,39795.07,4.750909526089039
Thailand,2010,Maize,68986.0,28.54,1622.0,46291.88,41799,38888.53,6.963013469221754
Thailand,2011,Maize,87191.0,27.56,1622.0,44702.32,43297,39241.55,9.366584289904607
Thailand,2012,Maize,69921.0,28.48,1622.0,46194.56,43225,38888.53,10.032319259687682
Thailand,2013,Maize,8136.0,28.98,1622.0,47005.56,42242,23008.94,45.53065669239146
Thailand,2009,Potatoes,67933.0,27.79,1622.0,45075.38,165948,153320.19,7.609498156048882
Thailand,2010,Potatoes,68986.0,28.54,1622.0,46291.88,142016,150870.48,-6.234846777827858
Thailand,2011,Potatoes,87191.0,27.56,1622.0,44702.32,146421,151638.94,-3.5636554865763808
Thailand,2012,Potatoes,69921.0,28.48,1622.0,46194.56,153378,150870.48,1.6348628877674698
Thailand,2013,Potatoes,8136.0,28.98,1622.0,47005.56,150014,146263.71,2.4999600037329905
Thailand,2009,"Rice, paddy",67933.0,27.79,1622.0,45075.38,29079,30271.11,-4.09955638089343
Thailand,2010,"Rice, paddy",68986.0,28.54,1622.0,46291.88,29921,34540.45,-15.438822231877266
Thailand,2011,"Rice, paddy",87191.0,27.56,1622.0,44702.32,31867,30045.39,5.716289578560896
Thailand,2012,"Rice, paddy",69921.0,28.48,1622.0,46194.56,31865,34325.75,-7.722422720853602
Thailand,2013,"Rice, paddy",8136.0,28.98,1622.0,47005.56,31463,36267.51,-15.270349299176816
Thailand,2009,Sorghum,67933.0,27.79,1622.0,45075.38,18930,17528.1,7.405705229793985
Thailand,2010,Sorghum,68986.0,28.54,1622.0,46291.88,19175,17877.08,6.768813559322025
Thailand,2011,Sorghum,87191.0,27.56,1622.0,44702.32,18436,17354.51,5.866185723584301
Thailand,2012,Sorghum,69921.0,28.48,1622.0,46194.56,18814,17812.54,5.322950993940678
Thailand,2013,Sorghum,8136.0,28.98,1622.0,47005.56,19061,16664.16,12.574576360107026
Thailand,2009,Soybeans,67933.0,27.79,1622.0,45075.38,16694,16680.26,0.08230501976759075
Thailand,2010,Soybeans,68986.0,28.54,1622.0,46291.88,17695,16444.09,7.069285108787793
Thailand,2011,Soybeans,87191.0,27.56,1622.0,44702.32,10841,17239.05,-59.01715708882944
Thailand,2012,Soybeans,69921.0,28.48,1622.0,46194.56,12897,16444.09,-27.503217802589752
Thailand,2013,Soybeans,8136.0,28.98,1622.0,47005.56,17308,16489.23,4.73058701178646
Thailand,2009,Wheat,67933.0,27.79,1622.0,45075.38,8473,8410.28,0.7402336834651168
Thailand,2010,Wheat,68986.0,28.54,1622.0,46291.88,8756,8262.76,5.633165829145726
Thailand,2011,Wheat,87191.0,27.56,1622.0,44702.32,9085,8995.69,0.9830489818381893
Thailand,2012,Wheat,69921.0,28.48,1622.0,46194.56,8696,8262.76,4.9820607175712945
Thailand,2013,Wheat,8136.0,28.98,1622.0,47005.56,12500,8233.99,34.12808
Tunisia,2009,Potatoes,422.24,19.64,207.0,4065.48,144321,151076.99,-4.681224492624074
Tunisia,2010,Potatoes,422.24,19.76,207.0,4090.32,155462,151544.0,2.520230024057326
Tunisia,2011,Potatoes,422.24,19.53,207.0,4042.71,148760,150577.38,-1.2216859370798634
Tunisia,2012,Potatoes,422.24,20.12,207.0,4164.84,150215,153113.19,-1.9293612488766116
Tunisia,2013,Potatoes,422.24,20.0,207.0,4140.0,160417,153688.44,4.194418297312628
Tunisia,2009,Sorghum,422.24,19.64,207.0,4065.48,4733,4662.88,1.481512782590321
Tunisia,2010,Sorghum,422.24,19.76,207.0,4090.32,4773,4660.04,2.3666457154829255
Tunisia,2011,Sorghum,422.24,19.53,207.0,4042.71,4810,4611.76,4.121413721413717
Tunisia,2012,Sorghum,422.24,20.12,207.0,4164.84,5106,4640.89,9.109087348217777
Tunisia,2013,Sorghum,422.24,20.0,207.0,4140.0,5106,4640.89,9.109087348217777
Tunisia,2009,Wheat,422.24,19.64,207.0,4065.48,21038,16189.86,23.044681053332063
Tunisia,2010,Wheat,422.24,19.76,207.0,4090.32,18923,15813.66,16.431538339586744
Tunisia,2011,Wheat,422.24,19.53,207.0,4042.71,20791,15983.14,23.124717425809248
Tunisia,2012,Wheat,422.24,20.12,207.0,4164.84,20203,15820.96,21.690046032767416
Tunisia,2013,Wheat,422.24,20.0,207.0,4140.0,14614,15651.53,-7.099562063774467
Turkey,2009,Maize,37651.15,15.536000000000001,593.0,9212.848,71878,71579.64,0.4150922396282598
Turkey,2010,Maize,38554.69,16.592000000000002,593.0,9839.056,72614,69929.07,3.6975376649130927
Turkey,2011,Maize,39534.43,14.52,593.0,8610.36,71707,66256.92,7.600485308268372
Turkey,2012,Maize,42610.59,15.518,593.0,9202.174,73884,71508.43,3.2152698825185517
Turkey,2013,Maize,39440.0,16.558,593.0,9818.894,89499,69620.93,22.210382238907705
Turkey,2009,Potatoes,37651.15,15.536000000000001,593.0,9212.848,305986,280982.82,8.171347708718697
Turkey,2010,Potatoes,38554.69,16.592000000000002,593.0,9839.056,323303,296700.48,8.22835544365503
Turkey,2011,Potatoes,39534.43,14.52,593.0,8610.36,324041,268521.46,17.133492366706676
Turkey,2012,Potatoes,42610.59,15.518,593.0,9202.174,280384,278678.96,0.608108879251305
Turkey,2013,Potatoes,39440.0,16.558,593.0,9818.894,315329,296969.55,5.822315740068313
Turkey,2009,"Rice, paddy",37651.15,15.536000000000001,593.0,9212.848,77765,73657.19,5.2823378126406455
Turkey,2010,"Rice, paddy",38554.69,16.592000000000002,593.0,9839.056,86899,72578.9,16.479015868997347
Turkey,2011,"Rice, paddy",39534.43,14.52,593.0,8610.36,90559,67126.61,25.87527468280347
Turkey,2012,"Rice, paddy",42610.59,15.518,593.0,9202.174,73539,72283.24,1.7076109275350422
Turkey,2013,"Rice, paddy",39440.0,16.558,593.0,9818.894,81380,71612.54,12.002285573851076
Turkey,2009,Sorghum,37651.15,15.536000000000001,593.0,9212.848,51316,30039.32,41.46207810429496
Turkey,2010,Sorghum,38554.69,16.592000000000002,593.0,9839.056,70968,33666.5,52.56101341449667
Turkey,2011,Sorghum,39534.43,14.52,593.0,8610.36,69231,27978.47,59.58678915514726
Turkey,2012,Sorghum,42610.59,15.518,593.0,9202.174,76000,31823.04,58.12757894736842
Turkey,2013,Sorghum,39440.0,16.558,593.0,9818.894,26544,33539.18,-26.353149487643158
Turkey,2009,Soybeans,37651.15,15.536000000000001,593.0,9212.848,36570,35470.9,3.005468963631388
Turkey,2010,Soybeans,38554.69,16.592000000000002,593.0,9839.056,36869,30873.93,16.260462719357722
Turkey,2011,Soybeans,39534.43,14.52,593.0,8610.36,38704,27127.05,29.911507854485325
Turkey,2012,Soybeans,42610.59,15.518,593.0,9202.174,36394,35297.81,3.012007473759417
Turkey,2013,Soybeans,39440.0,16.558,593.0,9818.894,41609,30902.85,25.730370833233195
Turkey,2009,Wheat,37651.15,15.536000000000001,593.0,9212.848,25667,24106.71,6.078973000350648
Turkey,2010,Wheat,38554.69,16.592000000000002,593.0,9839.056,24400,25308.67,-3.7240573770491734
Turkey,2011,Wheat,39534.43,14.52,593.0,8610.36,27038,25142.73,7.009653080849176
Turkey,2012,Wheat,42610.59,15.518,593.0,9202.174,26723,24802.86,7.1853459566665405
Turkey,2013,Wheat,39440.0,16.558,593.0,9818.894,28451,25979.66,8.686302766159363
Uganda,2009,Cassava,88.0,24.18,1180.0,28532.4,71829,121800.45,-69.57002046527168
Uganda,2010,Cassava,88.0,24.14,1180.0,28485.2,61120,120356.36,-96.91812827225131
Uganda,2011,Cassava,88.0,23.89,1180.0,28190.2,48728,117308.96,-140.7424068297488
Uganda,2012,Cassava,88.0,24.03,1180.0,28355.4,32973,119759.89,-263.2059260607163
Uganda,2013,Cassava,88.0,24.13,1180.0,28473.399999999998,35006,119857.29,-242.3907044506656
Uganda,2009,Maize,88.0,24.18,1180.0,28532.4,24996,19023.23,23.894903184509523
Uganda,2010,Maize,88.0,24.14,1180.0,28485.2,22999,18877.17,17.921779207791648
Uganda,2011,Maize,88.0,23.89,1180.0,28190.2,23999,19148.5,20.211258802450104
Uganda,2012,Maize,88.0,24.03,1180.0,28355.4,24996,18890.17,24.427228356537054
Uganda,2013,Maize,88.0,24.13,1180.0,28473.399999999998,24949,18920.05,24.165096797466834
Uganda,2009,Plantains and others,88.0,24.18,1180.0,28532.4,48004,50155.97,-4.482897258561789
Uganda,2010,Plantains and others,88.0,24.14,1180.0,28485.2,48000,50276.03,-4.741729166666665
Uganda,2011,Plantains and others,88.0,23.89,1180.0,28190.2,48000,50375.85,-4.949687499999997
Uganda,2012,Plantains and others,88.0,24.03,1180.0,28355.4,45999,50275.37,-9.296658623013549
Uganda,2013,Plantains and others,88.0,24.13,1180.0,28473.399999999998,45000,50276.03,-11.72451111111111
Uganda,2009,Potatoes,88.0,24.18,1180.0,28532.4,46286,59886.02,-29.382577885321687
Uganda,2010,Potatoes,88.0,24.14,1180.0,28485.2,47714,59765.94,-25.258708135976864
Uganda,2011,Potatoes,88.0,23.89,1180.0,28190.2,49920,57871.61,-15.92870592948718
Uganda,2012,Potatoes,88.0,24.03,1180.0,28355.4,49440,57979.58,-17.272613268608417
Uganda,2013,Potatoes,88.0,24.13,1180.0,28473.399999999998,45013,59604.23,-32.415591051474024
Uganda,2009,"Rice, paddy",88.0,24.18,1180.0,28532.4,23926,14452.83,39.593622001170274
Uganda,2010,"Rice, paddy",88.0,24.14,1180.0,28485.2,25070,13866.74,44.687913841244516
Uganda,2011,"Rice, paddy",88.0,23.89,1180.0,28190.2,25889,13995.38,45.94082428830778
Uganda,2012,"Rice, paddy",88.0,24.03,1180.0,28355.4,23043,13794.93,40.13396693138914
Uganda,2013,"Rice, paddy",88.0,24.13,1180.0,28473.399999999998,23011,13789.93,40.072443613923774
Uganda,2009,Sorghum,88.0,24.18,1180.0,28532.4,11009,12305.68,-11.778363157416662
Uganda,2010,Sorghum,88.0,24.14,1180.0,28485.2,11008,11908.48,-8.180232558139531
Uganda,2011,Sorghum,88.0,23.89,1180.0,28190.2,12005,12244.11,-1.9917534360683098
Uganda,2012,Sorghum,88.0,24.03,1180.0,28355.4,9008,11893.62,-32.03396980461813
Uganda,2013,Sorghum,88.0,24.13,1180.0,28473.399999999998,8016,11902.86,-48.48877245508983
Uganda,2009,Soybeans,88.0,24.18,1180.0,28532.4,6000,9078.03,-51.300500000000014
Uganda,2010,Soybeans,88.0,24.14,1180.0,28485.2,6000,9079.65,-51.32749999999999
Uganda,2011,Soybeans,88.0,23.89,1180.0,28190.2,7000,9208.86,-31.555142857142865
Uganda,2012,Soybeans,88.0,24.03,1180.0,28355.4,5001,9058.11,-81.12597480503901
Uganda,2013,Soybeans,88.0,24.13,1180.0,28473.399999999998,5000,9091.31,-81.8262
Uganda,2009,Sweet potatoes,88.0,24.18,1180.0,28532.4,41965,43102.17,-2.7098057905397313
Uganda,2010,Sweet potatoes,88.0,24.14,1180.0,28485.2,44955,42432.05,5.612167723278827
Uganda,2011,Sweet potatoes,88.0,23.89,1180.0,28190.2,40000,43453.72,-8.634300000000003
Uganda,2012,Sweet potatoes,88.0,24.03,1180.0,28355.4,40978,42155.76,-2.8741275806530386
Uganda,2013,Sweet potatoes,88.0,24.13,1180.0,28473.399999999998,40059,42428.18,-5.914226515889064
Uganda,2009,Wheat,88.0,24.18,1180.0,28532.4,16667,16845.17,-1.068998620027589
Uganda,2010,Wheat,88.0,24.14,1180.0,28485.2,16667,16882.28,-1.2916541669166548
Uganda,2011,Wheat,88.0,23.89,1180.0,28190.2,17692,17609.61,0.46569070766447784
Uganda,2012,Wheat,88.0,24.03,1180.0,28355.4,14286,17011.94,-19.08119837603247
Uganda,2013,Wheat,88.0,24.13,1180.0,28473.399999999998,14286,17005.88,-19.03877922441552
Ukraine,2009,Maize,36444.7,8.82,565.0,4983.3,50195,39519.57,21.26791513098914
Ukraine,2010,Maize,62534.6,8.97,565.0,5068.05,45147,40764.17,9.707909717146215
Ukraine,2011,Maize,79491.7,8.48,565.0,4791.2,64446,39829.7,38.19678490519195
Ukraine,2012,Maize,90814.8,8.56,565.0,4836.400000000001,47946,39819.48,16.949317982730566
Ukraine,2013,Maize,86781.8,10.33,565.0,5836.45,64119,43986.01,31.39941359035543
Ukraine,2009,Potatoes,36444.7,8.82,565.0,4983.3,139298,136411.46,2.072204913207661
Ukraine,2010,Potatoes,62534.6,8.97,565.0,5068.05,132481,137513.95,-3.7989975921075567
Ukraine,2011,Potatoes,79491.7,8.48,565.0,4791.2,168039,133691.81,20.440010949839028
Ukraine,2012,Potatoes,90814.8,8.56,565.0,4836.400000000001,161001,134215.9,16.636604741585458
Ukraine,2013,Potatoes,86781.8,10.33,565.0,5836.45,159664,143317.67,10.237955957510765
Ukraine,2009,"Rice, paddy",36444.7,8.82,565.0,4983.3,58327,46202.72,20.786736845714675
Ukraine,2010,"Rice, paddy",62534.6,8.97,565.0,5068.05,50512,46679.8,7.58671206841938
Ukraine,2011,"Rice, paddy",79491.7,8.48,565.0,4791.2,57399,45809.99,20.190264638756776
Ukraine,2012,"Rice, paddy",90814.8,8.56,565.0,4836.400000000001,61938,46257.84,25.315896541702998
Ukraine,2013,"Rice, paddy",86781.8,10.33,565.0,5836.45,59938,48852.36,18.49517835096266
Ukraine,2009,Sorghum,36444.7,8.82,565.0,4983.3,21276,18598.89,12.582769317540892
Ukraine,2010,Sorghum,62534.6,8.97,565.0,5068.05,21394,20149.7,5.8161166682247325
Ukraine,2011,Sorghum,79491.7,8.48,565.0,4791.2,26372,19543.28,25.89382678598514
Ukraine,2012,Sorghum,90814.8,8.56,565.0,4836.400000000001,15230,19523.18,-28.18896913985555
Ukraine,2013,Sorghum,86781.8,10.33,565.0,5836.45,27409,22122.71,19.286694151556063
Ukraine,2009,Soybeans,36444.7,8.82,565.0,4983.3,16763,13178.31,21.384537373978407
Ukraine,2010,Soybeans,62534.6,8.97,565.0,5068.05,16207,13073.57,19.333806379959277
Ukraine,2011,Soybeans,79491.7,8.48,565.0,4791.2,20394,13322.37,34.675051485731096
Ukraine,2012,Soybeans,90814.8,8.56,565.0,4836.400000000001,17065,13463.72,21.103310870202172
Ukraine,2013,Soybeans,86781.8,10.33,565.0,5836.45,20535,13576.15,33.88775261748235
Ukraine,2009,Wheat,36444.7,8.82,565.0,4983.3,30930,28206.96,8.803879728419012
Ukraine,2010,Wheat,62534.6,8.97,565.0,5068.05,26816,33193.84,-23.783711217183757
Ukraine,2011,Wheat,79491.7,8.48,565.0,4791.2,33533,32302.57,3.6693108281394458
Ukraine,2012,Wheat,90814.8,8.56,565.0,4836.400000000001,27999,32418.79,-15.78552805457338
Ukraine,2013,Wheat,86781.8,10.33,565.0,5836.45,33931,32361.85,4.624532138752178
United Kingdom,2009,Potatoes,21324.22,9.709999999999999,1220.0,11846.199999999999,444167,413282.68,6.9533126053939185
United Kingdom,2010,Potatoes,16770.87,8.562000000000001,1220.0,10445.640000000001,438841,413107.13,5.864053267584386
United Kingdom,2011,Potatoes,16401.66,10.244,1220.0,12497.68,432192,420572.18,2.6885782244928196
United Kingdom,2012,Potatoes,17718.64,9.290000000000001,1220.0,11333.800000000001,305570,414301.35,-35.583123343260134
United Kingdom,2013,Potatoes,17673.46,9.24,1220.0,11272.800000000001,408993,414097.36,-1.2480311398972563
United Kingdom,2009,Wheat,21324.22,9.709999999999999,1220.0,11846.199999999999,79284,78294.46,1.2480954543161213
United Kingdom,2010,Wheat,16770.87,8.562000000000001,1220.0,10445.640000000001,76746,75639.85,1.4413129023010895
United Kingdom,2011,Wheat,16401.66,10.244,1220.0,12497.68,77471,74840.94,3.394896154690139
United Kingdom,2012,Wheat,17718.64,9.290000000000001,1220.0,11333.800000000001,66571,74708.04,-12.223100148713394
United Kingdom,2013,Wheat,17673.46,9.24,1220.0,11272.800000000001,73838,74708.04,-1.178309271648736
Uruguay,2009,Maize,13475.41,16.96,1300.0,22048.0,30834,39167.31,-27.02636699747032
Uruguay,2010,Maize,14981.18,17.11,1300.0,22243.0,55115,42968.83,22.0378662795972
Uruguay,2011,Maize,17517.76,16.9,1300.0,21969.999999999996,35377,40529.84,-14.565508663821117
Uruguay,2012,Maize,23506.4,17.53,1300.0,22789.0,42615,43612.82,-2.3414760061011375
Uruguay,2013,Maize,19028.6,15.92,1300.0,20696.0,56309,55584.95,1.285851284874537
Uruguay,2009,Potatoes,13475.41,16.96,1300.0,22048.0,161006,167808.51,-4.225004037116635
Uruguay,2010,Potatoes,14981.18,17.11,1300.0,22243.0,200915,171939.03,14.422004330189383
Uruguay,2011,Potatoes,17517.76,16.9,1300.0,21969.999999999996,177610,167673.31,5.594668093012782
Uruguay,2012,Potatoes,23506.4,17.53,1300.0,22789.0,219891,166263.97,24.38800587563838
Uruguay,2013,Potatoes,19028.6,15.92,1300.0,20696.0,224434,232065.98,-3.4005453719133514
Uruguay,2009,"Rice, paddy",13475.41,16.96,1300.0,22048.0,80100,71438.65,10.813171036204752
Uruguay,2010,"Rice, paddy",14981.18,17.11,1300.0,22243.0,70954,74508.65,-5.009795078501556
Uruguay,2011,"Rice, paddy",17517.76,16.9,1300.0,21969.999999999996,83827,69992.76,16.503322318584708
Uruguay,2012,"Rice, paddy",23506.4,17.53,1300.0,22789.0,78513,74380.63,5.263293976793646
Uruguay,2013,"Rice, paddy",19028.6,15.92,1300.0,20696.0,78812,70591.72,10.43023904989088
Uruguay,2009,Sorghum,13475.41,16.96,1300.0,22048.0,47606,35028.54,26.419905053984788
Uruguay,2010,Sorghum,14981.18,17.11,1300.0,22243.0,39093,39838.85,-1.9078863223594982
Uruguay,2011,Sorghum,17517.76,16.9,1300.0,21969.999999999996,39299,34896.3,11.203084047940145
Uruguay,2012,Sorghum,23506.4,17.53,1300.0,22789.0,42273,39831.9,5.774607905755444
Uruguay,2013,Sorghum,19028.6,15.92,1300.0,20696.0,42653,44227.16,-3.690619651607164
Uruguay,2009,Soybeans,13475.41,16.96,1300.0,22048.0,17802,18067.71,-1.4925851027974335
Uruguay,2010,Soybeans,14981.18,17.11,1300.0,22243.0,21124,19614.59,7.145474341980684
Uruguay,2011,Soybeans,17517.76,16.9,1300.0,21969.999999999996,17875,17978.3,-0.5779020979020938
Uruguay,2012,Soybeans,23506.4,17.53,1300.0,22789.0,23902,18334.95,23.291147184336037
Uruguay,2013,Soybeans,19028.6,15.92,1300.0,20696.0,26333,22159.68,15.84825124368663
Uruguay,2009,Sweet potatoes,13475.41,16.96,1300.0,22048.0,94737,96021.44,-1.3557955181185835
Uruguay,2010,Sweet potatoes,14981.18,17.11,1300.0,22243.0,94156,90535.52,3.84519308381834
Uruguay,2011,Sweet potatoes,17517.76,16.9,1300.0,21969.999999999996,94872,87683.79,7.576745509739445
Uruguay,2012,Sweet potatoes,23506.4,17.53,1300.0,22789.0,94375,101012.34,-7.032943046357612
Uruguay,2013,Sweet potatoes,19028.6,15.92,1300.0,20696.0,93902,86486.32,7.897254584566882
Uruguay,2009,Wheat,13475.41,16.96,1300.0,22048.0,33583,27934.39,16.81984932852932
Uruguay,2010,Wheat,14981.18,17.11,1300.0,22243.0,32196,28419.73,11.729003602932043
Uruguay,2011,Wheat,17517.76,16.9,1300.0,21969.999999999996,33979,27418.22,19.308337502575114
Uruguay,2012,Wheat,23506.4,17.53,1300.0,22789.0,21822,26475.79,-21.326138759050504
Uruguay,2013,Wheat,19028.6,15.92,1300.0,20696.0,33177,28562.81,13.907797570606139
Zambia,2009,Cassava,1670.0,20.76,1020.0,21175.2,58043,58522.1,-0.8254225315714186
Zambia,2010,Cassava,1670.0,21.34,1020.0,21766.8,57968,58087.69,-0.2064759867513151
Zambia,2011,Cassava,1670.0,20.88,1020.0,21297.6,57754,58683.93,-1.6101568722512731
Zambia,2012,Cassava,1670.0,20.8,1020.0,21216.0,58188,58733.16,-0.9368942049907257
Zambia,2013,Cassava,1670.0,20.14,1020.0,20542.8,58248,64119.43,-10.080054250789727
Zambia,2009,Maize,1670.0,20.76,1020.0,21175.2,20692,21601.0,-4.393002126425672
Zambia,2010,Maize,1670.0,21.34,1020.0,21766.8,25871,19249.74,25.593367090564715
Zambia,2011,Maize,1670.0,20.88,1020.0,21297.6,27414,22262.72,18.79069088786751
Zambia,2012,Maize,1670.0,20.8,1020.0,21216.0,26545,22084.21,16.804633640987007
Zambia,2013,Maize,1670.0,20.14,1020.0,20542.8,25382,24116.71,4.984989362540387
Zambia,2009,Potatoes,1670.0,20.76,1020.0,21175.2,172628,123093.4,28.69441805500846
Zambia,2010,Potatoes,1670.0,21.34,1020.0,21766.8,162228,131041.72,19.2237344971275
Zambia,2011,Potatoes,1670.0,20.88,1020.0,21297.6,156005,129023.23,17.29545206884395
Zambia,2012,Potatoes,1670.0,20.8,1020.0,21216.0,155862,127936.08,17.917080494283404
Zambia,2013,Potatoes,1670.0,20.14,1020.0,20542.8,158337,118654.51,25.062044878960698
Zambia,2009,"Rice, paddy",1670.0,20.76,1020.0,21175.2,16390,14102.65,13.95576571079927
Zambia,2010,"Rice, paddy",1670.0,21.34,1020.0,21766.8,16778,12470.11,25.675825485755148
Zambia,2011,"Rice, paddy",1670.0,20.88,1020.0,21297.6,17974,13944.34,22.419383554022478
Zambia,2012,"Rice, paddy",1670.0,20.8,1020.0,21216.0,17255,14327.02,16.968878585917125
Zambia,2013,"Rice, paddy",1670.0,20.14,1020.0,20542.8,11617,13893.87,-19.599466299388833
Zambia,2009,Sorghum,1670.0,20.76,1020.0,21175.2,6777,5076.71,25.089124981555262
Zambia,2010,Sorghum,1670.0,21.34,1020.0,21766.8,9593,6443.14,32.83498384238507
Zambia,2011,Sorghum,1670.0,20.88,1020.0,21297.6,8223,5816.68,29.263285905387328
Zambia,2012,Sorghum,1670.0,20.8,1020.0,21216.0,9787,5427.11,44.54776744661286
Zambia,2013,Sorghum,1670.0,20.14,1020.0,20542.8,6478,9179.78,-41.70700833590615
Zambia,2009,Soybeans,1670.0,20.76,1020.0,21175.2,18893,16833.21,10.902397713438845
Zambia,2010,Soybeans,1670.0,21.34,1020.0,21766.8,18409,14580.91,20.79466565266989
Zambia,2011,Soybeans,1670.0,20.88,1020.0,21297.6,19427,16559.69,14.759407010861178
Zambia,2012,Soybeans,1670.0,20.8,1020.0,21216.0,23941,16349.43,31.709494173175724
Zambia,2013,Soybeans,1670.0,20.14,1020.0,20542.8,20909,19571.16,6.398393036491464
Zambia,2009,Sweet potatoes,1670.0,20.76,1020.0,21175.2,33057,35170.78,-6.394349154490725
Zambia,2010,Sweet potatoes,1670.0,21.34,1020.0,21766.8,36651,30850.96,15.82505252244141
Zambia,2011,Sweet potatoes,1670.0,20.88,1020.0,21297.6,33930,30806.4,9.206012378426168
Zambia,2012,Sweet potatoes,1670.0,20.8,1020.0,21216.0,39181,34879.96,10.977361476225724
Zambia,2013,Sweet potatoes,1670.0,20.14,1020.0,20542.8,38873,29850.33,23.21063463072055
Zambia,2009,Wheat,1670.0,20.76,1020.0,21175.2,56991,79785.1,-39.995964275060985
Zambia,2010,Wheat,1670.0,21.34,1020.0,21766.8,63118,74205.26,-17.565924142083077
Zambia,2011,Wheat,1670.0,20.88,1020.0,21297.6,63068,79761.18,-26.46854189129193
Zambia,2012,Wheat,1670.0,20.8,1020.0,21216.0,68135,79439.36,-16.591120569457697
Zambia,2013,Wheat,1670.0,20.14,1020.0,20542.8,65435,78745.91,-20.34218690303355
Zimbabwe,2009,Cassava,3269.99,20.52,657.0,13481.64,44708,46252.85,-3.4554218484387547
Zimbabwe,2010,Cassava,3305.17,21.17,657.0,13908.69,45152,45259.23,-0.2374867115520978
Zimbabwe,2011,Cassava,3340.35,20.78,657.0,13652.460000000001,45589,47563.45,-4.330978964223819
Zimbabwe,2012,Cassava,3375.53,20.52,657.0,13481.64,47010,50130.23,-6.637375026590093
Zimbabwe,2013,Cassava,2550.07,19.76,657.0,12982.320000000002,46000,53030.05,-15.282717391304354
Zimbabwe,2009,Maize,3269.99,20.52,657.0,13481.64,4642,8125.49,-75.04286945282206
Zimbabwe,2010,Maize,3305.17,21.17,657.0,13908.69,8751,8061.59,7.878071077591131
Zimbabwe,2011,Maize,3340.35,20.78,657.0,13652.460000000001,6568,7867.03,-19.77816686967113
Zimbabwe,2012,Maize,3375.53,20.52,657.0,13481.64,7912,8125.49,-2.698306370070776
Zimbabwe,2013,Maize,2550.07,19.76,657.0,12982.320000000002,7449,19118.62,-156.6602228487045
Zimbabwe,2009,Potatoes,3269.99,20.52,657.0,13481.64,166136,167534.77,-0.8419427457023099
Zimbabwe,2010,Potatoes,3305.17,21.17,657.0,13908.69,166825,162547.76,2.5639082871272234
Zimbabwe,2011,Potatoes,3340.35,20.78,657.0,13652.460000000001,167336,162799.37,2.7110902615097796
Zimbabwe,2012,Potatoes,3375.53,20.52,657.0,13481.64,171875,167534.77,2.5252247272727333
Zimbabwe,2013,Potatoes,2550.07,19.76,657.0,12982.320000000002,165714,176955.74,-6.783820316931576
Zimbabwe,2009,"Rice, paddy",3269.99,20.52,657.0,13481.64,22857,23250.79,-1.7228420177626147
Zimbabwe,2010,"Rice, paddy",3305.17,21.17,657.0,13908.69,22775,23262.62,-2.1410318331503797
Zimbabwe,2011,"Rice, paddy",3340.35,20.78,657.0,13652.460000000001,22704,23507.12,-3.537350246652568
Zimbabwe,2012,"Rice, paddy",3375.53,20.52,657.0,13481.64,22581,23620.98,-4.605553341304635
Zimbabwe,2013,"Rice, paddy",2550.07,19.76,657.0,12982.320000000002,22581,22367.3,0.946370842743903
Zimbabwe,2009,Sorghum,3269.99,20.52,657.0,13481.64,3230,3436.88,-6.404953560371521
Zimbabwe,2010,Sorghum,3305.17,21.17,657.0,13908.69,2702,3246.4,-20.148038490007405
Zimbabwe,2011,Sorghum,3340.35,20.78,657.0,13652.460000000001,2267,3667.35,-61.771063078958974
Zimbabwe,2012,Sorghum,3375.53,20.52,657.0,13481.64,2046,3734.6,-82.53176930596285
Zimbabwe,2013,Sorghum,2550.07,19.76,657.0,12982.320000000002,3066,7977.44,-160.19047619047618
Zimbabwe,2009,Soybeans,3269.99,20.52,657.0,13481.64,15000,16214.56,-8.097066666666663
Zimbabwe,2010,Soybeans,3305.17,21.17,657.0,13908.69,13557,15765.77,-16.292468835288044
Zimbabwe,2011,Soybeans,3340.35,20.78,657.0,13652.460000000001,12054,15996.85,-32.70988883358222
Zimbabwe,2012,Soybeans,3375.53,20.52,657.0,13481.64,15300,16214.56,-5.977516339869278
Zimbabwe,2013,Soybeans,2550.07,19.76,657.0,12982.320000000002,13142,18770.58,-42.82894536600214
Zimbabwe,2009,Sweet potatoes,3269.99,20.52,657.0,13481.64,21854,27157.71,-24.268829504896125
Zimbabwe,2010,Sweet potatoes,3305.17,21.17,657.0,13908.69,21905,24597.69,-12.29258160237388
Zimbabwe,2011,Sweet potatoes,3340.35,20.78,657.0,13652.460000000001,21953,23112.04,-5.279642873411383
Zimbabwe,2012,Sweet potatoes,3375.53,20.52,657.0,13481.64,22222,27158.24,-22.213302133021337
Zimbabwe,2013,Sweet potatoes,2550.07,19.76,657.0,12982.320000000002,22222,26599.93,-19.700882008820088
Zimbabwe,2009,Wheat,3269.99,20.52,657.0,13481.64,30000,35379.12,-17.930400000000006
Zimbabwe,2010,Wheat,3305.17,21.17,657.0,13908.69,27681,40474.57,-46.217875076767456
Zimbabwe,2011,Wheat,3340.35,20.78,657.0,13652.460000000001,26274,35247.54,-34.15368805663394
Zimbabwe,2012,Wheat,3375.53,20.52,657.0,13481.64,24420,35379.12,-44.87764127764129
Zimbabwe,2013,Wheat,2550.07,19.76,657.0,12982.320000000002,22888,38433.26,-67.91882209017827
